SET FOREIGN_KEY_CHECKS=0;

/*Table structure for table `hms_acc_transactions` */

DROP TABLE IF EXISTS `hms_acc_transactions`;

CREATE TABLE `hms_acc_transactions` (
  `ID` int(10) unsigned NOT NULL AUTO_INCREMENT,
  `AccountID` int(10) NOT NULL,
  `TypeID` tinyint(1) NOT NULL,
  `Description` text COLLATE utf8_bin,
  `Amount` decimal(10,0) NOT NULL,
  `Dated` datetime NOT NULL,
  `TransactedBy` int(10) NOT NULL,
  PRIMARY KEY (`ID`)
) ENGINE=InnoDB AUTO_INCREMENT=143 DEFAULT CHARSET=utf8 COLLATE=utf8_bin;

/*Data for the table `hms_acc_transactions` */

insert  into `hms_acc_transactions`(`ID`,`AccountID`,`TypeID`,`Description`,`Amount`,`Dated`,`TransactedBy`) values (1,2,1,'Advance Amount Submitted by Patient 9','25000','2015-10-13 12:13:22',1),(2,3,1,'Advance Amount Submitted by Patient 10','12000','2015-10-13 12:14:01',1),(3,4,1,'Advance Amount Submitted by Patient 16','25000','2015-10-13 13:45:27',1),(4,5,1,'Advance Amount Submitted by Patient 12','22558855','2015-10-14 09:13:02',1),(5,6,1,'Advance Amount Submitted by Patient 18','2000','2015-10-14 09:14:23',1),(6,7,1,'Advance Amount Submitted by Patient 17','2000','2015-10-14 09:14:34',1),(7,9,1,'Advance Amount Submitted by Patient 19','30000','2015-10-16 09:00:12',1),(8,11,1,'Advance Amount Submitted by Patient 26','50000','2015-10-30 06:10:45',1),(9,12,1,'Advance Amount Submitted by Patient 15','100000','2015-10-30 06:10:48',1),(10,13,1,'Advance Amount Submitted by Patient 27','10000','2015-11-02 05:10:29',1),(11,14,1,'Advance Amount Submitted by Patient 29','30000','2015-11-05 13:26:05',1),(12,15,1,'Advance Amount Submitted by Patient 30','50000','2015-11-06 10:12:15',1),(13,16,1,'Advance Amount Submitted by Patient 31','10000','2015-11-06 10:12:40',1),(14,17,1,'Advance Amount Submitted by Patient 33','1000','2015-11-07 10:30:31',1),(15,18,1,'Advance Amount Submitted by Patient 32','10000','2015-11-07 11:45:21',1),(16,19,1,'Advance Amount Submitted by Patient 36','10000','2015-11-07 12:32:17',1),(17,20,1,'Advance Amount Submitted by Patient 35','10000','2015-11-07 12:32:20',1),(18,21,1,'Advance Amount Submitted by Patient 34','1000','2015-11-09 11:10:46',1),(19,22,1,'Advance Amount Submitted by Patient 37','1000','2015-11-09 11:13:33',1),(20,23,1,'Advance Amount Submitted by Patient 38','2000','2015-11-09 11:13:40',1),(21,24,1,'Advance Amount Submitted by Patient 39','20000','2015-11-09 11:16:41',1),(22,25,1,'Advance Amount Submitted by Patient 40','500000','2015-11-10 08:41:45',1),(23,26,1,'Advance Amount Submitted by Patient 42','2000','2015-11-10 08:41:52',1),(24,27,1,'Advance Amount Submitted by Patient 43','2000','2015-11-10 08:41:56',1),(25,28,1,'Advance Amount Submitted by Patient 48','1000','2015-11-11 06:50:58',1),(26,29,1,'Advance Amount Submitted by Patient 50','10000','2015-11-11 08:05:28',1),(27,30,1,'Advance Amount Submitted by Patient 44','100000','2015-11-12 06:27:32',1),(28,31,1,'Advance Amount Submitted by Patient 45','1132123156','2015-11-12 06:27:38',1),(29,32,1,'Advance Amount Submitted by Patient 47','50000','2015-11-12 06:27:42',1),(30,33,1,'Advance Amount Submitted by Patient 49','1000','2015-11-12 06:27:46',1),(31,34,1,'Advance Amount Submitted by Patient 51','2000','2015-11-12 07:57:31',1),(32,35,1,'Advance Amount Submitted by Patient 52','3000','2015-11-12 07:57:40',1),(33,36,1,'Advance Amount Submitted by Patient 53','4000','2015-11-12 07:57:49',1),(34,38,1,'Advance Amount Submitted by Patient 55','2000','2015-11-12 08:23:32',1),(35,39,1,'Advance Amount Submitted by Patient 56','4000','2015-11-13 06:47:06',1),(36,40,1,'Advance Amount Submitted by Patient 57','2300','2015-11-13 06:47:10',1),(37,84,1,'Advance Amount Submitted by Patient 102','3000','2015-11-14 06:49:30',1),(38,85,1,'Advance Amount Submitted by Patient 101','3000','2015-11-14 06:49:46',1),(39,86,1,'Advance Amount Submitted by Patient 103','2000','2015-11-14 07:02:28',1),(40,87,1,'Advance Amount Submitted by Patient 104','5000','2015-11-14 08:40:14',1),(41,88,1,'Advance Amount Submitted by Patient 105','50000','2015-11-14 08:57:38',1),(42,89,1,'Advance Amount Submitted by Patient 106','5000','2015-11-17 08:03:18',1),(43,90,1,'Advance Amount Submitted by Patient 107','5000','2015-11-17 08:58:21',1),(44,91,1,'Advance Amount Submitted by Patient 108','5000','2015-11-18 08:28:48',1),(45,92,1,'Advance Amount Submitted by Patient 109','10000','2015-11-19 12:48:56',1),(46,93,1,'Advance Amount Submitted by Patient 110','10000','2015-11-20 05:54:21',1),(47,3,1,'Advance Amount Submitted by Patient 10','25530','2015-11-20 06:05:54',1),(48,97,1,'Advance Amount Submitted by Patient 117','5000','2015-11-23 08:44:25',1),(49,98,1,'Advance Amount Submitted by Patient 119','40000','2015-11-24 10:28:45',1),(50,99,1,'Advance Amount Submitted by Patient 111','1232312','2015-11-24 10:28:48',1),(51,100,1,'Advance Amount Submitted by Patient 112','2000','2015-11-24 10:28:50',1),(52,101,1,'Advance Amount Submitted by Patient 121','10000','2015-11-25 12:50:44',1),(53,102,1,'Advance Amount Submitted by Patient 120','50000','2015-11-26 06:00:38',1),(54,103,1,'Advance Amount Submitted by Patient 122','12132','2015-12-01 10:29:35',1),(55,104,1,'Advance Amount Submitted by Patient 123','5000','2015-12-01 16:24:25',1),(56,105,1,'Advance Amount Submitted by Patient 125','10000','2015-12-02 10:22:32',1),(57,106,1,'Advance Amount Submitted by Patient 126','1000','2015-12-02 11:04:40',1),(58,107,1,'Advance Amount Submitted by Patient 127','5000','2015-12-02 11:31:56',1),(59,108,1,'Advance Amount Submitted by Patient 128','100000','2015-12-03 10:18:07',1),(60,109,1,'Advance Amount Submitted by Patient 124','10000','2015-12-04 09:33:55',1),(61,110,1,'Advance Amount Submitted by Patient 129','2000','2015-12-04 09:39:50',1),(62,111,1,'Advance Amount Submitted by Patient 130','10000','2015-12-04 09:59:44',1),(63,112,1,'Advance Amount Submitted by Patient 131','1000','2015-12-04 10:02:43',1),(64,113,1,'Advance Amount Submitted by Patient 133','2000','2015-12-04 11:30:31',1),(65,114,1,'Advance Amount Submitted by Patient 134','5000','2015-12-05 09:53:18',1),(66,118,1,'Advance Amount Submitted by Patient 138','50000','2015-12-05 10:49:51',1),(67,119,1,'Advance Amount Submitted by Patient 139','500','2015-12-05 11:04:17',1),(68,120,1,'Advance Amount Submitted by Patient 140','2000','2015-12-08 12:02:11',1),(69,121,1,'Advance Amount Submitted by Patient 141','2000','2015-12-12 11:09:46',7),(70,122,1,'Advance Amount Submitted by Patient 142','5000','2015-12-12 12:02:46',1),(71,123,1,'Advance Amount Submitted by Patient 132','2000','2015-12-14 12:32:04',1),(72,124,1,'Advance Amount Submitted by Patient 143','1000','2015-12-14 12:32:14',1),(73,125,1,'Advance Amount Submitted by Patient 144','2000','2015-12-14 12:37:23',1),(74,126,1,'Advance Amount Submitted by Patient 145','3000','2015-12-14 12:42:15',1),(75,127,1,'Advance Amount Submitted by Patient 146','4000','2015-12-14 12:46:10',1),(76,128,1,'Advance Amount Submitted by Patient 152','5200','2015-12-14 14:39:34',1),(77,129,1,'Advance Amount Submitted by Patient 153','4000','2015-12-14 15:19:23',7),(78,130,1,'Advance Amount Submitted by Patient 154','5000','2015-12-14 15:19:38',7),(79,131,1,'Advance Amount Submitted by Patient 155','500','2015-12-15 10:34:23',1),(80,132,1,'Advance Amount Submitted by Patient 156','3000','2015-12-15 10:49:00',7),(81,133,1,'Advance Amount Submitted by Patient 157','1000','2015-12-15 11:13:36',16),(82,134,1,'Advance Amount Submitted by Patient 158','1000','2015-12-15 14:24:07',7),(83,135,1,'Advance Amount Submitted by Patient 147','3000','2015-12-15 14:29:33',16),(84,136,1,'Advance Amount Submitted by Patient 159','4000','2015-12-15 14:30:44',7),(85,137,1,'Advance Amount Submitted by Patient 160','7000','2015-12-15 14:51:58',7),(86,138,1,'Advance Amount Submitted by Patient 162','3000','2015-12-16 10:49:56',1),(87,139,1,'Advance Amount Submitted by Patient 163','3000','2015-12-16 15:46:01',1),(88,141,1,'Advance Amount Submitted by Patient 165','100000','2015-12-17 10:54:08',16),(89,142,1,'Advance Amount Submitted by Patient 161','30000','2015-12-17 11:15:26',16),(90,143,1,'Advance Amount Submitted by Patient 166','100000','2015-12-17 11:26:57',16),(91,145,1,'Advance Amount Submitted by Patient 167','100000','2015-12-17 12:34:13',16),(92,146,1,'Advance Amount Submitted by Patient 169','20000','2015-12-17 12:55:24',16),(93,147,1,'Advance Amount Submitted by Patient 148','5000','2015-12-17 16:05:51',1),(94,148,1,'Advance Amount Submitted by Patient 150','8000','2015-12-17 16:05:53',1),(95,149,1,'Advance Amount Submitted by Patient 168','20000','2015-12-17 16:05:55',1),(96,150,1,'Advance Amount Submitted by Patient 170','20000','2015-12-17 16:05:58',1),(97,151,1,'Advance Amount Submitted by Patient 151','8000','2015-12-17 16:06:03',1),(98,152,1,'Advance Amount Submitted by Patient 149','6000','2015-12-17 16:06:05',1),(99,153,1,'Advance Amount Submitted by Patient 172','5000','2015-12-18 11:11:14',1),(100,157,1,'Advance Amount Submitted by Patient 190','20000','2015-12-19 11:20:43',7),(101,161,1,'Advance Amount Submitted by Patient 178','565656','2015-12-19 15:15:00',1),(102,162,1,'Advance Amount Submitted by Patient 180','1000','2015-12-19 15:15:04',1),(103,163,1,'Advance Amount Submitted by Patient 182','20000','2015-12-19 15:15:09',1),(104,164,1,'Advance Amount Submitted by Patient 179','565656','2015-12-19 15:15:13',1),(105,165,1,'Advance Amount Submitted by Patient 184','3456','2015-12-19 15:15:16',1),(106,166,1,'Advance Amount Submitted by Patient 186','3333','2015-12-19 15:15:19',1),(107,167,1,'Advance Amount Submitted by Patient 188','10000','2015-12-19 15:15:22',1),(108,168,1,'Advance Amount Submitted by Patient 189','10000','2015-12-19 15:15:27',1),(109,169,1,'Advance Amount Submitted by Patient 197','1000','2015-12-19 15:15:30',1),(110,170,1,'Advance Amount Submitted by Patient 185','30000','2015-12-19 15:15:36',1),(111,178,1,'Advance Amount Submitted by Patient 196','100000','2015-12-21 11:16:17',1),(112,179,1,'Advance Amount Submitted by Patient 210','10000','2015-12-21 11:26:19',1),(113,180,1,'Advance Amount Submitted by Patient 211','50000','2015-12-22 10:36:05',7),(114,181,1,'Advance Amount Submitted by Patient 207','10000','2015-12-23 16:14:59',1),(115,182,1,'Advance Amount Submitted by Patient 206','10000','2015-12-23 16:15:02',1),(116,183,1,'Advance Amount Submitted by Patient 195','200000','2015-12-23 16:15:05',1),(117,184,1,'Advance Amount Submitted by Patient 193','200000','2015-12-23 16:15:06',1),(118,185,1,'Advance Amount Submitted by Patient 191','10000','2015-12-23 16:15:08',1),(119,186,1,'Advance Amount Submitted by Patient 187','33333','2015-12-23 16:15:10',1),(120,187,1,'Advance Amount Submitted by Patient 183','10000','2015-12-23 16:15:13',1),(121,188,1,'Advance Amount Submitted by Patient 212','10000','2015-12-25 10:18:11',1),(122,192,1,'Advance Amount Submitted by Patient 216','5000','2015-12-25 15:27:38',1),(123,196,1,'Advance Amount Submitted by Patient 219','5000','2015-12-26 10:49:48',1),(124,198,1,'Advance Amount Submitted by Patient 224','5000','2015-12-26 14:43:48',1),(125,199,1,'Advance Amount Submitted by Patient 229','12000','2015-12-28 15:33:11',7),(126,200,1,'Advance Amount Submitted by Patient 228','5000','2015-12-28 15:33:14',7),(127,201,1,'Advance Amount Submitted by Patient 227','5000','2015-12-28 15:33:53',7),(128,202,1,'Advance Amount Submitted by Patient 226','5000','2015-12-28 15:33:56',7),(129,203,1,'Advance Amount Submitted by Patient 225','5000','2015-12-28 15:33:58',7),(130,204,1,'Advance Amount Submitted by Patient 223','5000','2015-12-28 15:34:00',7),(131,205,1,'Advance Amount Submitted by Patient 221','5000','2015-12-28 15:34:03',7),(132,206,1,'Advance Amount Submitted by Patient 230','2000','2015-12-29 11:29:34',7),(133,207,1,'Advance Amount Submitted by Patient 232','5000','2015-12-29 11:29:36',7),(134,208,1,'Advance Amount Submitted by Patient 231','10000','2015-12-29 11:29:38',7),(135,209,1,'Advance Amount Submitted by Patient 236','5000','2015-12-29 12:22:33',7),(136,210,1,'Advance Amount Submitted by Patient 234','40000','2015-12-29 12:22:38',7),(137,215,1,'Advance Amount Submitted by Patient 242','10000','2015-12-29 14:30:19',7),(138,216,1,'Advance Amount Submitted by Patient 243','20000','2015-12-30 09:55:09',7),(139,217,1,'Advance Amount Submitted by Patient 244','100','2015-12-30 10:39:48',1),(140,220,1,'Advance Amount Submitted by Patient 245','5000','2015-12-30 11:39:50',1),(141,221,1,'Advance Amount Submitted by Patient 235','5000','2015-12-30 11:39:52',1),(142,222,1,'Advance Amount Submitted by Patient 233','80000','2015-12-30 11:39:54',1);

/*Table structure for table `hms_accountant` */

DROP TABLE IF EXISTS `hms_accountant`;

CREATE TABLE `hms_accountant` (
  `AccountantID` int(6) unsigned NOT NULL AUTO_INCREMENT,
  `UserID` int(10) NOT NULL,
  `FullName` varchar(60) NOT NULL,
  `DateAdded` datetime NOT NULL,
  `DateUpdated` datetime DEFAULT NULL,
  PRIMARY KEY (`AccountantID`)
) ENGINE=InnoDB AUTO_INCREMENT=2 DEFAULT CHARSET=utf8;

/*Data for the table `hms_accountant` */

insert  into `hms_accountant`(`AccountantID`,`UserID`,`FullName`,`DateAdded`,`DateUpdated`) values (1,7,'Haider','2015-12-11 11:46:35',NULL);

/*Table structure for table `hms_administrator` */

DROP TABLE IF EXISTS `hms_administrator`;

CREATE TABLE `hms_administrator` (
  `ID` int(6) unsigned NOT NULL AUTO_INCREMENT,
  `UserID` int(10) unsigned NOT NULL,
  `FullName` varchar(100) COLLATE utf8_bin NOT NULL,
  `ContactNo` varchar(14) COLLATE utf8_bin DEFAULT NULL,
  `Address` text COLLATE utf8_bin,
  `DateCreated` timestamp NOT NULL DEFAULT CURRENT_TIMESTAMP ON UPDATE CURRENT_TIMESTAMP,
  `DateUpdated` timestamp NULL DEFAULT NULL,
  `DisplayPicture` varchar(100) COLLATE utf8_bin DEFAULT NULL,
  PRIMARY KEY (`ID`),
  UNIQUE KEY `UNIQUE_UserID` (`UserID`)
) ENGINE=InnoDB AUTO_INCREMENT=5 DEFAULT CHARSET=utf8 COLLATE=utf8_bin;

/*Data for the table `hms_administrator` */

insert  into `hms_administrator`(`ID`,`UserID`,`FullName`,`ContactNo`,`Address`,`DateCreated`,`DateUpdated`,`DisplayPicture`) values (1,1,'Iftikhar','03348123456','','2015-09-23 16:39:22','0000-00-00 00:00:00',NULL),(2,4,'Syed Haider Hassan',NULL,NULL,'2015-11-06 11:07:55',NULL,NULL),(3,5,'ali khan',NULL,NULL,'2015-11-09 07:58:16',NULL,NULL),(4,6,'walayat',NULL,NULL,'2015-11-13 12:01:39',NULL,NULL);

/*Table structure for table `hms_admission` */

DROP TABLE IF EXISTS `hms_admission`;

CREATE TABLE `hms_admission` (
  `AdmissionID` int(10) unsigned NOT NULL AUTO_INCREMENT,
  `PatID` int(10) unsigned NOT NULL,
  `RoomTypeID` tinyint(1) unsigned NOT NULL,
  `RoomID` int(6) unsigned DEFAULT NULL,
  `BedID` int(10) unsigned DEFAULT NULL,
  `TotalDays` int(11) DEFAULT NULL,
  `AdmissionDate` timestamp NOT NULL DEFAULT CURRENT_TIMESTAMP ON UPDATE CURRENT_TIMESTAMP,
  `DischargeDate` datetime DEFAULT NULL,
  `AdmittedFor` int(3) unsigned NOT NULL,
  `ConsultantID` int(5) unsigned DEFAULT NULL,
  `DateTimeStamp` datetime NOT NULL,
  `DateUpdated` datetime DEFAULT NULL,
  `StatusID` tinyint(1) NOT NULL DEFAULT '1',
  `AdmittedBy` int(8) NOT NULL,
  `DischargedBy` int(8) DEFAULT NULL,
  PRIMARY KEY (`AdmissionID`),
  KEY `FK_RoomType` (`RoomTypeID`),
  KEY `FK_PatientID` (`PatID`),
  KEY `BedID` (`BedID`),
  KEY `RoomID` (`RoomID`),
  KEY `AdmittedFor` (`AdmittedFor`)
) ENGINE=InnoDB AUTO_INCREMENT=178 DEFAULT CHARSET=utf8 COLLATE=utf8_bin;

/*Data for the table `hms_admission` */

insert  into `hms_admission`(`AdmissionID`,`PatID`,`RoomTypeID`,`RoomID`,`BedID`,`TotalDays`,`AdmissionDate`,`DischargeDate`,`AdmittedFor`,`ConsultantID`,`DateTimeStamp`,`DateUpdated`,`StatusID`,`AdmittedBy`,`DischargedBy`) values (1,1,2,1,NULL,2,'2015-11-21 12:27:37','2015-11-23 16:16:11',1,1,'2015-09-23 13:52:56','2015-11-11 11:11:20',2,1,1),(7,8,2,4,NULL,2,'2015-11-21 16:58:40','2015-11-23 12:30:00',2,1,'2015-10-08 14:26:51','2015-11-21 12:58:42',2,1,1),(9,12,2,4,NULL,8,'2015-11-21 12:27:38','2015-10-22 00:00:00',3,1,'2015-10-08 14:31:39','2015-10-10 09:13:49',3,1,1),(13,16,2,5,NULL,1,'2015-11-21 12:27:38','2015-10-14 00:00:00',1,2,'2015-10-13 13:36:16','2015-10-14 07:26:52',2,1,1),(14,17,2,3,NULL,0,'2015-11-21 12:27:39','2015-10-14 00:00:00',1,2,'2015-10-14 07:26:05','2015-10-14 11:32:52',2,1,1),(15,18,2,8,NULL,0,'2015-11-21 12:27:39','2015-10-14 00:00:00',1,2,'2015-10-14 09:06:09','2015-10-14 10:05:43',2,1,1),(16,19,2,6,NULL,12,'2015-11-21 12:27:40','2015-10-28 00:00:00',1,2,'2015-10-16 08:58:52','2015-10-28 07:46:01',2,1,1),(21,30,1,NULL,1,0,'2015-11-21 12:27:40','2015-11-27 00:00:00',2,2,'2015-11-06 07:55:11','2015-11-10 05:59:42',2,1,1),(22,31,2,6,NULL,1,'2015-11-21 12:27:42','2015-11-08 00:00:00',1,2,'2015-11-06 10:11:51','2015-11-07 12:25:39',2,1,1),(23,32,1,NULL,16,19,'2015-11-21 12:27:43','2015-11-27 00:00:00',1,3,'2015-11-07 06:17:41','2015-11-09 11:00:20',2,1,1),(24,33,2,5,NULL,0,'2015-11-21 12:27:44','2015-11-08 00:00:00',3,3,'2015-11-07 08:11:38','2015-11-07 12:22:32',2,1,1),(25,34,2,8,NULL,0,'2015-11-21 12:27:45','2015-11-10 00:00:00',3,2,'2015-11-07 12:17:00','2015-11-10 07:37:39',2,1,1),(26,35,1,NULL,19,19,'2015-11-21 12:27:48','2015-11-27 00:00:00',2,3,'2015-11-07 12:19:28','2015-11-09 11:00:28',2,1,1),(27,36,2,3,NULL,0,'2015-11-21 12:27:47','2015-11-08 00:00:00',3,6,'2015-11-07 12:21:23','2015-11-07 12:35:01',2,1,1),(28,37,1,NULL,1,0,'2015-11-21 12:27:46','2015-11-10 00:00:00',2,6,'2015-11-09 11:03:05','2015-11-10 07:37:45',2,1,1),(29,38,1,NULL,5,0,'2015-11-21 12:27:49','2015-11-10 00:00:00',3,6,'2015-11-09 11:05:03','2015-11-10 07:37:49',2,1,1),(30,39,1,NULL,20,0,'2015-11-21 12:27:50','2015-11-10 00:00:00',3,6,'2015-11-09 11:15:39','2015-11-10 07:37:51',2,1,1),(31,40,1,NULL,21,0,'2015-11-21 12:27:51','2015-11-11 08:00:00',1,1,'2015-11-10 07:28:01','2015-11-11 06:29:46',2,1,1),(33,42,1,NULL,1,0,'2015-11-21 12:27:52','2015-11-11 08:00:00',3,2,'2015-11-10 07:42:52','2015-11-11 06:30:01',2,1,1),(34,43,1,NULL,22,0,'2015-11-21 12:27:53','2015-11-11 08:00:00',2,2,'2015-11-10 07:56:20','2015-11-11 06:29:57',2,1,1),(35,44,2,6,NULL,0,'2015-11-21 12:27:54','2015-11-13 00:00:00',3,2,'2015-11-10 08:00:22','2015-11-12 06:32:42',2,1,1),(36,45,1,NULL,5,0,'2015-11-21 12:27:55','2015-11-13 00:00:00',1,1,'2015-11-10 08:18:37','2015-11-12 06:36:48',2,1,1),(38,47,1,NULL,23,0,'2015-11-21 12:27:59','2015-11-13 00:00:00',5,2,'2015-11-10 14:11:13','2015-11-12 06:36:44',2,1,1),(39,48,1,NULL,1,0,'2015-11-21 12:27:59','2015-11-12 00:00:00',2,2,'2015-11-11 06:47:12','2015-11-12 06:24:32',2,1,1),(40,49,1,NULL,21,0,'2015-11-21 12:28:00','2015-11-13 00:00:00',3,3,'2015-11-11 07:42:38','2015-11-12 06:36:41',2,1,1),(41,50,2,7,NULL,0,'2015-11-21 12:28:01','2015-11-12 00:00:00',1,2,'2015-11-11 07:55:20','2015-11-12 06:20:47',2,1,1),(42,51,1,NULL,1,0,'2015-11-21 12:28:02','2015-11-13 00:00:00',2,2,'2015-11-12 06:55:34','2015-11-13 06:34:10',2,1,1),(43,52,1,NULL,33,0,'2015-11-21 12:28:03','2015-11-13 00:00:00',2,2,'2015-11-12 07:07:07','2015-11-13 06:33:45',2,1,1),(44,53,1,NULL,32,0,'2015-11-21 12:28:04','2015-11-13 00:00:00',2,1,'2015-11-12 07:56:27','2015-11-13 06:33:42',2,1,1),(45,55,1,NULL,35,0,'2015-11-21 12:28:05','2015-11-13 00:00:00',2,1,'2015-11-12 08:19:12','2015-11-13 06:33:38',2,1,1),(46,56,1,NULL,37,0,'2015-11-21 12:28:06','2015-11-14 00:00:00',2,2,'2015-11-12 12:34:40','2015-11-14 06:38:06',2,1,1),(47,57,2,5,NULL,0,'2015-11-21 12:28:07','2015-11-14 00:00:00',1,2,'2015-11-12 12:48:04','2015-11-14 06:38:20',2,1,1),(48,101,1,NULL,34,0,'2015-11-21 12:28:08','2015-11-14 12:00:00',2,2,'2015-11-14 06:45:26','2015-11-17 07:52:57',2,1,1),(49,102,1,NULL,5,0,'2015-11-21 12:28:09','2015-11-15 00:00:00',3,2,'2015-11-14 06:47:33','2015-11-14 09:10:34',2,1,1),(50,103,1,NULL,1,0,'2015-11-21 12:28:09','2015-11-15 00:00:00',1,1,'2015-11-14 07:01:50','2015-11-14 07:24:43',2,1,1),(51,104,1,NULL,1,13,'2015-11-21 12:28:10','2015-11-28 00:00:00',3,2,'2015-11-14 08:39:46','2015-11-14 08:41:52',2,1,1),(52,105,1,NULL,33,0,'2015-11-21 12:28:11','2015-11-15 00:00:00',1,1,'2015-11-14 08:55:21','2015-11-14 08:57:57',2,1,1),(53,106,1,NULL,37,0,'2015-11-21 12:28:14','2015-11-17 13:30:00',3,1,'2015-11-17 07:23:43','2015-11-17 08:25:44',2,1,1),(54,107,1,NULL,37,0,'2015-11-21 12:28:15','2015-11-18 00:00:00',3,3,'2015-11-17 08:54:12','2015-11-18 06:31:44',2,1,1),(55,108,2,14,NULL,0,'2015-11-21 12:28:17','2015-11-18 13:00:00',3,2,'2015-11-18 08:27:29','2015-11-18 08:33:34',2,1,1),(56,109,2,14,NULL,8,'2015-11-21 16:58:59','2015-11-30 00:00:00',1,2,'2015-11-19 12:48:31','2015-11-21 12:59:02',2,1,1),(57,110,1,NULL,37,5,'2015-11-21 17:00:04','2015-11-27 00:00:00',1,2,'2015-11-20 05:47:26','2015-11-21 13:00:06',2,1,1),(58,111,1,NULL,38,0,'2015-11-24 15:30:19','2015-11-25 12:00:00',2,1,'2015-11-20 10:52:37','2015-11-24 10:30:26',2,1,1),(59,112,2,15,NULL,0,'2015-11-24 15:29:20','2015-11-25 12:00:00',1,1,'2015-11-21 05:06:42','2015-11-24 10:29:27',2,1,1),(60,117,2,14,NULL,0,'2015-12-26 10:03:07','2015-11-23 16:30:00',1,2,'2015-11-23 08:43:35','2015-11-23 12:50:33',2,1,1),(61,119,1,NULL,37,0,'2015-12-26 10:03:08','2015-11-25 12:00:00',2,1,'2015-11-24 10:27:23','2015-11-24 10:29:23',2,1,1),(62,120,1,NULL,37,1,'2015-12-26 10:03:08','2015-11-28 00:00:00',1,1,'2015-11-24 10:31:05','2015-11-27 06:07:52',2,1,1),(63,121,2,14,NULL,2,'2015-12-26 10:03:11','2015-12-01 00:00:00',1,2,'2015-11-25 12:50:34','2015-12-01 14:45:36',2,1,1),(64,122,1,NULL,43,20,'2015-12-26 10:03:09','2015-12-22 12:09:00',1,2,'2015-12-01 10:10:24','2015-12-02 14:52:38',2,1,1),(65,123,1,NULL,43,0,'2015-12-26 10:03:11','2015-12-02 00:00:00',2,2,'2015-12-01 15:55:00','2015-12-03 10:12:13',2,1,1),(66,124,1,NULL,5,0,'2015-12-26 10:03:12','2015-12-05 00:00:00',2,1,'2015-12-02 09:49:35','2015-12-04 09:34:28',2,1,1),(67,125,2,11,NULL,0,'2015-12-26 10:03:12','2015-12-03 00:00:00',3,1,'2015-12-02 10:20:47','2015-12-02 16:39:13',2,1,1),(68,126,1,NULL,47,0,'2015-12-26 10:03:13','2015-12-02 00:00:00',1,1,'2015-12-02 11:03:41','2015-12-02 15:53:13',2,1,1),(69,127,2,3,NULL,0,'2015-12-26 10:03:14','2015-12-03 00:00:00',1,2,'2015-12-02 11:29:29','2015-12-03 10:12:25',2,1,1),(70,128,1,NULL,34,0,'2015-12-26 10:03:14','2015-12-04 00:00:00',2,2,'2015-12-03 10:16:24','2015-12-04 09:33:18',2,1,1),(71,129,1,NULL,5,0,'2015-12-26 10:03:15','2015-12-05 00:00:00',1,2,'2015-12-04 09:39:19','2015-12-04 09:52:38',2,1,1),(72,130,1,NULL,34,10,'2015-12-26 10:03:16','2015-12-14 12:29:43',2,2,'2015-12-04 09:58:32','2015-12-14 12:29:58',2,1,1),(73,131,1,NULL,47,10,'2015-12-26 10:03:16','2015-12-14 12:28:45',1,2,'2015-12-04 10:02:08','2015-12-14 12:28:50',2,1,1),(74,132,1,NULL,43,0,'2015-12-26 10:03:18','2015-12-14 12:32:21',1,2,'2015-12-04 10:19:39','2015-12-14 12:32:32',2,1,1),(75,133,2,3,NULL,2,'2015-12-26 10:03:17','2015-12-07 00:00:00',1,1,'2015-12-04 10:24:52','2015-12-07 10:23:31',2,1,1),(76,134,2,6,NULL,0,'2015-12-26 10:03:18','2015-12-06 00:00:00',1,2,'2015-12-05 09:53:04','2015-12-05 12:13:06',2,1,1),(77,138,2,7,NULL,25,'2015-12-26 10:03:19','2015-12-31 00:00:00',1,1,'2015-12-05 10:49:35','2015-12-05 10:54:34',2,1,1),(78,139,2,7,NULL,1,'2015-12-26 10:03:21','2015-12-07 00:00:00',1,1,'2015-12-05 11:04:02','2015-12-05 12:10:07',2,1,1),(79,140,1,NULL,48,6,'2015-12-26 10:03:19','2015-12-14 12:11:36',3,3,'2015-12-08 12:01:29','2015-12-14 12:11:50',2,1,1),(80,141,2,3,NULL,2,'2015-12-26 10:03:23','2015-12-14 12:09:52',1,1,'2015-12-12 09:46:00','2015-12-14 12:10:40',2,1,1),(81,142,1,NULL,49,0,'2015-12-26 10:04:05','2015-12-12 12:09:07',1,2,'2015-12-12 12:02:33','2015-12-12 12:09:14',2,1,1),(82,143,2,26,NULL,0,'2015-12-26 10:04:01','2015-12-14 12:33:40',1,1,'2015-12-14 12:08:09','2015-12-14 12:34:14',2,1,1),(83,144,2,26,NULL,0,'2015-12-26 10:04:00','2015-12-14 12:37:26',2,2,'2015-12-14 12:37:03','2015-12-14 12:37:32',2,1,1),(84,145,2,31,NULL,0,'2015-12-26 10:03:59','2015-12-14 12:42:19',3,3,'2015-12-14 12:42:04','2015-12-14 12:42:50',2,1,1),(85,146,2,26,NULL,0,'2015-12-26 10:03:58','2015-12-14 12:46:25',2,2,'2015-12-14 12:45:16','2015-12-14 12:46:30',2,1,1),(86,147,2,31,NULL,1,'2015-12-26 10:03:58','2015-12-17 11:12:52',2,2,'2015-12-14 12:51:57','2015-12-17 11:13:11',2,1,1),(87,148,2,26,NULL,0,'2015-12-26 10:03:55','2015-12-17 16:22:53',2,3,'2015-12-14 12:52:57','2015-12-17 16:23:01',2,1,1),(88,149,2,3,NULL,0,'2015-12-26 10:03:55','2015-12-17 16:16:57',2,2,'2015-12-14 12:54:12','2015-12-17 16:17:04',2,1,1),(89,150,2,6,NULL,0,'2015-12-26 10:03:54','2015-12-17 16:11:59',2,2,'2015-12-14 12:55:21','2015-12-17 16:12:07',2,1,1),(90,151,2,8,NULL,0,'2015-12-26 10:03:53','2015-12-17 16:09:17',2,2,'2015-12-14 12:56:35','2015-12-17 16:09:22',2,1,1),(91,152,2,5,NULL,0,'2015-12-26 10:03:53','2015-12-14 14:56:00',2,2,'2015-12-14 14:39:21','2015-12-14 14:56:14',2,1,1),(92,153,2,15,NULL,0,'2015-12-26 10:03:52','2015-12-15 00:00:00',2,2,'2015-12-14 15:17:47','2015-12-15 13:05:17',2,7,1),(93,154,2,7,NULL,1,'2015-12-26 10:03:48','2015-12-15 20:00:00',2,2,'2015-12-14 15:18:55','2015-12-15 13:07:01',2,7,1),(94,155,1,NULL,34,0,'2015-12-26 10:03:47','2015-12-15 11:10:45',1,1,'2015-12-15 10:31:34','2015-12-15 11:10:54',2,1,1),(95,156,2,5,NULL,0,'2015-12-26 10:03:46','2015-12-15 23:00:00',2,2,'2015-12-15 10:42:33','2015-12-15 12:57:07',2,7,1),(96,157,1,NULL,34,0,'2015-12-26 10:03:46','2015-12-15 21:00:00',2,2,'2015-12-15 11:12:44','2015-12-15 13:05:43',2,16,1),(97,158,2,7,NULL,0,'2015-12-26 10:03:45','2015-12-15 19:00:00',2,6,'2015-12-15 14:22:59','2015-12-15 14:27:46',2,7,1),(98,159,2,15,NULL,0,'2015-12-26 10:03:44','2015-12-15 14:45:00',2,3,'2015-12-15 14:30:04','2015-12-15 14:45:43',2,7,1),(99,160,2,15,NULL,0,'2015-12-26 10:03:43','2015-12-15 15:20:00',2,3,'2015-12-15 14:51:42','2015-12-15 15:23:34',2,7,1),(100,161,2,5,NULL,0,'2015-12-26 10:03:42','2015-12-17 11:24:53',2,1,'2015-12-15 15:04:37','2015-12-17 11:25:04',2,16,1),(101,162,2,15,NULL,1,'2015-12-26 10:03:41','2015-12-17 15:57:57',3,2,'2015-12-16 10:49:00','2015-12-17 15:58:02',2,1,1),(102,163,2,7,NULL,0,'2015-12-26 10:03:40','2015-12-16 16:10:09',3,3,'2015-12-16 15:44:47','2015-12-16 16:10:25',2,1,1),(103,165,2,30,NULL,0,'2015-12-26 10:03:40','2015-12-17 12:32:12',2,3,'2015-12-17 10:37:04','2015-12-17 12:32:18',2,16,1),(104,166,1,NULL,43,0,'2015-12-26 10:03:38','2015-12-17 12:30:29',2,3,'2015-12-17 10:37:24','2015-12-17 12:30:41',2,16,1),(105,167,1,NULL,43,0,'2015-12-26 10:03:39','2015-12-17 12:34:34',2,3,'2015-12-17 10:38:58','2015-12-17 12:34:42',2,16,1),(106,168,2,7,NULL,735,'2015-12-26 10:03:37','2017-12-21 16:07:00',2,2,'2015-12-17 10:42:12','2015-12-17 16:08:01',2,16,1),(107,169,2,10,NULL,742,'2015-12-26 10:03:37','2017-12-28 16:03:00',2,2,'2015-12-17 10:52:54','2015-12-17 16:03:51',2,16,1),(108,170,2,7,NULL,0,'2015-12-26 10:03:35','2015-12-17 16:06:11',2,2,'2015-12-17 10:59:45','2015-12-17 16:06:29',2,16,1),(109,172,1,NULL,43,1460,'2015-12-26 10:03:36','2019-12-17 15:11:00',1,1,'2015-12-18 11:10:46','2015-12-19 15:12:24',2,1,1),(112,175,1,NULL,47,1459,'2015-12-26 10:03:34','2019-12-16 15:11:00',1,1,'2015-12-18 11:31:24','2015-12-19 15:12:15',2,1,1),(113,176,1,NULL,48,41,'2015-12-26 10:03:32','2016-01-29 00:00:00',1,2,'2015-12-18 12:19:01','2015-12-19 11:54:24',2,1,1),(114,177,1,NULL,49,0,'2015-12-26 10:03:33','2015-12-18 13:06:18',2,6,'2015-12-18 13:03:18','2015-12-18 13:06:27',2,1,1),(115,178,2,5,NULL,0,'2015-12-26 10:03:31','2015-12-19 15:15:39',2,2,'2015-12-18 15:27:37','2015-12-19 15:15:48',2,1,1),(116,179,2,5,NULL,1463,'2015-12-26 10:03:31','2019-12-22 15:15:00',2,2,'2015-12-18 15:27:58','2015-12-19 15:16:09',2,1,1),(117,180,2,5,NULL,0,'2015-12-26 10:03:30','2015-12-19 15:41:09',2,2,'2015-12-18 15:29:13','2015-12-19 15:41:17',2,1,1),(118,181,1,NULL,49,0,'2015-12-26 10:03:29','2015-12-19 00:00:00',1,3,'2015-12-18 15:32:08','2015-12-19 11:06:23',2,1,1),(119,182,2,1,NULL,1450,'2015-12-26 10:03:28','2019-12-09 15:15:00',2,2,'2015-12-18 16:18:55','2015-12-19 15:16:18',2,1,1),(120,183,2,6,NULL,0,'2015-12-26 10:03:27','2015-12-23 16:17:58',3,1,'2015-12-18 16:19:55','2015-12-23 16:40:29',2,1,1),(121,184,2,7,NULL,1462,'2015-12-26 10:03:27','2019-12-20 15:41:00',3,3,'2015-12-18 16:49:58','2015-12-19 15:41:59',2,1,1),(122,185,2,8,NULL,1450,'2015-12-26 10:03:26','2019-12-09 15:15:00',2,2,'2015-12-18 16:51:36','2015-12-19 15:16:23',2,1,1),(123,186,2,11,NULL,1462,'2015-12-26 10:03:25','2019-12-20 15:41:00',2,2,'2015-12-18 16:55:23','2015-12-19 15:41:34',2,1,1),(124,187,2,15,NULL,0,'2015-12-26 10:03:24','2015-12-23 16:40:48',3,2,'2015-12-18 16:56:56','2015-12-23 16:41:06',2,1,1),(125,188,2,10,NULL,1450,'2015-12-26 10:03:24','2019-12-09 15:15:00',2,2,'2015-12-18 17:07:22','2015-12-19 15:16:34',2,1,1),(126,189,1,NULL,5,1450,'2015-12-26 10:04:05','2019-12-09 15:15:00',2,2,'2015-12-18 17:08:51','2015-12-19 15:16:30',2,1,1),(127,190,1,NULL,50,33,'2015-12-26 10:04:06','2016-01-22 00:00:00',2,3,'2015-12-19 10:57:08','2015-12-19 11:54:18',2,7,1),(128,191,2,31,NULL,0,'2015-12-26 10:04:07','2015-12-23 16:41:36',2,2,'2015-12-19 10:58:27','2015-12-23 16:41:57',2,7,1),(129,192,1,NULL,49,0,'2015-12-26 10:04:07','2015-12-19 15:11:50',14,2,'2015-12-19 11:46:02','2015-12-19 15:11:56',2,1,1),(130,193,2,30,NULL,0,'2015-12-26 10:04:08','2015-12-23 16:42:41',14,6,'2015-12-19 11:47:38','2015-12-23 16:42:45',2,7,1),(131,194,2,26,NULL,33,'2015-12-26 10:04:09','2016-01-22 00:00:00',3,3,'2015-12-19 11:52:56','2015-12-19 11:54:12',2,1,1),(132,195,1,NULL,48,0,'2015-12-26 10:04:09','2015-12-23 16:42:41',3,2,'2015-12-19 11:55:03','2015-12-23 16:42:47',2,7,1),(133,196,2,26,NULL,1,'2015-12-26 10:04:10','2015-12-22 15:04:25',3,3,'2015-12-19 12:16:19','2015-12-22 15:04:52',2,1,1),(134,197,1,NULL,50,1450,'2015-12-26 10:04:11','2019-12-09 15:15:00',3,3,'2015-12-19 12:46:46','2015-12-19 15:16:26',2,1,1),(135,198,1,NULL,47,1462,'2015-12-26 10:04:12','2019-12-20 15:41:00',2,2,'2015-12-19 15:13:06','2015-12-19 15:41:28',2,1,1),(136,199,1,NULL,5,1462,'2015-12-26 10:04:12','2019-12-20 15:41:00',3,2,'2015-12-19 15:17:26','2015-12-19 15:41:55',2,1,1),(137,200,2,1,NULL,1462,'2015-12-26 10:04:13','2019-12-20 15:41:00',3,2,'2015-12-19 15:19:36','2015-12-19 15:41:43',2,1,1),(138,201,1,NULL,43,1462,'2015-12-26 10:04:14','2019-12-20 15:41:00',14,6,'2015-12-19 15:21:27','2015-12-19 15:41:49',2,1,1),(139,204,1,NULL,49,0,'2015-12-26 10:04:14','2015-12-19 15:40:27',3,3,'2015-12-19 15:26:37','2015-12-19 15:40:31',2,1,1),(140,205,1,NULL,50,0,'2015-12-26 10:04:15','2015-12-19 15:39:30',3,3,'2015-12-19 15:28:25','2015-12-19 15:39:37',2,1,1),(141,206,2,5,NULL,0,'2015-12-26 10:04:16','2015-12-23 16:42:41',3,6,'2015-12-19 15:29:31','2015-12-23 16:42:49',2,1,1),(142,207,2,10,NULL,0,'2015-12-26 10:04:17','2015-12-23 16:42:41',3,2,'2015-12-19 15:38:32','2015-12-23 16:42:53',2,1,1),(143,208,2,8,NULL,0,'2015-12-26 10:04:18','2015-12-19 15:40:12',3,3,'2015-12-19 15:39:44','2015-12-19 15:40:16',2,1,1),(144,209,1,NULL,43,4,'2015-12-26 10:04:19','2015-12-23 16:42:41',3,3,'2015-12-19 15:42:13','2015-12-23 16:42:55',2,1,1),(145,210,1,NULL,5,0,'2015-12-26 10:04:19','2015-12-22 00:00:00',14,2,'2015-12-21 11:25:59','2015-12-22 11:28:14',2,1,1),(146,211,1,NULL,47,1,'2015-12-26 10:04:20','2015-12-23 16:15:21',1,2,'2015-12-22 10:35:38','2015-12-23 16:15:25',2,7,1),(147,212,1,NULL,5,0,'2015-12-26 10:04:21','2015-12-25 10:57:55',1,2,'2015-12-25 10:16:25','2015-12-25 10:58:33',2,1,1),(148,213,1,NULL,34,0,'2015-12-26 10:04:21','2015-12-25 12:22:37',1,2,'2015-12-25 11:51:29','2015-12-25 12:22:43',2,1,1),(149,216,2,1,NULL,0,'2015-12-26 10:04:22','2015-12-25 15:59:33',1,2,'2015-12-25 15:26:11','2015-12-25 15:59:38',2,1,1),(150,217,1,NULL,34,0,'2015-12-26 10:04:23','2015-12-25 16:01:45',3,2,'2015-12-25 16:01:40','2015-12-25 16:01:50',2,1,1),(151,218,1,NULL,5,0,'2015-12-26 10:02:24','2015-12-26 10:02:22',1,2,'2015-12-26 10:02:17','2015-12-26 10:02:27',2,1,1),(152,219,2,3,NULL,0,'2015-12-26 12:33:44','2015-12-26 12:33:41',1,2,'2015-12-26 10:41:12','2015-12-26 12:33:45',2,1,1),(153,220,1,NULL,5,0,'2015-12-26 12:31:19','2015-12-26 12:31:15',1,6,'2015-12-26 10:42:29','2015-12-26 12:31:19',2,1,1),(154,221,1,NULL,34,0,'2015-12-29 11:53:56','2015-12-29 00:00:00',1,2,'2015-12-26 12:19:51','2015-12-29 11:53:52',2,1,NULL),(155,222,1,NULL,47,2,'2015-12-29 11:54:04','2015-12-29 00:00:00',3,3,'2015-12-26 12:27:00','2015-12-29 11:54:00',2,1,NULL),(156,223,2,1,NULL,0,'2015-12-29 12:15:48','2015-12-29 00:00:00',1,2,'2015-12-26 14:42:13','2015-12-29 12:15:44',2,1,NULL),(157,224,2,1,NULL,0,'2015-12-26 15:08:46','2015-12-26 15:08:40',1,2,'2015-12-26 14:42:13','2015-12-26 15:08:46',2,1,1),(158,225,1,NULL,5,0,'2015-12-29 11:54:10','2015-12-29 00:00:00',1,3,'2015-12-28 11:41:14','2015-12-29 11:54:06',2,7,NULL),(159,226,1,NULL,48,0,'2015-12-29 11:54:17','2015-12-29 00:00:00',1,2,'2015-12-28 15:01:37','2015-12-29 11:54:12',2,7,NULL),(160,227,1,NULL,49,0,'2015-12-29 11:54:26','2015-12-29 00:00:00',1,3,'2015-12-28 15:08:33','2015-12-29 11:54:21',2,7,NULL),(161,228,1,NULL,49,0,'2015-12-29 11:53:37','2015-12-29 11:53:00',1,3,'2015-12-28 15:08:33','2015-12-29 11:53:32',2,7,NULL),(162,229,1,NULL,50,0,'2015-12-28 16:58:57','2015-12-28 16:58:00',1,2,'2015-12-28 15:21:21','2015-12-28 16:58:53',2,7,NULL),(163,230,2,1,NULL,0,'2015-12-29 11:53:31','2015-12-29 11:53:00',1,2,'2015-12-28 16:25:42','2015-12-29 11:53:26',2,7,NULL),(164,231,2,3,NULL,0,'2015-12-29 11:54:51','2015-12-29 11:54:00',1,2,'2015-12-28 16:31:57','2015-12-29 11:54:47',2,1,NULL),(165,232,2,6,NULL,0,'2015-12-29 11:53:16','2015-12-29 11:53:00',1,2,'2015-12-29 11:21:40','2015-12-29 11:53:11',2,7,NULL),(166,233,2,3,NULL,NULL,'2015-12-30 11:39:59',NULL,2,3,'2015-12-29 11:41:49','2015-12-29 15:02:31',1,7,NULL),(167,234,2,7,NULL,0,'2015-12-29 15:29:21','2015-12-30 00:00:00',1,3,'2015-12-29 11:48:37','2015-12-29 15:29:26',2,7,NULL),(168,235,2,5,NULL,NULL,'2015-12-30 11:39:57',NULL,2,3,'2015-12-29 11:49:59','2015-12-29 11:49:59',1,7,NULL),(169,236,2,10,NULL,0,'2015-12-30 10:32:30','2015-12-30 10:32:26',1,3,'2015-12-29 11:52:06','2015-12-30 10:32:33',2,7,1),(170,242,2,30,NULL,0,'2015-12-29 15:29:39','2015-12-30 00:00:00',1,2,'2015-12-29 14:28:47','2015-12-29 15:29:43',2,7,NULL),(171,243,1,NULL,5,0,'2015-12-30 10:33:34','2015-12-30 10:33:13',2,2,'2015-12-30 09:53:44','2015-12-30 10:33:37',2,7,1),(172,244,2,31,NULL,1,'2015-12-31 12:14:56','2015-12-31 12:14:41',2,2,'2015-12-30 10:39:09','2015-12-31 12:14:51',2,1,1),(173,245,2,1,NULL,24,'2016-01-23 15:53:36','2016-01-23 15:53:16',1,2,'2015-12-30 11:09:26','2016-01-23 15:53:39',2,1,1),(174,246,1,NULL,5,NULL,'2015-12-30 11:31:00',NULL,1,1,'2015-12-30 11:32:55','2015-12-30 11:32:55',1,1,NULL),(175,247,1,NULL,34,NULL,'2015-12-30 11:34:00',NULL,1,3,'2015-12-30 11:34:46','2015-12-30 11:34:46',1,1,NULL),(176,248,1,NULL,47,NULL,'2015-12-30 11:45:00',NULL,1,1,'2015-12-30 11:47:04','2015-12-30 11:47:04',1,7,NULL),(177,249,2,6,NULL,NULL,'2015-12-30 12:20:00',NULL,1,3,'2015-12-30 12:21:13','2015-12-30 12:21:13',1,1,NULL);

/*Table structure for table `hms_appointments` */

DROP TABLE IF EXISTS `hms_appointments`;

CREATE TABLE `hms_appointments` (
  `AppointmentID` int(10) unsigned NOT NULL AUTO_INCREMENT,
  `DocID` int(5) NOT NULL COMMENT 'Consultant ID',
  `PatID` int(10) NOT NULL COMMENT 'Patient ID',
  `AppointmentDate` datetime NOT NULL,
  `DateAdded` datetime NOT NULL,
  `DateUpdated` datetime DEFAULT NULL,
  `Appointment Reason` text COMMENT 'Reason or Problem Goes Here.',
  PRIMARY KEY (`AppointmentID`)
) ENGINE=InnoDB AUTO_INCREMENT=2 DEFAULT CHARSET=utf8;

/*Data for the table `hms_appointments` */

insert  into `hms_appointments`(`AppointmentID`,`DocID`,`PatID`,`AppointmentDate`,`DateAdded`,`DateUpdated`,`Appointment Reason`) values (1,6,251,'2016-01-26 00:00:00','2016-01-26 14:59:33',NULL,NULL);

/*Table structure for table `hms_doctor` */

DROP TABLE IF EXISTS `hms_doctor`;

CREATE TABLE `hms_doctor` (
  `ID` int(5) unsigned NOT NULL AUTO_INCREMENT,
  `Name` varchar(60) NOT NULL,
  `Speciality` varchar(80) NOT NULL,
  `ContactNo` varchar(14) DEFAULT NULL,
  `ConsultancyFee` decimal(10,0) DEFAULT NULL,
  `IsActive` tinyint(1) unsigned NOT NULL DEFAULT '1',
  `IsEnabled` tinyint(1) unsigned NOT NULL DEFAULT '1',
  PRIMARY KEY (`ID`)
) ENGINE=InnoDB AUTO_INCREMENT=17 DEFAULT CHARSET=utf8;

/*Data for the table `hms_doctor` */

insert  into `hms_doctor`(`ID`,`Name`,`Speciality`,`ContactNo`,`ConsultancyFee`,`IsActive`,`IsEnabled`) values (1,'Dr. Abid','Physician','03009345621',NULL,1,1),(2,'Walayat khan','Child Specialist','03009348361',NULL,1,1),(3,'Muhammad Zaid','Nose Specialist','0300645655',NULL,1,1),(4,'Zaffar','Bone Specialist','03022000054',NULL,0,1),(5,'','','',NULL,0,1),(6,'Ali Baba','Genrel Pysicion','03005454555','1000',1,1),(7,'Dr. Abid','Physician','03009345621',NULL,0,1),(8,'Dr. Abid','Physician','0300934562',NULL,0,0),(9,'Dr. Abid','Physician','03009345621',NULL,0,1),(10,'ali ','KINDNY ','03333998728',NULL,0,1),(11,'Ghgvbv','fghgh','+-ghg',NULL,0,1),(12,'asif iqbal ','skin ','123456789//*',NULL,0,1),(13,'Asew','aswe','32we',NULL,0,1),(14,'Fd','fd','ffd',NULL,0,0),(15,'Karim','Physician','0334-81255852',NULL,1,1),(16,'Shahid','Physician','0334-8568566','2500',1,1);

/*Table structure for table `hms_invoice_header` */

DROP TABLE IF EXISTS `hms_invoice_header`;

CREATE TABLE `hms_invoice_header` (
  `InvoiceID` bigint(14) unsigned NOT NULL AUTO_INCREMENT,
  `PatID` int(10) unsigned NOT NULL,
  `AdmissionID` int(11) DEFAULT NULL,
  `Discount` decimal(20,2) NOT NULL DEFAULT '0.00',
  `Total` decimal(20,2) NOT NULL,
  `InvoiceDate` datetime NOT NULL,
  `InvoiceStatus` tinyint(1) NOT NULL,
  `IsPrinted` tinyint(1) NOT NULL DEFAULT '0' COMMENT 'To Know if Inovice Was Printed',
  `VatTaxPercentage` varchar(3) COLLATE utf8_bin DEFAULT NULL,
  `VatTaxCalculatedAmount` decimal(10,0) DEFAULT NULL,
  `InvoicedBy` int(8) DEFAULT NULL,
  PRIMARY KEY (`InvoiceID`),
  KEY `FK_Invoice_PatientID` (`PatID`)
) ENGINE=InnoDB AUTO_INCREMENT=52 DEFAULT CHARSET=utf8 COLLATE=utf8_bin;

/*Data for the table `hms_invoice_header` */

insert  into `hms_invoice_header`(`InvoiceID`,`PatID`,`AdmissionID`,`Discount`,`Total`,`InvoiceDate`,`InvoiceStatus`,`IsPrinted`,`VatTaxPercentage`,`VatTaxCalculatedAmount`,`InvoicedBy`) values (5,1,1,'0.00','22500.00','2015-10-22 14:38:39',2,0,'0','22500',1),(7,9,6,'0.00','0.00','2015-10-27 11:33:34',2,0,'0','0',1),(8,25,NULL,'0.00','0.00','2015-10-27 12:12:56',2,0,'0','0',1),(9,36,27,'0.00','1.00','2015-11-07 12:36:14',2,0,'0','1',1),(10,103,50,'0.00','271.00','2015-11-14 07:25:28',2,0,'0','271',1),(11,104,51,'0.00','1301.00','2015-11-14 08:42:34',2,0,'0','1301',1),(12,105,52,'0.00','200.00','2015-11-14 08:58:57',2,0,'0','200',1),(13,102,49,'0.00','2301.00','2015-11-14 09:11:04',2,0,'0','2301',1),(14,106,53,'0.00','6350.00','2015-11-17 08:27:51',2,0,'0','6350',1),(15,107,54,'0.00','8700.00','2015-11-18 06:51:52',2,0,'0','8700',1),(16,110,57,'0.00','3800.00','2015-11-23 06:39:07',2,0,'0','3800',1),(17,117,60,'0.00','4900.00','2015-11-23 12:50:58',2,0,'0','4900',1),(18,121,63,'0.00','7425.00','2015-11-25 12:59:27',2,0,'0','7425',1),(19,122,64,'0.00','10500.00','2015-12-01 15:03:09',2,0,'0','10500',NULL),(20,125,67,'0.00','305761.00','2015-12-02 16:45:24',2,0,'0','305761',NULL),(21,138,77,'0.00','27052.00','2015-12-05 10:57:45',2,0,'0','27052',NULL),(22,108,55,'0.00','1000.00','2015-12-12 10:52:52',2,0,'0','1000',NULL),(23,142,81,'1000.00','2000.00','2015-12-12 15:40:28',2,0,'0','1000',NULL),(24,144,83,'0.00','2000.00','2015-12-14 13:04:00',2,0,'0','2000',NULL),(25,152,91,'3000.00','3170.00','2015-12-14 16:41:12',2,0,'0','170',NULL),(26,156,95,'0.00','1740.00','2015-12-15 13:12:37',2,0,'0','1740',NULL),(27,159,98,'0.00','2725.00','2015-12-15 14:47:26',2,0,'0','2725',NULL),(28,160,99,'0.00','23049.00','2015-12-15 15:24:20',2,0,'0','23049',NULL),(29,163,102,'0.00','8628.00','2015-12-16 16:11:35',2,0,'0','8628',NULL),(30,42,33,'0.00','461.00','2015-12-17 11:05:04',2,0,'0','461',NULL),(44,168,106,'0.00','736000.00','2015-12-19 11:23:42',2,0,'0','736000',NULL),(45,196,133,'1145.00','7195.00','2015-12-22 15:21:01',2,0,'0','6050',NULL),(46,212,147,'0.00','10336.00','2015-12-25 11:43:24',2,0,'0','10336',NULL),(47,213,148,'0.00','303581.00','2015-12-25 12:23:30',2,0,'0','303581',NULL),(48,220,153,'0.00','305911.00','2015-12-26 12:32:07',2,0,'0','305911',NULL),(49,219,152,'0.00','9401.00','2015-12-26 12:35:57',2,0,'0','9401',NULL),(50,224,157,'0.00','302061.00','2015-12-26 15:26:40',2,0,'0','302061',NULL),(51,231,164,'1000.00','1000.00','2015-12-29 12:04:57',2,0,'0','0',NULL);

/*Table structure for table `hms_invoice_lines` */

DROP TABLE IF EXISTS `hms_invoice_lines`;

CREATE TABLE `hms_invoice_lines` (
  `InvoiceLineID` bigint(16) unsigned NOT NULL AUTO_INCREMENT,
  `InvoiceID` bigint(14) unsigned NOT NULL,
  `PaymentID` varchar(80) COLLATE utf8_bin DEFAULT NULL,
  `subTotal` decimal(10,0) NOT NULL,
  `Quantity` int(4) NOT NULL DEFAULT '1',
  PRIMARY KEY (`InvoiceLineID`)
) ENGINE=InnoDB AUTO_INCREMENT=95 DEFAULT CHARSET=utf8 COLLATE=utf8_bin;

/*Data for the table `hms_invoice_lines` */

insert  into `hms_invoice_lines`(`InvoiceLineID`,`InvoiceID`,`PaymentID`,`subTotal`,`Quantity`) values (4,5,'11','2500',2),(5,5,'150','200',1),(6,7,NULL,'0',0),(7,8,NULL,'0',0),(8,9,'55','1',1),(9,10,'131','1',1),(10,10,'130','270',1),(11,11,'133','1301',1),(12,12,'135','200',1),(13,13,'137','1',1),(14,13,'136','2300',1),(15,14,'142','100',1),(16,14,'140','6250',1),(17,15,'151','100',1),(18,15,'147,148,145,146','8600',4),(19,16,'168,171','900',2),(20,16,'157,158','600',2),(21,16,'163','2300',1),(22,17,'175','1000',1),(23,17,'174','1600',1),(24,17,'173','2300',1),(25,18,'187','1000',1),(26,18,'185','3325',1),(27,18,'184','2300',1),(28,18,'186','800',1),(29,19,'204','10500',1),(30,20,'236','200',1),(31,20,'208,209,210,211,234','305561',5),(32,21,'334','26000',1),(33,21,'333','52',1),(34,21,'332','1000',1),(35,22,'153','1000',1),(36,23,'362','100',1),(37,23,'361','600',1),(38,23,'360','1300',1),(39,24,'390','2000',1),(40,25,'403','1200',1),(41,25,'401','670',1),(42,25,'402','1300',1),(43,26,'433','1200',1),(44,26,'432,431','171',2),(45,26,'425','369',1),(46,27,'444','1000',1),(47,27,'443','1115',1),(48,27,'441','56',1),(49,27,'442','554',1),(50,28,'454','1000',1),(51,28,'452,449','15042',2),(52,28,'446','6500',1),(53,28,'451','507',1),(54,29,'493','1000',1),(55,29,'491','504',1),(56,29,'490','6500',1),(57,29,'492','624',1),(58,30,'76','1',1),(59,30,'102','460',1),(73,44,'589','736000',1),(74,45,'714','4000',1),(75,45,'694','3195',1),(76,46,'731','100',1),(77,46,'727,730','2483',2),(78,46,'726','2000',1),(79,46,'728','5753',1),(80,47,'738','200',1),(81,47,'736','820',1),(82,47,'735','300561',1),(83,47,'737','2000',1),(84,48,'766','100',1),(85,48,'756,758','1381',2),(86,48,'752,754','301561',2),(87,48,'761,762','2869',2),(88,49,'767','1000',1),(89,49,'755,757','1148',2),(90,49,'751,753','4500',2),(91,49,'759,760','2753',2),(92,50,'772','1500',1),(93,50,'771','300561',1),(94,51,'798','1000',1);

/*Table structure for table `hms_laboratory_technician` */

DROP TABLE IF EXISTS `hms_laboratory_technician`;

CREATE TABLE `hms_laboratory_technician` (
  `ID` int(4) unsigned NOT NULL AUTO_INCREMENT,
  `UserID` int(8) DEFAULT NULL,
  `FullName` varchar(80) NOT NULL,
  `DateAdded` datetime NOT NULL,
  PRIMARY KEY (`ID`)
) ENGINE=InnoDB AUTO_INCREMENT=2 DEFAULT CHARSET=utf8;

/*Data for the table `hms_laboratory_technician` */

insert  into `hms_laboratory_technician`(`ID`,`UserID`,`FullName`,`DateAdded`) values (1,14,'habib ahmad','2015-12-11 14:43:19');

/*Table structure for table `hms_ot_procedures` */

DROP TABLE IF EXISTS `hms_ot_procedures`;

CREATE TABLE `hms_ot_procedures` (
  `ProcedureID` int(10) unsigned NOT NULL AUTO_INCREMENT,
  `ProcedureTypeID` int(3) unsigned DEFAULT NULL,
  `PatID` int(10) unsigned NOT NULL,
  `OT_ID` int(3) unsigned NOT NULL,
  `ConsultantID` int(5) unsigned NOT NULL,
  `StartDate` timestamp NOT NULL DEFAULT CURRENT_TIMESTAMP ON UPDATE CURRENT_TIMESTAMP,
  `StartTime` varchar(10) COLLATE utf8_bin DEFAULT '00:00 AM',
  `EndDate` date DEFAULT NULL,
  `EndTime` varchar(10) COLLATE utf8_bin DEFAULT '00:00 AM',
  `DateAdded` datetime NOT NULL,
  `IsActive` tinyint(1) unsigned NOT NULL DEFAULT '1',
  `ProcedureStatusID` tinyint(2) NOT NULL DEFAULT '1',
  `AddedBy` int(8) NOT NULL,
  `UpdatedBy` int(8) DEFAULT NULL,
  PRIMARY KEY (`ProcedureID`),
  KEY `hms_ot_procedures_ibfk_1` (`PatID`),
  KEY `ProcedureTypeID` (`ProcedureTypeID`),
  KEY `OT_ID` (`OT_ID`)
) ENGINE=InnoDB AUTO_INCREMENT=419 DEFAULT CHARSET=utf8 COLLATE=utf8_bin;

/*Data for the table `hms_ot_procedures` */

insert  into `hms_ot_procedures`(`ProcedureID`,`ProcedureTypeID`,`PatID`,`OT_ID`,`ConsultantID`,`StartDate`,`StartTime`,`EndDate`,`EndTime`,`DateAdded`,`IsActive`,`ProcedureStatusID`,`AddedBy`,`UpdatedBy`) values (1,1,1,1,1,'2015-10-20 00:00:00','10:00 AM','2015-10-15','12:00 AM','2015-10-14 23:17:28',0,1,1,NULL),(2,2,1,1,2,'2015-10-27 00:00:00','12:00 PM','2015-10-27','01:00 PM','2015-10-20 08:14:10',0,1,1,NULL),(3,2,10,1,2,'2015-11-11 00:00:00','12:00 PM','2015-11-11','01:00 PM','2015-10-20 08:18:24',0,1,1,NULL),(4,2,9,1,3,'2015-10-20 00:00:00','03:15 PM','2015-10-20','04:15 PM','2015-10-20 12:21:21',0,1,1,NULL),(5,2,9,1,3,'2015-10-20 00:00:00','04:15 PM','2015-10-20','05:15 PM','2015-10-20 12:24:38',0,1,1,NULL),(6,2,1,2,3,'2015-10-20 00:00:00','04:45 PM','2015-10-20','05:45 PM','2015-10-20 13:47:19',0,1,1,NULL),(10,2,25,1,3,'2015-10-30 00:00:00','02:00 PM','2015-10-21','03:00 PM','2015-10-21 10:07:25',0,1,1,NULL),(11,2,27,2,6,'2015-11-02 00:00:00','11:00 AM','2015-11-02','12:00 PM','2015-11-02 06:08:27',0,1,1,NULL),(12,2,31,17,2,'2015-11-07 00:00:00','12:00 AM','2015-11-07','02:00 AM','2015-11-06 10:18:45',0,1,1,NULL),(13,2,30,17,2,'2015-11-07 00:00:00','12:15 AM','2015-11-07','01:15 AM','2015-11-06 10:24:22',0,1,1,NULL),(14,2,30,2,1,'2015-11-07 00:00:00','01:15 AM','2015-11-07','01:15 AM','2015-11-06 10:30:27',0,1,1,NULL),(15,2,30,2,2,'2015-11-07 00:00:00','02:30 AM','2015-11-07','04:30 AM','2015-11-07 10:47:20',0,1,1,NULL),(16,2,33,2,2,'2015-11-07 00:00:00','11:45 PM','2015-11-07','01:45 AM','2015-11-07 10:55:31',0,1,1,NULL),(17,2,33,1,2,'2015-11-07 00:00:00','01:00 AM','2015-11-07','04:00 AM','2015-11-07 11:08:32',0,1,1,NULL),(18,2,36,17,2,'2015-11-08 00:00:00','11:45 PM','2015-11-08','11:45 PM','2015-11-09 08:50:34',0,1,1,NULL),(19,2,34,1,2,'2015-11-08 00:00:00','11:45 PM','2015-11-08','12:45 AM','2015-11-09 08:53:41',0,1,1,NULL),(20,2,34,1,2,'2015-11-08 00:00:00','11:45 PM','2015-11-08','12:45 AM','2015-11-09 08:53:41',0,1,1,NULL),(21,2,34,1,2,'2015-11-08 00:00:00','11:45 PM','2015-11-08','12:45 AM','2015-11-09 08:53:41',0,1,1,NULL),(22,2,34,1,2,'2015-11-08 00:00:00','11:45 PM','2015-11-08','12:45 AM','2015-11-09 08:53:41',0,1,1,NULL),(23,2,34,1,2,'2015-11-08 00:00:00','11:45 PM','2015-11-08','12:45 AM','2015-11-09 08:53:41',0,1,1,NULL),(24,2,34,1,2,'2015-11-08 00:00:00','11:45 PM','2015-11-08','12:45 AM','2015-11-09 08:53:41',0,1,1,NULL),(25,2,34,1,2,'2015-11-08 00:00:00','11:45 PM','2015-11-08','12:45 AM','2015-11-09 08:53:42',0,1,1,NULL),(26,2,34,1,2,'2015-11-08 00:00:00','11:45 PM','2015-11-08','12:45 AM','2015-11-09 08:53:42',0,1,1,NULL),(27,2,34,1,2,'2015-11-08 00:00:00','11:45 PM','2015-11-08','12:45 AM','2015-11-09 08:53:42',0,1,1,NULL),(28,2,34,1,2,'2015-11-08 00:00:00','11:45 PM','2015-11-08','12:45 AM','2015-11-09 08:53:42',0,1,1,NULL),(29,2,34,1,2,'2015-11-08 00:00:00','11:45 PM','2015-11-08','12:45 AM','2015-11-09 08:53:42',0,1,1,NULL),(30,2,34,1,2,'2015-11-08 00:00:00','11:45 PM','2015-11-08','12:45 AM','2015-11-09 08:53:42',0,1,1,NULL),(31,2,34,1,2,'2015-11-08 00:00:00','11:45 PM','2015-11-08','12:45 AM','2015-11-09 08:53:42',0,1,1,NULL),(32,2,34,1,2,'2015-11-08 00:00:00','11:45 PM','2015-11-08','12:45 AM','2015-11-09 08:53:42',0,1,1,NULL),(33,2,34,1,2,'2015-11-08 00:00:00','11:45 PM','2015-11-08','12:45 AM','2015-11-09 08:53:42',0,1,1,NULL),(34,2,37,2,1,'2015-11-10 00:00:00','02:15 AM','2015-11-10','03:15 AM','2015-11-09 11:24:33',0,1,1,NULL),(35,2,37,2,2,'2015-11-10 00:00:00','02:15 AM','2015-11-10','03:15 AM','2015-11-09 11:27:04',0,1,1,NULL),(36,2,37,17,3,'2015-11-09 00:00:00','02:15 AM','2015-11-09','03:15 AM','2015-11-09 11:29:23',0,1,1,NULL),(37,2,37,2,6,'2015-11-09 00:00:00','02:30 AM','2015-11-09','03:30 AM','2015-11-09 11:30:52',0,1,1,NULL),(38,2,38,2,3,'2015-11-09 00:00:00','02:30 AM','2015-11-09','02:30 AM','2015-11-09 11:39:10',0,1,1,NULL),(39,2,38,18,3,'2015-11-09 00:00:00','02:30 AM','2015-11-09','03:30 AM','2015-11-09 11:45:53',0,1,1,NULL),(40,2,39,1,1,'2015-11-09 00:00:00','11:30 PM','2015-11-09','12:30 AM','2015-11-10 08:50:47',0,1,1,NULL),(41,2,40,1,3,'2015-11-09 00:00:00','11:45 PM','2015-11-09','11:45 PM','2015-11-10 08:58:27',0,1,1,NULL),(42,2,39,17,2,'2015-11-10 00:00:00','11:30 PM','2015-11-10','12:30 AM','2015-11-10 11:04:10',0,1,1,NULL),(43,5,43,17,1,'2015-11-10 00:00:00','11:30 PM','2015-11-10','12:00 AM','2015-11-10 11:10:19',0,1,1,NULL),(44,2,48,1,2,'2015-11-11 00:00:00','10:00 AM','2015-11-11','11:00 AM','2015-11-11 07:02:23',0,1,1,NULL),(45,5,48,2,6,'2015-11-11 00:00:00','10:00 AM','2015-11-11','11:00 AM','2015-11-11 07:03:32',0,1,1,NULL),(46,2,48,1,1,'2015-11-11 00:00:00','10:00 AM','2015-11-11','11:00 AM','2015-11-11 07:12:26',1,1,1,NULL),(47,5,48,2,2,'2015-11-11 00:00:00','10:00 AM','2015-11-11','11:00 AM','2015-11-11 07:14:02',1,1,1,NULL),(48,2,47,1,1,'2015-11-11 00:00:00','10:15 AM','2015-11-11','11:15 AM','2015-11-11 07:18:22',1,1,1,NULL),(49,2,48,2,2,'2015-11-12 00:00:00','10:45 PM','0011-11-22','10:45 PM','2015-11-11 07:52:39',1,1,1,NULL),(50,2,50,1,2,'2015-11-11 00:00:00','12:00 PM','2015-11-11','01:00 PM','2015-11-11 08:08:49',1,1,1,NULL),(51,2,17,2,6,'2015-11-11 00:00:00','01:15 PM','2015-11-11','02:15 PM','2015-11-11 08:19:51',0,1,1,NULL),(52,2,19,2,6,'2015-11-11 00:00:00','01:15 PM','2015-11-11','02:15 PM','2015-11-11 08:29:48',0,1,1,NULL),(53,2,54,2,2,'2015-11-13 00:00:00','11:00 PM','2015-11-13','12:00 AM','2015-11-12 08:14:56',1,1,1,NULL),(54,2,55,2,1,'2015-11-12 00:00:00','01:15 AM','2015-11-12','02:15 AM','2015-11-12 10:21:48',1,1,1,NULL),(55,2,55,1,1,'2015-11-12 00:00:00','01:15 AM','2015-11-12','02:15 AM','2015-11-12 10:23:19',1,1,1,NULL),(56,5,52,1,1,'2015-11-12 00:00:00','01:15 AM','2015-11-12','01:15 AM','2015-11-12 10:24:53',1,1,0,NULL),(57,17,55,2,1,'2015-11-12 00:00:00','01:15 AM','2015-11-12','02:15 AM','2015-11-12 10:25:39',0,1,0,NULL),(58,5,56,1,1,'2015-11-13 00:00:00','09:45 AM','2015-11-13','10:45 AM','2015-11-13 06:49:46',0,1,1,NULL),(59,5,56,1,1,'2015-11-13 00:00:00','09:45 AM','2015-11-13','10:45 AM','2015-11-13 06:49:49',1,1,0,NULL),(60,5,56,1,1,'2015-11-13 00:00:00','09:45 AM','2015-11-13','10:45 AM','2015-11-13 06:49:49',1,1,1,NULL),(61,5,56,1,1,'2015-11-13 00:00:00','09:45 AM','2015-11-13','10:45 AM','2015-11-13 06:49:50',1,1,0,NULL),(62,5,56,1,1,'2015-11-13 00:00:00','09:45 AM','2015-11-13','10:45 AM','2015-11-13 06:49:50',1,1,1,NULL),(63,5,56,1,1,'2015-11-13 00:00:00','09:45 AM','2015-11-13','10:45 AM','2015-11-13 06:49:50',1,1,0,NULL),(64,5,56,1,1,'2015-11-13 00:00:00','09:45 AM','2015-11-13','10:45 AM','2015-11-13 06:49:50',1,1,1,NULL),(65,5,56,1,1,'2015-11-13 00:00:00','09:45 AM','2015-11-13','10:45 AM','2015-11-13 06:49:51',1,1,0,NULL),(66,5,56,1,1,'2015-11-13 00:00:00','09:45 AM','2015-11-13','10:45 AM','2015-11-13 06:49:51',1,1,1,NULL),(67,5,56,1,1,'2015-11-13 00:00:00','09:45 AM','2015-11-13','10:45 AM','2015-11-13 06:49:51',1,1,0,NULL),(68,5,56,1,1,'2015-11-13 00:00:00','09:45 AM','2015-11-13','10:45 AM','2015-11-13 06:49:52',1,1,1,NULL),(69,5,56,1,1,'2015-11-13 00:00:00','09:45 AM','2015-11-13','10:45 AM','2015-11-13 06:49:52',1,1,0,NULL),(70,5,56,1,1,'2015-11-13 00:00:00','09:45 AM','2015-11-13','10:45 AM','2015-11-13 06:49:52',1,1,1,NULL),(71,5,56,1,1,'2015-11-13 00:00:00','09:45 AM','2015-11-13','10:45 AM','2015-11-13 06:49:53',1,1,1,NULL),(72,5,56,1,2,'2015-11-13 00:00:00','09:45 AM','2015-11-13','10:45 AM','2015-11-13 06:50:39',1,1,1,NULL),(73,5,56,1,2,'2015-11-13 00:00:00','09:45 AM','2015-11-13','10:45 AM','2015-11-13 06:50:40',1,1,1,NULL),(74,5,56,1,2,'2015-11-13 00:00:00','09:45 AM','2015-11-13','10:45 AM','2015-11-13 06:50:41',1,1,1,NULL),(75,5,56,1,2,'2015-11-13 00:00:00','09:45 AM','2015-11-13','10:45 AM','2015-11-13 06:50:41',1,1,1,NULL),(76,5,56,1,2,'2015-11-13 00:00:00','09:45 AM','2015-11-13','10:45 AM','2015-11-13 06:50:41',1,1,1,NULL),(77,5,56,1,2,'2015-11-13 00:00:00','09:45 AM','2015-11-13','10:45 AM','2015-11-13 06:50:41',1,1,1,NULL),(78,5,56,1,2,'2015-11-13 00:00:00','09:45 AM','2015-11-13','10:45 AM','2015-11-13 06:51:27',1,1,1,NULL),(79,5,56,1,2,'2015-11-13 00:00:00','09:45 AM','2015-11-13','10:45 AM','2015-11-13 06:51:27',1,1,1,NULL),(80,5,56,1,2,'2015-11-13 00:00:00','09:45 AM','2015-11-13','10:45 AM','2015-11-13 06:51:28',1,1,1,NULL),(81,5,56,1,2,'2015-11-13 00:00:00','09:45 AM','2015-11-13','10:45 AM','2015-11-13 06:51:28',1,1,1,NULL),(82,5,56,1,2,'2015-11-13 00:00:00','09:45 AM','2015-11-13','10:45 AM','2015-11-13 06:51:28',1,1,1,NULL),(83,5,56,1,2,'2015-11-13 00:00:00','09:45 AM','2015-11-13','10:45 AM','2015-11-13 06:51:28',1,1,1,NULL),(84,5,56,1,2,'2015-11-13 00:00:00','09:45 AM','2015-11-13','10:45 AM','2015-11-13 06:51:29',1,1,1,NULL),(85,5,56,1,2,'2015-11-13 00:00:00','09:45 AM','2015-11-13','10:45 AM','2015-11-13 06:51:29',1,1,1,NULL),(86,5,56,1,2,'2015-11-13 00:00:00','09:45 AM','2015-11-13','10:45 AM','2015-11-13 06:51:29',1,1,1,NULL),(87,5,56,1,2,'2015-11-13 00:00:00','09:45 AM','2015-11-13','10:45 AM','2015-11-13 06:51:29',1,1,1,NULL),(88,2,57,2,1,'2015-11-13 00:00:00','09:45 AM','2015-11-13','09:45 AM','2015-11-13 06:54:35',1,1,1,NULL),(89,2,57,2,1,'2015-11-13 00:00:00','09:45 AM','2015-11-13','09:45 AM','2015-11-13 06:54:37',1,1,1,NULL),(90,2,57,2,1,'2015-11-13 00:00:00','09:45 AM','2015-11-13','09:45 AM','2015-11-13 06:54:37',1,1,1,NULL),(91,2,57,2,1,'2015-11-13 00:00:00','09:45 AM','2015-11-13','09:45 AM','2015-11-13 06:54:37',1,1,1,NULL),(92,2,57,2,1,'2015-11-13 00:00:00','09:45 AM','2015-11-13','09:45 AM','2015-11-13 06:54:38',1,1,1,NULL),(93,2,57,2,1,'2015-11-13 00:00:00','09:45 AM','2015-11-13','09:45 AM','2015-11-13 06:54:38',1,1,1,NULL),(94,2,57,2,1,'2015-11-13 00:00:00','09:45 AM','2015-11-13','09:45 AM','2015-11-13 06:54:38',1,1,1,NULL),(95,2,57,2,1,'2015-11-13 00:00:00','09:45 AM','2015-11-13','09:45 AM','2015-11-13 06:54:38',1,1,1,NULL),(96,2,57,2,1,'2015-11-13 00:00:00','09:45 AM','2015-11-13','09:45 AM','2015-11-13 06:54:38',1,1,1,NULL),(97,2,57,2,1,'2015-11-13 00:00:00','09:45 AM','2015-11-13','09:45 AM','2015-11-13 06:54:39',1,1,1,NULL),(98,2,57,2,1,'2015-11-13 00:00:00','09:45 AM','2015-11-13','09:45 AM','2015-11-13 06:54:39',1,1,1,NULL),(99,2,57,2,1,'2015-11-13 00:00:00','09:45 AM','2015-11-13','09:45 AM','2015-11-13 06:54:39',1,1,1,NULL),(100,5,58,2,2,'2015-11-13 00:00:00','11:30 AM','2015-11-13','12:30 AM','2015-11-13 07:32:31',1,1,1,NULL),(101,5,59,2,2,'2015-11-13 00:00:00','11:30 AM','2015-11-13','12:30 AM','2015-11-13 07:32:33',1,1,1,NULL),(102,5,60,2,2,'2015-11-13 00:00:00','11:30 AM','2015-11-13','12:30 AM','2015-11-13 07:32:33',1,1,1,NULL),(103,5,61,2,2,'2015-11-13 00:00:00','11:30 AM','2015-11-13','12:30 AM','2015-11-13 07:32:34',1,1,1,NULL),(104,5,62,2,2,'2015-11-13 00:00:00','11:30 AM','2015-11-13','12:30 AM','2015-11-13 07:32:34',1,1,1,NULL),(105,5,63,2,2,'2015-11-13 00:00:00','11:30 AM','2015-11-13','12:30 AM','2015-11-13 07:32:34',1,1,1,NULL),(106,5,64,2,2,'2015-11-13 00:00:00','11:30 AM','2015-11-13','12:30 AM','2015-11-13 07:32:34',1,1,1,NULL),(107,5,65,2,2,'2015-11-13 00:00:00','11:30 AM','2015-11-13','12:30 AM','2015-11-13 07:32:34',1,1,1,NULL),(108,5,66,2,2,'2015-11-13 00:00:00','11:30 AM','2015-11-13','12:30 AM','2015-11-13 07:32:34',1,1,1,NULL),(109,5,67,2,2,'2015-11-13 00:00:00','11:30 AM','2015-11-13','12:30 AM','2015-11-13 07:32:34',1,1,1,NULL),(110,5,68,2,2,'2015-11-13 00:00:00','11:30 AM','2015-11-13','12:30 AM','2015-11-13 07:32:35',1,1,1,NULL),(111,5,69,2,2,'2015-11-13 00:00:00','11:30 AM','2015-11-13','12:30 AM','2015-11-13 07:32:35',1,1,1,NULL),(112,5,70,2,2,'2015-11-13 00:00:00','11:30 AM','2015-11-13','12:30 AM','2015-11-13 07:32:36',1,1,1,NULL),(113,5,71,2,2,'2015-11-13 00:00:00','11:30 AM','2015-11-13','12:30 AM','2015-11-13 07:32:36',1,1,1,NULL),(114,5,72,2,2,'2015-11-13 00:00:00','11:30 AM','2015-11-13','12:30 AM','2015-11-13 07:32:36',1,1,1,NULL),(115,5,73,2,2,'2015-11-13 00:00:00','11:30 AM','2015-11-13','12:30 AM','2015-11-13 07:32:36',1,1,1,NULL),(116,5,74,2,2,'2015-11-13 00:00:00','11:30 AM','2015-11-13','12:30 AM','2015-11-13 07:32:36',1,1,1,NULL),(117,5,75,2,2,'2015-11-13 00:00:00','11:30 AM','2015-11-13','12:30 AM','2015-11-13 07:32:36',1,1,1,NULL),(118,5,76,2,2,'2015-11-13 00:00:00','11:30 AM','2015-11-13','12:30 AM','2015-11-13 07:32:37',1,1,1,NULL),(119,5,77,2,2,'2015-11-13 00:00:00','11:30 AM','2015-11-13','12:30 AM','2015-11-13 07:32:37',1,1,1,NULL),(120,5,78,2,2,'2015-11-13 00:00:00','11:30 AM','2015-11-13','12:30 AM','2015-11-13 07:32:37',1,1,1,NULL),(121,5,79,2,2,'2015-11-13 00:00:00','11:30 AM','2015-11-13','12:30 AM','2015-11-13 07:32:37',1,1,1,NULL),(122,5,80,2,2,'2015-11-13 00:00:00','11:30 AM','2015-11-13','12:30 AM','2015-11-13 07:32:39',1,1,1,NULL),(123,5,81,2,2,'2015-11-13 00:00:00','11:30 AM','2015-11-13','12:30 AM','2015-11-13 07:32:39',1,1,1,NULL),(124,5,82,2,2,'2015-11-13 00:00:00','11:30 AM','2015-11-13','12:30 AM','2015-11-13 07:32:39',1,1,1,NULL),(125,5,83,2,2,'2015-11-13 00:00:00','11:30 AM','2015-11-13','12:30 AM','2015-11-13 07:32:40',1,1,1,NULL),(126,5,84,2,2,'2015-11-13 00:00:00','11:30 AM','2015-11-13','12:30 AM','2015-11-13 07:32:40',1,1,1,NULL),(127,5,85,2,2,'2015-11-13 00:00:00','11:30 AM','2015-11-13','12:30 AM','2015-11-13 07:32:40',1,1,1,NULL),(128,5,86,2,2,'2015-11-13 00:00:00','11:30 AM','2015-11-13','12:30 AM','2015-11-13 07:32:40',1,1,1,NULL),(129,5,87,2,2,'2015-11-13 00:00:00','11:30 AM','2015-11-13','12:30 AM','2015-11-13 07:32:40',1,1,1,NULL),(130,5,88,2,2,'2015-11-13 00:00:00','11:30 AM','2015-11-13','12:30 AM','2015-11-13 07:32:41',1,1,1,NULL),(131,5,89,2,2,'2015-11-13 00:00:00','11:30 AM','2015-11-13','12:30 AM','2015-11-13 07:32:41',1,1,1,NULL),(132,5,90,2,2,'2015-11-13 00:00:00','11:30 AM','2015-11-13','12:30 AM','2015-11-13 07:32:41',1,1,1,NULL),(133,5,91,2,2,'2015-11-13 00:00:00','11:30 AM','2015-11-13','12:30 AM','2015-11-13 07:32:41',1,1,1,NULL),(134,5,92,2,2,'2015-11-13 00:00:00','11:30 AM','2015-11-13','12:30 AM','2015-11-13 07:32:41',1,1,1,NULL),(135,5,93,2,2,'2015-11-13 00:00:00','11:30 AM','2015-11-13','12:30 AM','2015-11-13 07:32:43',1,1,1,NULL),(136,5,94,2,2,'2015-11-13 00:00:00','11:30 AM','2015-11-13','12:30 AM','2015-11-13 07:32:44',1,1,1,NULL),(137,5,95,2,2,'2015-11-13 00:00:00','11:30 AM','2015-11-13','12:30 AM','2015-11-13 07:32:44',1,1,1,NULL),(138,5,96,2,2,'2015-11-13 00:00:00','11:30 AM','2015-11-13','12:30 AM','2015-11-13 07:33:31',1,1,1,NULL),(139,5,57,2,1,'2015-11-14 00:00:00','10:45 AM','2015-11-13','11:45 AM','2015-11-13 07:53:27',1,1,1,NULL),(140,5,57,2,1,'2015-11-14 00:00:00','10:45 AM','2015-11-13','11:45 AM','2015-11-13 07:53:29',1,1,1,NULL),(141,5,57,2,1,'2015-11-14 00:00:00','10:45 AM','2015-11-13','11:45 AM','2015-11-13 07:53:30',1,1,1,NULL),(142,5,57,2,1,'2015-11-14 00:00:00','10:45 AM','2015-11-13','11:45 AM','2015-11-13 07:53:30',1,1,1,NULL),(143,5,57,2,1,'2015-11-14 00:00:00','10:45 AM','2015-11-13','11:45 AM','2015-11-13 07:53:30',1,1,1,NULL),(144,5,57,2,1,'2015-11-14 00:00:00','10:45 AM','2015-11-13','11:45 AM','2015-11-13 07:53:30',1,1,1,NULL),(145,5,57,2,1,'2015-11-14 00:00:00','10:45 AM','2015-11-13','11:45 AM','2015-11-13 07:53:30',1,1,1,NULL),(146,5,57,2,1,'2015-11-14 00:00:00','10:45 AM','2015-11-13','11:45 AM','2015-11-13 07:53:31',1,1,1,NULL),(147,5,57,2,1,'2015-11-14 00:00:00','10:45 AM','2015-11-13','11:45 AM','2015-11-13 07:53:31',1,1,1,NULL),(148,5,57,2,1,'2015-11-14 00:00:00','10:45 AM','2015-11-13','11:45 AM','2015-11-13 07:53:32',1,1,1,NULL),(149,5,57,2,1,'2015-11-14 00:00:00','10:45 AM','2015-11-13','11:45 AM','2015-11-13 07:53:32',1,1,1,NULL),(150,5,57,2,1,'2015-11-14 00:00:00','10:45 AM','2015-11-13','11:45 AM','2015-11-13 07:53:32',1,1,1,NULL),(151,5,57,2,1,'2015-11-14 00:00:00','10:45 AM','2015-11-13','11:45 AM','2015-11-13 07:53:32',1,1,1,NULL),(152,5,57,2,1,'2015-11-14 00:00:00','10:45 AM','2015-11-13','11:45 AM','2015-11-13 07:53:32',1,1,1,NULL),(153,5,57,2,1,'2015-11-14 00:00:00','10:45 AM','2015-11-13','11:45 AM','2015-11-13 07:53:33',1,1,1,NULL),(154,5,57,2,1,'2015-11-14 00:00:00','10:45 AM','2015-11-13','11:45 AM','2015-11-13 07:53:33',1,1,1,NULL),(155,5,57,2,1,'2015-11-14 00:00:00','10:45 AM','2015-11-13','11:45 AM','2015-11-13 07:53:34',1,1,1,NULL),(156,5,57,2,1,'2015-11-14 00:00:00','10:45 AM','2015-11-13','11:45 AM','2015-11-13 07:53:34',1,1,1,NULL),(157,5,57,2,1,'2015-11-14 00:00:00','10:45 AM','2015-11-13','11:45 AM','2015-11-13 07:53:35',1,1,1,NULL),(158,5,57,2,1,'2015-11-14 00:00:00','10:45 AM','2015-11-13','11:45 AM','2015-11-13 07:53:35',1,1,1,NULL),(159,5,57,2,1,'2015-11-14 00:00:00','10:45 AM','2015-11-13','11:45 AM','2015-11-13 07:53:35',1,1,1,NULL),(160,5,56,2,1,'2015-11-14 00:00:00','10:45 AM','2015-11-13','11:45 AM','2015-11-13 07:53:40',1,1,1,NULL),(161,5,56,2,1,'2015-11-14 00:00:00','10:45 AM','2015-11-13','11:45 AM','2015-11-13 07:53:41',1,1,1,NULL),(162,5,56,2,1,'2015-11-14 00:00:00','10:45 AM','2015-11-13','11:45 AM','2015-11-13 07:53:41',1,1,1,NULL),(163,5,56,2,1,'2015-11-14 00:00:00','10:45 AM','2015-11-13','11:45 AM','2015-11-13 07:53:41',1,1,1,NULL),(164,5,54,2,1,'2015-11-14 00:00:00','10:45 AM','2015-11-13','11:45 AM','2015-11-13 07:53:45',1,1,1,NULL),(165,5,54,2,1,'2015-11-14 00:00:00','10:45 AM','2015-11-13','11:45 AM','2015-11-13 07:53:46',1,1,1,NULL),(166,5,54,2,1,'2015-11-14 00:00:00','10:45 AM','2015-11-13','11:45 AM','2015-11-13 07:53:46',1,1,1,NULL),(167,5,54,2,1,'2015-11-14 00:00:00','10:45 AM','2015-11-13','11:45 AM','2015-11-13 07:53:46',1,1,1,NULL),(168,5,54,2,1,'2015-11-14 00:00:00','10:45 AM','2015-11-13','11:45 AM','2015-11-13 07:53:46',1,1,1,NULL),(169,5,54,2,1,'2015-11-14 00:00:00','10:45 AM','2015-11-13','11:45 AM','2015-11-13 07:53:47',1,1,1,NULL),(170,5,48,36,2,'2015-11-13 00:00:00','10:45 AM','2015-11-14','10:45 AM','2015-11-13 07:54:23',1,1,1,NULL),(171,5,48,36,2,'2015-11-13 00:00:00','10:45 AM','2015-11-14','10:45 AM','2015-11-13 07:54:24',1,1,1,NULL),(172,5,48,36,2,'2015-11-13 00:00:00','10:45 AM','2015-11-14','10:45 AM','2015-11-13 07:54:24',1,1,1,NULL),(173,5,48,36,2,'2015-11-13 00:00:00','10:45 AM','2015-11-14','10:45 AM','2015-11-13 07:54:24',1,1,1,NULL),(174,5,48,36,2,'2015-11-13 00:00:00','10:45 AM','2015-11-14','10:45 AM','2015-11-13 07:54:25',1,1,1,NULL),(175,5,48,36,2,'2015-11-13 00:00:00','10:45 AM','2015-11-14','10:45 AM','2015-11-13 07:54:26',1,1,1,NULL),(176,5,48,36,2,'2015-11-13 00:00:00','10:45 AM','2015-11-14','10:45 AM','2015-11-13 07:54:26',1,1,1,NULL),(177,5,48,36,2,'2015-11-13 00:00:00','10:45 AM','2015-11-14','10:45 AM','2015-11-13 07:54:26',1,1,1,NULL),(178,5,48,36,2,'2015-11-13 00:00:00','10:45 AM','2015-11-14','10:45 AM','2015-11-13 07:54:26',1,1,1,NULL),(179,5,48,36,2,'2015-11-13 00:00:00','10:45 AM','2015-11-14','10:45 AM','2015-11-13 07:54:40',1,1,1,NULL),(180,5,48,36,2,'2015-11-13 00:00:00','10:45 AM','2015-11-14','10:45 AM','2015-11-13 07:54:40',1,1,1,NULL),(181,5,48,36,2,'2015-11-13 00:00:00','10:45 AM','2015-11-14','10:45 AM','2015-11-13 07:54:40',1,1,1,NULL),(182,5,48,36,2,'2015-11-13 00:00:00','10:45 AM','2015-11-14','10:45 AM','2015-11-13 07:54:40',1,1,1,NULL),(183,5,48,36,2,'2015-11-13 00:00:00','10:45 AM','2015-11-14','10:45 AM','2015-11-13 07:54:41',1,1,1,NULL),(184,5,48,36,2,'2015-11-13 00:00:00','10:45 AM','2015-11-14','10:45 AM','2015-11-13 07:54:41',1,1,1,NULL),(185,5,48,36,2,'2015-11-13 00:00:00','10:45 AM','2015-11-14','10:45 AM','2015-11-13 07:54:41',1,1,1,NULL),(186,5,48,36,2,'2015-11-13 00:00:00','10:45 AM','2015-11-14','10:45 AM','2015-11-13 07:54:41',1,1,1,NULL),(187,5,48,36,2,'2015-11-13 00:00:00','10:45 AM','2015-11-14','10:45 AM','2015-11-13 07:54:41',1,1,1,NULL),(188,5,48,36,2,'2015-11-13 00:00:00','10:45 AM','2015-11-14','10:45 AM','2015-11-13 07:54:42',1,1,1,NULL),(189,5,48,36,2,'2015-11-13 00:00:00','10:45 AM','2015-11-14','10:45 AM','2015-11-13 07:55:07',1,1,1,NULL),(190,5,48,36,2,'2015-11-13 00:00:00','10:45 AM','2015-11-14','10:45 AM','2015-11-13 07:55:08',1,1,1,NULL),(191,5,48,36,2,'2015-11-13 00:00:00','10:45 AM','2015-11-14','10:45 AM','2015-11-13 07:55:08',1,1,1,NULL),(192,5,48,36,2,'2015-11-13 00:00:00','10:45 AM','2015-11-14','10:45 AM','2015-11-13 07:55:08',1,1,1,NULL),(193,2,57,1,1,'2015-11-14 00:00:00','02:45 AM','2015-11-13','04:45 AM','2015-11-13 12:53:51',1,1,1,NULL),(194,2,57,1,1,'2015-11-14 00:00:00','02:45 AM','2015-11-13','04:45 AM','2015-11-13 12:53:53',1,1,1,NULL),(195,2,57,1,1,'2015-11-14 00:00:00','02:45 AM','2015-11-13','04:45 AM','2015-11-13 12:53:53',1,1,1,NULL),(196,2,57,1,1,'2015-11-14 00:00:00','02:45 AM','2015-11-13','04:45 AM','2015-11-13 12:53:53',1,1,1,NULL),(197,2,57,1,1,'2015-11-14 00:00:00','02:45 AM','2015-11-13','04:45 AM','2015-11-13 12:53:53',1,1,1,NULL),(198,2,57,1,1,'2015-11-14 00:00:00','02:45 AM','2015-11-13','04:45 AM','2015-11-13 12:53:54',1,1,1,NULL),(199,2,57,1,1,'2015-11-14 00:00:00','02:45 AM','2015-11-13','04:45 AM','2015-11-13 12:53:54',1,1,1,NULL),(200,2,57,1,1,'2015-11-14 00:00:00','02:45 AM','2015-11-13','04:45 AM','2015-11-13 12:53:54',1,1,1,NULL),(201,2,57,1,1,'2015-11-14 00:00:00','02:45 AM','2015-11-13','04:45 AM','2015-11-13 12:53:54',1,1,1,NULL),(202,2,57,1,1,'2015-11-14 00:00:00','02:45 AM','2015-11-13','04:45 AM','2015-11-13 12:53:54',1,1,1,NULL),(203,14,48,1,2,'2015-11-15 00:00:00','09:30 AM','2015-11-15','10:30 AM','2015-11-14 05:41:14',1,1,1,NULL),(204,2,27,1,2,'2015-11-15 00:00:00','10:00 AM','2015-11-15','11:00 AM','2015-11-14 06:08:00',1,1,1,NULL),(205,2,98,1,2,'2015-11-15 00:00:00','11:00 AM','2015-11-15','12:00 PM','2015-11-14 06:14:10',1,1,1,NULL),(206,2,99,1,2,'2015-11-16 00:00:00','11:00 AM','2015-11-15','12:00 PM','2015-11-14 06:17:37',1,1,1,NULL),(207,14,100,2,2,'2015-11-15 00:00:00','10:30 AM','2015-11-15','11:30 AM','2015-11-14 06:34:00',1,1,1,NULL),(208,2,101,1,1,'2015-11-14 00:00:00','09:45 PM','2015-11-14','10:45 PM','2015-11-14 06:53:02',1,1,1,NULL),(209,2,101,1,1,'2015-11-14 00:00:00','09:45 PM','2015-11-14','10:45 PM','2015-11-14 06:53:07',1,1,1,NULL),(210,2,101,1,1,'2015-11-14 00:00:00','09:45 PM','2015-11-14','10:45 PM','2015-11-14 06:53:07',1,1,1,NULL),(211,2,101,1,1,'2015-11-14 00:00:00','09:45 PM','2015-11-14','10:45 PM','2015-11-14 06:53:07',1,1,1,NULL),(212,2,101,1,1,'2015-11-14 00:00:00','09:45 PM','2015-11-14','10:45 PM','2015-11-14 06:53:08',1,1,1,NULL),(213,2,101,1,1,'2015-11-14 00:00:00','09:45 PM','2015-11-14','10:45 PM','2015-11-14 06:53:08',1,1,1,NULL),(214,2,101,1,1,'2015-11-14 00:00:00','09:45 PM','2015-11-14','10:45 PM','2015-11-14 06:53:08',1,1,1,NULL),(215,2,101,1,1,'2015-11-14 00:00:00','09:45 PM','2015-11-14','10:45 PM','2015-11-14 06:53:09',1,1,1,NULL),(216,2,101,1,1,'2015-11-14 00:00:00','09:45 PM','2015-11-14','10:45 PM','2015-11-14 06:53:09',1,1,1,NULL),(217,2,101,1,1,'2015-11-14 00:00:00','09:45 PM','2015-11-14','10:45 PM','2015-11-14 06:53:10',1,1,1,NULL),(218,2,101,1,1,'2015-11-14 00:00:00','09:45 PM','2015-11-14','10:45 PM','2015-11-14 06:53:10',1,1,1,NULL),(219,2,101,1,1,'2015-11-14 00:00:00','09:45 PM','2015-11-14','10:45 PM','2015-11-14 06:53:10',1,1,1,NULL),(220,2,101,1,1,'2015-11-14 00:00:00','09:45 PM','2015-11-14','10:45 PM','2015-11-14 06:53:10',1,1,1,NULL),(221,2,101,1,1,'2015-11-14 00:00:00','09:45 PM','2015-11-14','10:45 PM','2015-11-14 06:53:11',1,1,1,NULL),(222,2,101,1,1,'2015-11-14 00:00:00','09:45 PM','2015-11-14','10:45 PM','2015-11-14 06:53:11',1,1,1,NULL),(223,2,101,1,1,'2015-11-14 00:00:00','09:45 PM','2015-11-14','10:45 PM','2015-11-14 06:53:12',1,1,1,NULL),(224,2,101,1,1,'2015-11-14 00:00:00','09:45 PM','2015-11-14','10:45 PM','2015-11-14 06:53:12',1,1,1,NULL),(225,2,101,1,1,'2015-11-14 00:00:00','09:45 PM','2015-11-14','10:45 PM','2015-11-14 06:53:12',1,1,1,NULL),(226,2,101,1,1,'2015-11-14 00:00:00','09:45 PM','2015-11-14','10:45 PM','2015-11-14 06:53:13',1,1,1,NULL),(227,2,101,1,1,'2015-11-14 00:00:00','09:45 PM','2015-11-14','10:45 PM','2015-11-14 06:53:14',1,1,1,NULL),(228,2,101,1,1,'2015-11-14 00:00:00','09:45 PM','2015-11-14','10:45 PM','2015-11-14 06:53:22',1,1,1,NULL),(229,2,101,1,1,'2015-11-14 00:00:00','09:45 PM','2015-11-14','10:45 PM','2015-11-14 06:53:58',1,1,1,NULL),(230,2,101,1,1,'2015-11-14 00:00:00','09:45 PM','2015-11-14','10:45 PM','2015-11-14 06:54:03',1,1,1,NULL),(231,2,101,1,1,'2015-11-14 00:00:00','09:45 PM','2015-11-14','10:45 PM','2015-11-14 06:54:03',1,1,1,NULL),(232,14,16,17,2,'2015-11-15 00:00:00','10:45 AM','2015-11-15','10:45 AM','2015-11-14 06:56:37',1,1,1,NULL),(233,14,18,1,2,'2015-11-16 00:00:00','10:45 AM','2015-11-16','11:45 AM','2015-11-14 07:01:03',1,1,1,NULL),(234,2,28,25,3,'2015-11-17 00:00:00','11:00 AM','2015-11-17','12:00 PM','2015-11-14 07:04:46',1,1,1,NULL),(235,14,103,1,1,'2015-11-18 00:00:00','01:00 PM','2015-11-18','02:00 PM','2015-11-14 07:07:21',0,1,1,NULL),(236,14,103,1,1,'2015-11-18 00:00:00','01:00 PM','2015-11-18','02:00 PM','2015-11-14 07:07:24',0,1,1,NULL),(237,14,103,2,3,'2015-11-14 00:00:00','05:00 PM','2015-11-14','07:00 PM','2015-11-14 07:13:43',1,1,1,NULL),(238,2,102,17,2,'2015-11-20 00:00:00','12:45 PM','2015-11-20','01:45 PM','2015-11-14 09:05:49',1,1,1,NULL),(239,2,103,2,3,'2015-11-15 00:00:00','02:30 AM','2015-11-14','02:30 AM','2015-11-14 11:44:36',1,1,1,NULL),(240,2,103,2,3,'2015-11-15 00:00:00','02:30 AM','2015-11-14','02:30 AM','2015-11-14 11:44:40',1,1,1,NULL),(241,2,103,2,3,'2015-11-15 00:00:00','02:30 AM','2015-11-14','02:30 AM','2015-11-14 11:44:41',1,1,1,NULL),(242,2,103,2,3,'2015-11-15 00:00:00','02:30 AM','2015-11-14','02:30 AM','2015-11-14 11:44:41',1,1,1,NULL),(243,2,103,2,3,'2015-11-15 00:00:00','02:30 AM','2015-11-14','02:30 AM','2015-11-14 11:44:41',1,1,1,NULL),(244,2,103,2,3,'2015-11-15 00:00:00','02:30 AM','2015-11-14','02:30 AM','2015-11-14 11:44:42',1,1,1,NULL),(245,2,103,2,3,'2015-11-15 00:00:00','02:30 AM','2015-11-14','02:30 AM','2015-11-14 11:44:42',1,1,1,NULL),(246,2,103,2,3,'2015-11-15 00:00:00','02:30 AM','2015-11-15','02:30 AM','2015-11-14 11:44:49',1,1,1,NULL),(247,2,103,2,3,'2015-11-15 00:00:00','02:30 AM','2015-11-15','02:30 AM','2015-11-14 11:44:52',1,1,1,NULL),(248,14,103,2,2,'2015-11-16 00:00:00','02:30 AM','2015-11-15','02:30 AM','2015-11-14 11:45:37',1,1,1,NULL),(249,14,103,17,2,'2015-11-16 00:00:00','02:30 AM','2015-11-15','02:30 AM','2015-11-14 11:46:59',1,1,1,NULL),(250,14,103,25,2,'2015-11-16 00:00:00','02:30 AM','2015-11-15','02:30 AM','2015-11-14 11:47:03',1,1,1,NULL),(251,14,103,25,2,'2015-11-16 00:00:00','02:30 AM','2015-11-15','02:30 AM','2015-11-14 11:47:03',1,1,1,NULL),(252,14,103,25,2,'2015-11-16 00:00:00','02:30 AM','2015-11-15','02:30 AM','2015-11-14 11:47:03',1,1,1,NULL),(253,14,103,25,2,'2015-11-16 00:00:00','02:30 AM','2015-11-15','02:30 AM','2015-11-14 11:47:03',1,1,1,NULL),(254,14,103,25,2,'2015-11-16 00:00:00','02:30 AM','2015-11-15','02:30 AM','2015-11-14 11:47:03',1,1,1,NULL),(255,14,103,25,2,'2015-11-16 00:00:00','02:30 AM','2015-11-15','02:30 AM','2015-11-14 11:47:04',1,1,1,NULL),(256,2,107,1,3,'2015-11-17 00:00:00','01:00 PM','2015-11-17','02:00 PM','2015-11-17 09:13:37',1,1,1,NULL),(257,2,107,1,3,'2015-11-17 00:00:00','02:30 PM','2015-11-17','03:30 PM','2015-11-17 10:43:40',1,1,1,NULL),(258,14,107,1,2,'2015-11-17 00:00:00','03:45 PM','2015-11-17','04:45 PM','2015-11-17 10:46:00',1,1,1,NULL),(259,14,107,1,2,'2015-11-17 00:00:00','05:45 PM','2015-11-17','06:45 PM','2015-11-17 10:56:41',1,1,1,NULL),(260,2,105,1,1,'2015-11-17 00:00:00','11:00 PM','2015-11-17','03:00 PM','2015-11-17 11:02:15',1,1,1,NULL),(261,2,110,1,2,'2015-11-21 00:00:00','11:30 AM','2015-11-21','12:15 PM','2015-11-21 07:27:57',1,1,1,NULL),(262,2,114,1,2,'2015-11-21 00:00:00','12:30 PM','2015-11-21','01:30 PM','2015-11-21 07:44:56',1,1,1,NULL),(263,2,115,1,2,'2015-11-21 00:00:00','01:15 PM','2015-11-21','02:15 PM','2015-11-21 08:19:35',1,1,1,NULL),(264,2,117,1,2,'2015-11-23 00:00:00','12:45 PM','2015-11-23','01:45 PM','2015-11-23 08:46:05',1,1,1,NULL),(265,2,121,1,2,'2015-11-25 00:00:00','05:45 PM','2015-11-25','06:45 PM','2015-11-25 12:51:14',1,1,1,NULL),(266,14,125,1,1,'2015-12-01 00:00:00','09:15 PM','2015-12-01','09:15 PM','2015-12-02 10:25:58',1,1,1,NULL),(267,14,125,1,2,'2015-12-02 00:00:00','09:30 PM','2015-12-02','09:30 PM','2015-12-02 10:38:23',1,1,1,NULL),(268,2,125,2,2,'2015-12-02 00:00:00','09:30 PM','2015-12-02','09:30 PM','2015-12-02 10:45:10',1,1,1,NULL),(269,2,125,17,2,'2015-12-02 00:00:00','09:30 PM','2015-12-02','09:30 PM','2015-12-02 10:46:01',1,1,1,NULL),(270,2,126,1,1,'2015-12-02 00:00:00','10:00 PM','2015-12-02','10:00 PM','2015-12-02 11:14:20',0,1,1,NULL),(271,14,126,36,2,'2015-12-02 00:00:00','10:15 PM','2015-12-02','10:15 PM','2015-12-02 11:20:52',0,1,1,NULL),(272,2,127,2,2,'2015-12-03 00:00:00','12:30 PM','2015-12-03','01:30 PM','2015-12-02 11:37:53',1,1,1,NULL),(273,14,126,1,2,'2015-12-02 00:00:00','09:15 PM','2015-12-01','09:15 PM','2015-12-02 12:27:30',1,1,1,NULL),(274,15,126,1,3,'2015-12-01 00:00:00','11:15 PM','2015-12-01','11:15 PM','2015-12-02 12:30:34',1,1,1,NULL),(275,2,126,2,2,'2015-12-03 00:00:00','12:00 AM','2015-12-02','12:00 AM','2015-12-02 13:00:54',1,1,1,NULL),(276,14,126,17,2,'2015-12-03 00:00:00','12:00 AM','2015-12-03','12:00 AM','2015-12-02 13:01:18',1,1,1,NULL),(277,15,125,2,2,'2015-12-04 00:00:00','02:45 AM','2015-12-04','02:45 AM','2015-12-02 15:54:31',1,1,1,NULL),(278,2,128,2,2,'2015-12-03 00:00:00','09:30 PM','2015-12-03','09:30 PM','2015-12-03 10:30:46',1,1,1,NULL),(279,14,130,1,1,'2015-12-04 00:00:00','09:45 PM','2015-12-04','09:45 PM','2015-12-04 10:56:24',1,1,1,NULL),(280,14,130,2,1,'2015-12-04 00:00:00','10:00 PM','2015-12-04','10:00 PM','2015-12-04 11:04:49',1,1,1,NULL),(281,14,133,2,1,'2015-12-29 00:00:00','12:30 PM','2015-12-29','01:30 PM','2015-12-04 11:31:41',1,1,1,NULL),(282,17,133,36,3,'2015-12-28 00:00:00','02:45 PM','2015-12-31','02:45 PM','2015-12-04 14:51:24',1,1,1,NULL),(283,2,133,1,2,'2015-12-31 00:00:00','04:00 PM','2015-12-31','04:00 PM','2015-12-04 16:09:54',1,1,1,NULL),(284,14,133,2,1,'2015-12-31 00:00:00','04:15 PM','2015-12-30','04:15 PM','2015-12-04 16:15:48',1,1,1,NULL),(285,16,133,17,1,'2015-12-29 00:00:00','04:15 PM','2015-12-30','04:15 PM','2015-12-04 16:16:54',1,1,1,NULL),(286,14,133,17,1,'2015-12-31 00:00:00','04:15 PM','2015-12-31','04:15 PM','2015-12-04 16:19:34',1,1,1,NULL),(287,19,133,36,2,'2015-12-29 00:00:00','04:15 PM','2015-12-30','04:15 PM','2015-12-04 16:20:29',1,1,1,NULL),(288,17,133,2,3,'2015-12-29 00:00:00','04:15 PM','2015-12-31','04:15 PM','2015-12-04 16:21:29',1,1,1,NULL),(289,16,133,17,2,'2015-12-24 00:00:00','04:15 PM','2015-12-30','04:15 PM','2015-12-04 16:23:21',1,1,1,NULL),(290,18,133,25,1,'2015-12-28 00:00:00','04:15 PM','2015-12-31','04:15 PM','2015-12-04 16:25:13',1,1,1,NULL),(291,15,133,17,1,'2015-12-29 00:00:00','04:15 PM','2015-12-31','04:15 PM','2015-12-04 16:25:53',1,1,1,NULL),(292,2,137,1,2,'2015-12-05 00:00:00','11:15 AM','2015-12-05','12:15 PM','2015-12-05 10:35:20',1,1,1,NULL),(293,19,138,36,1,'2015-12-22 00:00:00','10:45 AM','2015-12-30','10:45 AM','2015-12-05 10:51:17',1,1,1,NULL),(294,2,139,1,1,'2015-11-02 00:00:00','11:00 AM','2015-11-02','12:00 PM','2015-12-05 11:06:50',1,1,1,NULL),(295,22,130,1,2,'2015-12-10 00:00:00','09:45 AM','2015-12-10','09:45 AM','2015-12-09 10:00:08',1,1,1,NULL),(296,22,153,2,2,'2015-12-15 00:00:00','10:45 AM','2015-12-15','12:00 PM','2015-12-15 10:56:52',1,1,7,NULL),(297,22,155,1,2,'2015-12-15 00:00:00','09:45 PM','2015-12-15','09:45 PM','2015-12-15 10:57:03',1,1,1,NULL),(298,14,153,2,3,'2015-12-15 00:00:00','11:00 AM','2015-12-15','12:00 PM','2015-12-15 11:06:34',1,1,7,NULL),(299,24,155,2,2,'2015-12-14 00:00:00','10:00 PM','2015-12-15','10:00 PM','2015-12-15 11:08:09',1,1,16,NULL),(300,22,157,1,2,'2015-12-14 00:00:00','10:15 AM','2015-12-14','10:15 AM','2015-12-15 11:22:54',1,1,16,NULL),(301,19,158,1,3,'2015-12-15 00:00:00','02:15 PM','2015-12-15','02:15 PM','2015-12-15 14:25:42',1,1,7,NULL),(302,17,159,36,3,'2015-12-15 00:00:00','02:30 PM','2015-12-08','03:30 PM','2015-12-15 14:32:21',1,1,7,NULL),(303,18,160,25,6,'2015-12-15 00:00:00','02:45 PM','2015-12-15','03:45 PM','2015-12-15 14:52:44',1,1,7,NULL),(304,19,147,1,2,'2015-12-15 00:00:00','02:15 AM','2015-12-15','02:15 AM','2015-12-15 15:27:43',1,1,16,NULL),(305,16,162,1,6,'2015-12-16 00:00:00','10:45 AM','2015-12-16','11:50 AM','2015-12-16 10:53:54',1,1,1,NULL),(306,17,162,1,6,'2015-12-16 00:00:00','10:45 AM','2015-12-16','10:45 AM','2015-12-16 11:00:01',1,1,1,NULL),(307,15,147,1,1,'2015-12-16 00:00:00','12:00 PM','2015-12-16','01:00 PM','2015-12-16 11:05:28',1,1,1,NULL),(308,26,147,25,6,'2015-12-16 00:00:00','11:15 AM','2015-12-16','12:15 PM','2015-12-16 11:17:10',1,1,1,NULL),(309,16,162,25,1,'2015-12-16 00:00:00','12:15 PM','2015-12-16','01:15 PM','2015-12-16 11:19:54',1,1,1,NULL),(310,19,147,1,6,'2015-12-16 00:00:00','01:30 PM','2015-12-16','02:30 PM','2015-12-16 11:41:43',1,1,1,NULL),(311,18,147,17,2,'2015-12-16 00:00:00','11:45 AM','2015-12-16','11:45 AM','2015-12-16 11:46:13',1,1,1,NULL),(312,14,147,1,1,'2015-12-16 00:00:00','03:00 PM','2015-12-16','04:00 PM','2015-12-16 12:04:07',1,1,1,NULL),(313,18,147,36,3,'2015-12-16 00:00:00','04:00 PM','2015-12-16','05:00 PM','2015-12-16 12:04:40',1,1,1,NULL),(314,17,147,17,2,'2015-12-16 00:00:00','12:15 PM','2015-12-16','12:15 PM','2015-12-16 12:21:57',1,1,1,NULL),(315,18,147,36,2,'2015-12-16 00:00:00','12:30 PM','2015-12-16','01:30 PM','2015-12-16 12:42:03',1,1,1,NULL),(316,16,147,1,6,'2015-12-16 00:00:00','12:45 PM','2015-12-16','12:45 PM','2015-12-16 12:50:38',1,1,1,NULL),(317,18,147,2,6,'2015-12-16 00:00:00','12:45 PM','2015-12-16','12:45 PM','2015-12-16 12:53:48',1,1,1,NULL),(318,18,147,25,6,'2015-12-16 00:00:00','12:45 PM','2015-12-16','12:45 PM','2015-12-16 12:54:49',1,1,1,NULL),(319,18,147,17,6,'2015-12-16 00:00:00','12:45 PM','2015-12-16','01:45 PM','2015-12-16 12:56:50',1,1,1,NULL),(320,18,162,25,6,'2015-12-16 00:00:00','11:45 AM','2015-12-16','02:45 PM','2015-12-16 12:57:25',1,1,1,NULL),(321,18,147,1,6,'2015-12-16 00:00:00','03:00 PM','2015-12-16','04:00 PM','2015-12-16 15:15:31',1,1,1,NULL),(322,18,147,25,6,'2015-12-16 00:00:00','03:15 PM','2015-12-16','04:15 PM','2015-12-16 15:16:48',1,1,1,NULL),(323,18,147,25,1,'2015-12-16 00:00:00','03:15 PM','2015-12-16','04:15 PM','2015-12-16 15:21:06',1,1,1,NULL),(324,16,147,2,1,'2015-12-16 00:00:00','03:15 PM','2015-12-16','04:15 PM','2015-12-16 15:23:29',1,1,1,NULL),(325,26,147,25,1,'2015-12-16 00:00:00','03:15 PM','2015-12-16','04:15 PM','2015-12-16 15:24:58',1,1,1,NULL),(326,16,147,2,1,'2015-12-16 00:00:00','03:15 PM','2015-12-16','04:15 PM','2015-12-16 15:27:23',1,1,1,NULL),(327,18,147,25,1,'2015-12-16 00:00:00','03:15 PM','2015-12-16','04:15 PM','2015-12-16 15:28:56',1,1,1,NULL),(328,18,147,17,6,'2015-12-16 00:00:00','03:30 PM','2015-12-16','04:30 PM','2015-12-16 15:30:46',1,1,1,NULL),(329,15,162,1,2,'2015-12-16 00:00:00','03:30 PM','2015-12-16','04:30 PM','2015-12-16 15:31:51',1,1,1,NULL),(330,18,162,25,1,'2015-12-16 00:00:00','04:30 PM','2015-12-16','05:30 PM','2015-12-16 15:33:12',1,1,1,NULL),(331,26,162,36,3,'2015-12-16 00:00:00','05:30 PM','2015-12-16','06:30 PM','2015-12-16 15:33:52',1,1,1,NULL),(332,24,147,36,2,'2015-12-16 00:00:00','04:30 PM','2015-12-16','07:30 PM','2015-12-16 15:34:20',1,1,1,NULL),(333,24,147,43,2,'2015-12-16 00:00:00','03:30 PM','2015-12-16','04:30 PM','2015-12-16 15:39:28',1,1,1,NULL),(334,18,163,25,6,'2015-12-16 00:00:00','03:45 PM','2015-12-16','04:45 PM','2015-12-16 15:47:04',1,1,1,NULL),(335,15,164,2,1,'2015-12-16 00:00:00','04:45 PM','2015-12-16','04:45 PM','2015-12-16 16:48:12',1,1,7,NULL),(336,19,147,1,2,'2015-12-29 00:00:00','10:45 PM','2015-12-29','10:45 PM','2015-12-17 10:32:13',1,1,1,NULL),(337,19,162,1,1,'2015-12-30 00:00:00','10:30 AM','2015-12-30','10:30 AM','2015-12-17 10:33:11',1,1,1,NULL),(338,19,162,1,1,'2015-12-30 00:00:00','10:30 AM','2015-12-31','10:30 AM','2015-12-17 10:41:10',1,1,1,NULL),(339,24,147,2,1,'2015-12-29 00:00:00','10:30 AM','2015-12-30','10:30 AM','2015-12-17 10:44:42',1,1,1,NULL),(340,19,147,1,6,'2015-12-29 00:00:00','10:45 AM','2015-12-30','10:45 AM','2015-12-17 10:45:44',1,1,1,NULL),(341,19,147,25,2,'2015-12-29 00:00:00','10:45 AM','2015-12-30','10:45 AM','2015-12-17 10:50:35',1,1,1,NULL),(342,19,147,1,1,'2015-12-29 00:00:00','10:45 AM','2015-12-29','10:45 AM','2015-12-17 10:54:04',1,1,1,NULL),(343,19,147,1,1,'2015-12-29 00:00:00','10:45 AM','2015-12-30','10:45 AM','2015-12-17 10:56:23',1,1,1,NULL),(344,19,147,36,2,'2015-12-29 00:00:00','12:00 AM','2015-12-30','12:00 PM','2015-12-17 10:57:34',1,1,1,NULL),(345,19,147,1,1,'2015-12-29 00:00:00','11:00 AM','2015-12-30','11:00 AM','2015-12-17 11:03:08',1,1,1,NULL),(346,19,147,36,1,'2015-12-30 00:00:00','11:00 AM','2015-12-29','11:00 AM','2015-12-17 11:04:20',1,1,1,NULL),(347,19,147,17,1,'2015-12-24 00:00:00','11:00 AM','2015-12-29','11:00 AM','2015-12-17 11:05:36',1,1,1,NULL),(348,19,147,17,2,'2015-12-22 00:00:00','11:00 AM','2015-12-28','11:00 AM','2015-12-17 11:07:01',1,1,1,NULL),(349,22,147,25,1,'2015-12-29 00:00:00','11:00 AM','2015-12-30','11:00 AM','2015-12-17 11:10:28',1,1,1,NULL),(350,19,147,1,1,'2015-12-29 00:00:00','11:00 AM','2015-12-30','11:00 AM','2015-12-17 11:11:23',1,1,1,NULL),(351,19,162,17,1,'2015-12-22 00:00:00','11:00 AM','2015-12-23','11:00 AM','2015-12-17 11:14:36',1,1,1,NULL),(352,19,162,1,1,'2015-12-23 00:00:00','11:00 AM','2015-12-30','11:00 AM','2015-12-17 11:15:00',1,1,1,NULL),(353,19,161,1,1,'2015-12-29 00:00:00','11:15 AM','2015-12-30','11:15 AM','2015-12-17 11:17:05',1,1,1,NULL),(354,19,161,1,1,'2015-12-29 00:00:00','11:15 AM','2015-12-30','11:15 AM','2015-12-17 11:20:23',1,1,1,NULL),(355,19,161,1,1,'2015-12-23 00:00:00','11:15 AM','2015-12-24','11:15 AM','2015-12-17 11:21:36',1,1,1,NULL),(356,19,161,1,1,'2015-12-23 00:00:00','11:15 AM','2015-12-24','11:15 AM','2015-12-17 11:22:34',1,1,1,NULL),(357,19,161,1,1,'2015-12-23 00:00:00','11:15 AM','2015-12-24','11:15 AM','2015-12-17 11:24:54',1,1,1,NULL),(358,19,162,1,2,'2015-12-22 00:00:00','11:15 AM','2015-12-23','11:15 AM','2015-12-17 11:25:38',1,1,1,NULL),(359,19,165,2,1,'2015-12-23 00:00:00','11:30 AM','2015-12-24','11:30 AM','2015-12-17 11:26:41',1,1,1,NULL),(360,11,166,1,2,'2015-12-17 00:00:00','10:15 AM','2015-12-17','10:15 AM','2015-12-17 11:28:35',0,1,16,NULL),(361,19,162,1,1,'2016-01-26 00:00:00','11:15 AM','2015-12-30','11:15 AM','2015-12-17 11:29:26',1,1,1,NULL),(362,19,162,2,1,'2016-01-26 00:00:00','11:30 PM','2015-12-29','11:30 AM','2015-12-17 11:30:30',1,1,1,NULL),(363,19,162,1,1,'2015-12-24 00:00:00','11:30 AM','2015-12-18','11:30 AM','2015-12-17 11:33:06',1,1,1,NULL),(364,19,162,1,1,'2015-12-23 00:00:00','11:30 AM','2015-12-30','11:30 AM','2015-12-17 11:35:54',1,1,1,NULL),(365,19,162,1,1,'2015-12-29 00:00:00','11:30 AM','2015-12-30','11:30 AM','2015-12-17 11:37:41',1,1,1,NULL),(366,19,162,1,1,'2016-01-05 00:00:00','11:30 AM','2016-01-08','11:30 AM','2015-12-17 11:39:48',1,1,1,NULL),(367,19,162,2,1,'2015-12-23 00:00:00','11:30 AM','2015-12-22','11:30 AM','2015-12-17 11:40:32',1,1,1,NULL),(368,19,162,1,1,'2015-12-29 00:00:00','11:30 AM','2015-12-23','11:30 AM','2015-12-17 11:41:08',1,1,1,NULL),(369,29,166,2,2,'2015-12-17 00:00:00','10:45 AM','2015-12-17','10:45 AM','2015-12-17 11:47:14',1,1,16,NULL),(370,29,166,2,2,'2015-12-16 00:00:00','11:00 AM','2015-12-16','11:00 AM','2015-12-17 12:08:43',1,1,16,NULL),(371,22,166,1,3,'2015-12-16 00:00:00','11:00 AM','2015-12-16','11:00 AM','2015-12-17 12:13:31',1,1,16,NULL),(372,22,166,2,2,'2015-12-17 00:00:00','11:15 AM','2015-12-17','11:15 AM','2015-12-17 12:16:01',1,1,16,NULL),(373,19,171,1,2,'2015-12-17 00:00:00','11:15 PM','2015-12-16','11:15 PM','2015-12-17 12:24:36',1,1,16,NULL),(374,19,165,2,3,'2015-12-17 00:00:00','11:15 PM','2015-12-17','11:15 PM','2015-12-17 12:26:52',1,1,16,NULL),(375,19,162,1,1,'2015-12-23 00:00:00','03:45 PM','2015-12-24','03:45 PM','2015-12-17 15:48:28',1,1,1,NULL),(376,19,162,2,1,'2015-12-23 00:00:00','03:45 AM','2015-12-24','03:45 AM','2015-12-17 15:49:37',1,1,1,NULL),(377,19,177,2,6,'2015-12-25 00:00:00','01:00 PM','2015-12-26','01:00 PM','2015-12-18 13:05:46',1,1,1,NULL),(378,19,210,2,2,'2015-12-20 00:00:00','10:30 PM','2015-12-20','10:30 PM','2015-12-21 11:42:35',1,1,1,NULL),(379,19,211,1,2,'2015-12-22 00:00:00','11:00 PM','2015-12-22','11:00 PM','2015-12-22 12:07:21',1,1,7,NULL),(380,14,209,1,3,'2015-12-22 00:00:00','02:45 PM','2015-12-22','04:45 PM','2015-12-22 14:57:43',1,1,1,NULL),(381,29,212,1,2,'2015-12-25 00:00:00','11:15 AM','2015-12-25','12:15 PM','2015-12-25 10:20:32',1,1,1,NULL),(382,15,213,1,2,'2015-12-25 00:00:00','01:45 PM','2015-12-25','02:45 PM','2015-12-25 11:53:39',1,1,1,NULL),(383,19,214,1,2,'2015-12-25 00:00:00','12:30 PM','2015-12-25','02:30 PM','2015-12-25 12:45:33',1,1,1,NULL),(384,19,215,2,2,'2015-12-25 00:00:00','01:45 PM','2015-12-25','02:45 PM','2015-12-25 12:47:50',1,1,1,NULL),(385,19,219,1,2,'2015-12-26 00:00:00','11:45 AM','2015-12-26','12:45 PM','2015-12-26 10:51:05',1,1,1,NULL),(386,15,220,2,6,'2015-12-26 00:00:00','12:45 PM','2015-12-26','01:45 PM','2015-12-26 10:52:18',1,1,1,NULL),(387,22,219,2,3,'2015-12-26 00:00:00','01:45 PM','2015-12-26','02:45 PM','2015-12-26 10:53:47',1,1,1,NULL),(388,19,220,2,3,'2015-12-26 00:00:00','02:45 PM','2015-12-26','03:45 PM','2015-12-26 10:54:41',1,1,1,NULL),(389,2,222,17,2,'2015-12-27 00:00:00','12:30 PM','2015-12-30','12:30 PM','2015-12-26 12:35:32',1,1,1,NULL),(390,15,224,1,2,'2015-12-26 00:00:00','04:00 PM','2015-12-26','05:00 PM','2015-12-26 15:06:26',1,1,1,NULL),(391,22,221,1,2,'2015-12-28 00:00:00','04:45 PM','2015-12-28','05:45 PM','2015-12-28 17:00:04',1,1,7,NULL),(392,19,221,1,2,'2015-12-29 00:00:00','11:15 AM','2015-12-29','12:15 PM','2015-12-29 11:30:13',1,1,7,NULL),(393,22,234,2,6,'2015-12-29 00:00:00','12:15 PM','2015-12-29','01:15 PM','2015-12-29 12:23:16',1,1,7,NULL),(394,27,234,2,6,'2015-12-29 00:00:00','02:15 PM','2015-12-29','03:15 PM','2015-12-29 12:26:57',1,1,7,NULL),(395,19,234,2,1,'2015-12-29 00:00:00','02:15 PM','2015-12-29','03:15 PM','2015-12-29 12:28:06',1,1,7,NULL),(396,19,236,2,1,'2015-12-30 00:00:00','02:15 PM','2015-12-30','03:15 PM','2015-12-29 12:29:09',1,1,7,NULL),(397,19,237,1,6,'2015-12-29 00:00:00','01:30 PM','2015-12-29','02:30 PM','2015-12-29 12:34:24',1,1,7,NULL),(398,19,238,25,3,'2015-12-29 00:00:00','12:30 PM','2015-12-29','01:30 PM','2015-12-29 12:40:49',1,1,1,NULL),(399,19,164,1,1,'2015-12-29 00:00:00','01:45 PM','2015-12-29','02:45 PM','2015-12-29 12:53:14',1,1,1,NULL),(400,18,240,25,6,'2015-12-29 00:00:00','02:45 PM','2015-12-29','03:45 PM','2015-12-29 12:55:26',1,1,1,NULL),(401,2,241,36,6,'2015-12-30 00:00:00','12:45 PM','2015-12-29','01:45 PM','2015-12-29 12:57:25',1,1,1,NULL),(402,27,236,36,3,'2015-12-31 00:00:00','01:00 PM','2015-12-31','02:00 PM','2015-12-29 13:10:33',1,1,7,NULL),(403,2,236,36,3,'2015-12-30 00:00:00','01:00 PM','2015-12-30','02:00 PM','2015-12-29 13:14:30',1,1,7,NULL),(404,22,242,2,2,'2015-12-29 00:00:00','01:30 AM','2015-12-29','01:30 AM','2015-12-29 14:39:48',1,1,7,NULL),(405,19,244,1,2,'2015-12-30 00:00:00','09:30 PM','2015-12-30','09:30 PM','2015-12-30 10:40:36',1,1,1,NULL),(406,19,249,1,1,'2015-12-30 00:00:00','12:15 PM','2015-12-30','12:15 PM','2015-12-30 12:23:42',1,1,1,NULL),(407,19,248,2,1,'2015-12-30 00:00:00','','2015-12-30','','2015-12-30 12:25:46',1,1,1,NULL),(408,19,247,17,1,'2015-12-30 12:54:31','00:00 AM',NULL,'00:00 AM','2015-12-30 12:54:51',1,1,1,NULL),(409,19,245,25,1,'2015-12-30 01:02:33','00:00 AM',NULL,'00:00 AM','2015-12-30 13:03:00',1,1,1,NULL),(410,2,233,25,1,'2015-12-30 01:05:37','00:00 AM',NULL,'00:00 AM','2015-12-30 13:06:09',1,1,1,NULL),(411,19,244,17,1,'2015-12-30 01:09:33','00:00 AM',NULL,'00:00 AM','2015-12-30 13:10:03',1,1,1,NULL),(412,19,233,25,1,'2015-12-30 01:12:00','00:00 AM',NULL,'00:00 AM','2015-12-30 13:13:56',1,1,1,NULL),(413,19,233,25,1,'2015-12-30 01:14:07','00:00 AM',NULL,'00:00 AM','2015-12-30 13:14:26',1,1,1,NULL),(414,19,233,17,1,'2015-12-30 01:15:01','00:00 AM',NULL,'00:00 AM','2015-12-30 13:15:17',1,1,1,NULL),(415,19,233,1,3,'2015-12-30 01:16:43','00:00 AM',NULL,'00:00 AM','2015-12-30 13:17:00',1,1,1,NULL),(416,2,233,1,6,'2015-12-30 01:18:05','00:00 AM',NULL,'00:00 AM','2015-12-30 13:19:27',1,1,1,NULL),(417,2,235,1,3,'2016-01-02 12:30:14',NULL,NULL,NULL,'2015-12-30 14:50:02',1,1,7,NULL),(418,19,235,1,2,'2016-01-02 12:31:43','00:00 AM',NULL,'00:00 AM','2016-01-02 11:31:35',0,1,1,NULL);

/*Table structure for table `hms_patient` */

DROP TABLE IF EXISTS `hms_patient`;

CREATE TABLE `hms_patient` (
  `P_ID` int(10) unsigned NOT NULL AUTO_INCREMENT,
  `P_RefNo` varchar(10) COLLATE utf8_bin NOT NULL,
  `BloodGroupID` int(2) unsigned DEFAULT NULL,
  `Full_Name` varchar(80) COLLATE utf8_bin NOT NULL,
  `Father_Name` varchar(80) COLLATE utf8_bin DEFAULT NULL,
  `GenderID` tinyint(1) DEFAULT NULL,
  `Age` int(3) NOT NULL,
  `Address` text COLLATE utf8_bin,
  `CNIC` varchar(15) COLLATE utf8_bin DEFAULT NULL,
  `Emergency_Contact` varchar(14) COLLATE utf8_bin DEFAULT NULL,
  `PatientTypeID` int(11) NOT NULL DEFAULT '1',
  `FreeStatus` int(4) NOT NULL DEFAULT '2',
  `Date_Added` datetime NOT NULL,
  `AddedBy` int(10) NOT NULL,
  `Date_Updated` datetime DEFAULT NULL,
  `IsActive` tinyint(1) NOT NULL DEFAULT '1',
  PRIMARY KEY (`P_ID`),
  KEY `BloodGroupID` (`BloodGroupID`)
) ENGINE=InnoDB AUTO_INCREMENT=252 DEFAULT CHARSET=utf8 COLLATE=utf8_bin;

/*Data for the table `hms_patient` */

insert  into `hms_patient`(`P_ID`,`P_RefNo`,`BloodGroupID`,`Full_Name`,`Father_Name`,`GenderID`,`Age`,`Address`,`CNIC`,`Emergency_Contact`,`PatientTypeID`,`FreeStatus`,`Date_Added`,`AddedBy`,`Date_Updated`,`IsActive`) values (1,'PAT-001',1,'Tahir Ullah','Majid Ullah',1,11,'Peshawar, Pakistan','17301-5856870-5','03348123456',1,2,'2015-09-21 12:26:43',1,'2015-11-11 11:11:20',1),(8,'PAT-002',1,'Habib','Khan',1,20,'Peshawar, Pakistans','17301-5856870-5','03348123456',1,2,'2015-10-08 14:21:10',1,'2015-10-13 10:14:02',1),(15,'PAT-007',1,'Iftikhar','Father',1,15,'Peshawar, Pakistan','17301-5856870-1','03348123456',1,2,'2015-10-10 13:43:08',1,'2015-10-14 13:16:26',1),(16,'PAT-008',1,'Manzurr','Bacha Khan',1,200,'Shabqadar','17301-5856870-5','03009348362',1,2,'2015-10-13 13:36:16',1,'2015-10-14 07:26:52',1),(17,'PAT-009',1,'Samad','Bacha Khan',1,20,'Shabqadar','17301-5856870-5','03009348361',1,2,'2015-10-14 07:26:05',1,NULL,1),(18,'PAT-010',1,'Zaid','Asif',1,15,'Shabqadar','17301-5856870-5','03009348361',1,2,'2015-10-14 09:06:09',1,'2015-10-14 09:07:45',1),(19,'PAT-011',1,'Sudais','Hayat Khan',1,5,'Shabqadar','17301-5856870-5','03009348361',1,2,'2015-10-16 08:58:52',1,NULL,1),(25,'PAT-012',1,'Zaffar','Hayat Khan',1,20,'Shabqadar','17301-5856870-5','03009348361',2,2,'2015-10-21 10:07:25',1,NULL,1),(26,'PAT-013',1,'Habib','Ahmad',1,25,'','','',1,2,'2015-10-30 06:08:24',1,NULL,1),(27,'PAT-014',1,'iftikhar ahmad','bakhtawar gul',1,25,'shabqadar','17234-99999-8','03349164246',1,2,'2015-11-02 05:08:49',1,NULL,1),(28,'PAT-015',1,'Zaid Khan','Walayat Khan',1,2,'','','03006688899',1,2,'2015-11-05 12:43:11',1,NULL,1),(30,'PAT-017',1,'iftikhar','hassan',1,25,'Peshawar, Pakistan','13216-3511321-3','213153123',1,2,'2015-11-06 07:55:11',1,'2015-11-10 05:59:42',1),(31,'PAT-018',1,'iftakhar gul','ali khan',1,30,'lucky pezu','12310-3580132-6','03442979882',1,2,'2015-11-06 10:11:51',1,NULL,1),(32,'PAT-019',1,'Imran ali','Rehman',1,10,'','17301-1215555-2','03006688899',1,2,'2015-11-07 06:17:41',1,'2015-11-07 11:49:20',1),(33,'PAT-020',5,'farooq khan','johar khan',1,90,'bannu kpk','12334-5678901-2','03442979882',1,2,'2015-11-07 08:11:38',1,NULL,1),(34,'PAT-021',2,'samad khan','asad ali',1,110,'peshawer d i khan ','12344-3215674-2','03456789343',1,2,'2015-11-07 12:17:00',1,'2015-11-10 07:35:53',1),(35,'PAT-022',2,'wali khan','ALI KHAN',1,109,'PESHWER ','89766-1234678-9','03456789343',1,2,'2015-11-07 12:19:28',1,'2015-11-09 06:14:31',1),(36,'PAT-023',3,'Rehman khan ','asad ali',1,30,'peshawer d i khan','02345-5898478-4','0345678902',1,2,'2015-11-07 12:21:23',1,NULL,1),(37,'PAT-024',2,'Ajmal khan','akmal khan',1,90,'mansha kpk','12311-2312312-3','12345671234',1,2,'2015-11-09 11:03:05',1,'2015-11-09 11:06:15',1),(38,'PAT-025',2,'rehmat ali','rohel khan',1,101,'sameer abad','12102-3545465-4','0344565132241',1,2,'2015-11-09 11:05:03',1,'2015-11-10 07:36:38',1),(39,'PAT-026',1,'afzal khan ','akram khan',1,70,'samya abad kpk','03464-6464645-6','034466655588',1,2,'2015-11-09 11:15:39',1,NULL,1),(40,'PAT-027',1,'iftikhar','Abul Tayyab',1,35,'Peshawar, Pakistan','17301-1351351-3','03246516156',1,2,'2015-11-10 07:28:01',1,NULL,1),(42,'PAT-028',1,'afsar khan','afzal khan',1,50,'sahewal','12103-5801456-9','034455668899',1,2,'2015-11-10 07:42:52',1,NULL,1),(43,'PAT-029',1,'sahar khan ','umar khan ',2,80,'mansha kpk','13101-1235468-8','034455668899',1,2,'2015-11-10 07:56:20',1,'2015-11-10 11:18:46',1),(44,'PAT-030',1,'tajamal khan ','jameel khan ',1,40,'mansha kpk','12013-5203159-5','034455668899',1,2,'2015-11-10 08:00:22',1,'2015-11-10 11:34:12',1),(45,'PAT-031',1,'asad','hassand',1,25,'Peshawar, Pakistan','','232132323',1,2,'2015-11-10 08:18:37',1,'2015-11-11 07:49:24',1),(47,'PAT-032',1,'Ibrar Kamboh','Ahmad khan',2,35,'','65465-4654654-5','',1,2,'2015-11-10 14:11:13',1,'2015-12-21 15:15:57',1),(48,'PAT-033',1,'maruuf khan ','akbar jan',1,80,'D I KHAN KPK ','12345-6897895-6','03445566889',1,2,'2015-11-11 06:47:12',1,'2015-12-21 15:12:22',1),(49,'PAT-034',1,'arham khan ','ammar khan ',1,190,'D I KHAN KPK ','12503-4569872-3','034455668899',1,2,'2015-11-11 07:42:38',1,NULL,1),(50,'PAT-035',1,'Muhammad','Imran Ali',1,2,'','54654-4444444-4','03009348630',1,2,'2015-11-11 07:55:20',1,'2015-12-21 15:21:42',1),(51,'PAT-036',1,'fahad ali ','faiz ullah ',1,60,'Peshawar, Pakistan','12103-2356455-6','034455668899',1,2,'2015-11-12 06:55:34',1,NULL,1),(52,'PAT-037',2,'faisal khan ','Rasuul khan ',1,60,'mansha kpk','12305-5689456-2','0344565132241',1,2,'2015-11-12 07:07:07',1,'2015-11-12 07:58:44',1),(53,'PAT-038',1,'arif ali ','mukhtiar khan ',1,90,'Peshawar, Pakistan','12103-5801326-9','0344565132241',1,2,'2015-11-12 07:56:27',1,NULL,1),(54,'PAT-039',1,'rahat ali ','rehmat ali ',1,90,'peshawar kpk','1232311231321','0344297988/2',2,2,'2015-11-12 08:14:56',1,NULL,1),(55,'PAT-040',3,'ramzan jani','ahmad jani',1,900,'kpk peshawar ','12310-3123658-9','034555566645',1,2,'2015-11-12 08:19:12',1,'2015-12-02 16:36:14',1),(56,'PAT-041',1,'ghafar khan ','ahmar khan ',1,900,'kpk peshawar ','12301-1235487-9','034555566645',1,2,'2015-11-12 12:34:40',1,'2015-11-13 06:35:03',1),(57,'PAT-042',1,'muhammad saeed ','akhtar khan ',1,90,'D I KHAN KPK ','12310-3564598-7','034455668899',1,2,'2015-11-12 12:48:04',1,'2015-11-12 12:50:41',1),(58,'PAT-043',1,'sahar khan','tanveer gull',1,20,'peshawar kpk d i khan ','12103-58013269','0344429878985',2,2,'2015-11-13 07:32:31',1,NULL,1),(98,'PAT-044',2,'Muhammad','Rehman',1,10,'','17301-5465655-5','',2,2,'2015-11-14 06:14:10',1,NULL,1),(99,'PAT-044',2,'Muhammad ali','Rehman',1,10,'','17301-5465655-5','',2,2,'2015-11-14 06:17:37',1,NULL,1),(100,'PAT-045',2,'jamal','khan',1,10,'','17301-5565455-5','',2,2,'2015-11-14 06:34:00',1,NULL,1),(101,'PAT-046',1,'saad khan ','khan lala',1,40,'kpk peshawar ','12012-1589463-2','0344565132241',1,2,'2015-11-14 06:45:26',1,'2015-11-14 06:50:42',1),(102,'PAT-047',2,'gull khan ','allah dad khan ',1,30,'kpk peshawar ','12021-3265789-5','034455668899',1,2,'2015-11-14 06:47:33',1,NULL,1),(103,'PAT-048',1,'walayat khan','ali',1,25,'shabqadar','11111-1111111-1','03349164246',1,2,'2015-11-14 07:01:50',1,NULL,1),(104,'PAT-049',1,'John Doe','Ahmad',1,35,'Peshawar, Pakistan','21313-5312312-3','13213532312',1,2,'2015-11-14 08:39:46',1,NULL,1),(105,'PAT-050',1,'kawa','chai',1,25,'Peshawar, Pakistan','23121-3123132-1','12312313',1,2,'2015-11-14 08:55:21',1,NULL,1),(106,'PAT-051',6,'Muhammad Ali','Khan',1,21,'','17302-1555555-8','',1,2,'2015-11-17 07:23:43',1,NULL,1),(107,'PAT-052',1,'Muhammad Ali','Walayat khan',1,10,'','17445-5546565-6','',1,2,'2015-11-17 08:54:12',1,NULL,1),(108,'PAT-053',1,'Adnan','Anwar',1,16,'','17301-5455656-5','',1,2,'2015-11-18 08:27:29',1,NULL,1),(109,'PAT-054',1,'Ghouse Ali','Zahir Shah',1,27,'','17302-4654565-5','',1,2,'2015-11-19 12:48:31',1,NULL,1),(110,'PAT-055',1,'samar','gul',1,55,'','15553-2125555-5','',1,2,'2015-11-20 05:47:26',1,NULL,1),(111,'PAT-056',1,'ssfds','fdsfds',2,25,'','11313-1312312-1','',1,2,'2015-11-20 10:52:37',1,NULL,1),(112,'PAT-057',2,'dd','d',1,3,'3','22222-2222222-2','3',1,2,'2015-11-21 05:06:42',1,NULL,1),(114,'PAT-058',1,'Jamal','khan',1,34,'','13223-2285211-1','',2,2,'2015-11-21 07:44:56',1,NULL,1),(115,'PAT-059',2,'Adnan','Anwar',1,16,'shabqadar','24165-4585555-5','03006688899',2,2,'2015-11-21 08:19:35',1,NULL,1),(117,'PAT-060',4,'Haroon','Basit',1,27,'','17302-4165465-4','03009348361',1,2,'2015-11-23 08:43:35',1,NULL,1),(119,'PAT-061',3,'habib','khan',1,20,'shabqadar','22222-2222222-2','222222',1,2,'2015-11-24 10:27:23',1,NULL,1),(120,'PAT-062',3,'abcd','aaaaaa',1,34,'','11111-1111111-1','',1,2,'2015-11-24 10:31:05',1,NULL,1),(121,'PAT-063',1,'Wasif','khan',1,55,'','54564-6546546-5','',1,2,'2015-11-25 12:50:34',1,NULL,1),(122,'PAT-064',2,'Ibrar Kamboh','hassan',1,35,'','12312-3123132-1','03442568978',1,2,'2015-12-01 10:10:24',1,'2015-12-02 14:52:38',1),(123,'PAT-065',2,'Jhon','Doe',1,12,'','','',1,2,'2015-12-01 15:55:00',1,'2015-12-02 14:52:49',1),(124,'PAT-066',2,'ali','khan',1,87,'kpk   peshawar','12345-6752165-4','034456898451',1,2,'2015-12-02 09:49:35',1,NULL,1),(125,'PAT-067',3,'rehmat ul allah  khan ','arham khan ',1,890,'kpk peshawar','12103-5802565-6','0344556879',1,2,'2015-12-02 10:20:47',1,'2015-12-02 16:39:13',1),(126,'PAT-068',2,'saed khan ','asad ali ',1,30,'kpk peshawar','12305-2036412-0','03584648952',1,2,'2015-12-02 11:03:41',1,'2015-12-02 12:35:28',1),(127,'PAT-069',3,'Musharaf ','khan',1,30,'shabqadar','12446-5465465-4','03009348361',1,2,'2015-12-02 11:29:29',1,'2015-12-02 14:51:37',1),(128,'PAT-070',2,'rohet khan','raheel khan ',1,80,'kpk peshawar','12302-1235689-4','03442568978',1,2,'2015-12-03 10:16:24',1,NULL,1),(129,'PAT-071',3,'farhan ali','farhat khan ',1,30,'d i khan kpk peshawar ','12103-1546897-8','03442568978',1,2,'2015-12-04 09:39:19',1,'2015-12-04 09:52:38',1),(130,'PAT-072',2,'alia khan','shaukat khan ',1,30,'d i khan kpk peshawar','12103-5804598-7','03442568978',1,2,'2015-12-04 09:58:32',1,NULL,1),(131,'PAT-073',3,'refat bibi','Sadat ali ',1,30,'d i khan kpk peshawar','12345-6798790-1','0344556879',1,2,'2015-12-04 10:02:08',1,NULL,1),(132,'PAT-074',3,'sarmad khan ','sarwar khan ',1,90,'parexons IT solution and services IT park ff#151 deans trade center peshawar','12305-7894561-3','03584648952',1,2,'2015-12-04 10:19:39',1,NULL,1),(133,'PAT-075',3,'safdar ali ','afzal khan ',1,20,'kpk peshawar','12310-3564897-2','03442568978',1,2,'2015-12-04 10:24:52',1,'2015-12-04 10:50:18',1),(134,'PAT-076',3,'Saiful Maluk','Malik khan',1,30,'shabqadar','14475-4445555-6','03009348361',1,2,'2015-12-05 09:53:04',1,NULL,1),(137,'PAT-077',3,'Safi','khan',1,40,'shabqadar','21321-3231323-2','03009348361',2,2,'2015-12-05 10:35:20',1,NULL,1),(138,'PAT-078',12,'James','Bond',1,32,'','32131-5315313-5','0334555555555',1,2,'2015-12-05 10:49:35',1,NULL,1),(139,'PAT-079',3,'iftikhar','hassan',1,32,'','21321-3213213-2','',1,2,'2015-12-05 11:04:02',1,NULL,1),(140,'PAT-080',12,'Walayat khan','Warshmin',1,22,'Shabqadari','17101-2622220-5','03009348361',1,2,'2015-12-08 12:01:29',1,'2015-12-11 15:40:49',1),(141,'PAT-081',12,'Jamal','khan',1,25,'','65456-4455665-4','',1,2,'2015-12-12 09:46:00',1,NULL,1),(142,'PAT-082',12,'Zaid','Walayat',1,2,'','46546-5444444-4','',1,2,'2015-12-12 12:02:33',1,NULL,1),(143,'PAT-083',3,'habibi jan','jan',1,25,'dik','11111-1111111-1','03349164246',1,2,'2015-12-14 12:08:09',1,NULL,1),(144,'PAT-084',12,'walayat jan','jan',1,25,'shabqadar','22222-2222222-2','23456789087',1,2,'2015-12-14 12:37:03',1,NULL,1),(145,'PAT-085',12,'haider jan','jan',1,25,'peshawar','23333-3333333-3','03349123456',1,2,'2015-12-14 12:42:04',1,NULL,1),(146,'PAT-086',3,'sajad','jan',1,30,'peshawar','55555-5555555-5','34567',1,2,'2015-12-14 12:45:16',1,NULL,1),(147,'PAT-087',2,'jan jan','jan',1,30,'peshawar','66666-6666666-6','4444',1,2,'2015-12-14 12:51:57',1,NULL,1),(148,'PAT-088',3,'jan habib','jan',1,34,'peshawar','44444-44444__-_','444',1,2,'2015-12-14 12:52:57',1,NULL,1),(149,'PAT-089',12,'jan walayat','jan',1,40,'peshawar','33334-4455555-5','000',1,2,'2015-12-14 12:54:12',1,NULL,1),(150,'PAT-090',3,'jan haider','jan',1,34,'peshawar','66666-6666666-6','444',1,2,'2015-12-14 12:55:21',1,NULL,1),(151,'PAT-091',2,'kareena','kareena',1,45,'peshawar','44445-5333222-2','456',1,2,'2015-12-14 12:56:35',1,NULL,1),(152,'PAT-092',3,'Asif','khan',1,25,'shabqadar','46546-5465465-4','03009348630',1,2,'2015-12-14 14:39:21',1,NULL,1),(153,'PAT-093',3,'haider','jan',1,25,'peshawar','22222-2222222-2','03349162345',1,2,'2015-12-14 15:17:47',7,NULL,1),(154,'PAT-094',3,'walayat','khan',1,23,'Peshawar','44444-4444444-4','333',1,2,'2015-12-14 15:18:55',7,NULL,1),(155,'PAT-095',3,'iftakhar ','gul lala',1,30,'kpk d i khan ','12312-3123212-3','0344567898',1,2,'2015-12-15 10:31:34',1,NULL,1),(156,'PAT-096',3,'wasif','khan',1,25,'Peshawar','22222-2222222-2','03349176543',1,2,'2015-12-15 10:42:33',7,NULL,1),(157,'PAT-097',3,'iftakhar khan ','fakhar gull ',1,60,'kpk peshawar','12103-1256230-0','0344555522',1,2,'2015-12-15 11:12:44',16,NULL,1),(158,'PAT-098',3,'noman','khan',1,30,'peshawar','33333-3333333-3','03349164345',1,2,'2015-12-15 14:22:59',7,NULL,1),(159,'PAT-099',3,'farooq','ahmad',1,23,'Peshawar','22222-2222222-2','09987654327',1,2,'2015-12-15 14:30:04',7,NULL,1),(160,'PAT-100',12,'walayat','khan',1,34,'peshawar','33333-3333333-3','03349187654',1,2,'2015-12-15 14:51:42',7,NULL,1),(161,'PAT-101',3,'uraib ali khan ','rafaqat ali khan ',1,30,'kpk peshawar','12310-2235489-4','0344555522',1,2,'2015-12-15 15:04:37',16,NULL,1),(162,'PAT-102',12,'abid','khan',1,30,'peshawar','22222-2222222-2','03349164246',1,2,'2015-12-16 10:49:00',1,NULL,1),(163,'PAT-103',12,'zahoor','khan',1,23,'peshawar','22222-2222222-2','03349164246',1,2,'2015-12-16 15:44:47',1,NULL,1),(164,'PAT-104',3,'muneer','ahmad',1,30,'peshawar','22222-2222222-2','03349164246',2,2,'2015-12-16 16:48:12',7,NULL,1),(165,'PAT-105',2,'reham khan ','imran khan ',1,30,'kpk peshawar','12310-2564231-5','0344555522',1,2,'2015-12-17 10:37:04',16,'2015-12-17 11:00:35',1),(166,'PAT-106',2,'reham khan ','imran khan ',1,30,'kpk peshawar','12310-2564231-5','0344555522',1,2,'2015-12-17 10:37:24',16,'2015-12-17 12:06:59',1),(167,'PAT-107',2,'reham khan ','imran khan ',1,30,'kpk peshawar','12310-2564231-5','0344555522',1,2,'2015-12-17 10:38:58',16,NULL,1),(168,'PAT-108',3,'kashif khan ','amir khan ',1,900,'kpk peshawar','23654-5561235-4','0344555522',1,2,'2015-12-17 10:42:12',16,NULL,1),(169,'PAT-109',3,'zafar ali','ali zafar',1,900,'kpk peshawar','32653-0326626-6','0344555522',1,2,'2015-12-17 10:52:54',16,NULL,1),(170,'PAT-110',3,'kashif khan ','amir khan ',1,900,'kpk peshawar','23654-5561235-4','0344555522',1,2,'2015-12-17 10:59:45',16,NULL,1),(171,'PAT-111',3,'ghulam ali','muhammad ali ',1,90,'kpk peshawar','12354-6878787-5','0344555522',2,2,'2015-12-17 12:24:36',16,NULL,1),(172,'PAT-112',3,'Jamal','Walayat',1,30,'','23423-4342342-3','',1,2,'2015-12-18 11:10:46',1,NULL,1),(175,'PAT-115',2,'Musharaf','Malik khan',1,34,'','46545-6465655-5','',1,1,'2015-12-18 11:31:24',1,NULL,1),(176,'PAT-116',3,'Saiful Maluk','Anwar',1,25,'','32321-3212113-2','',1,1,'2015-12-18 12:19:01',1,NULL,1),(177,'PAT-117',12,'walayat','Father',1,23,'Shabqadari','11231-1231313-1','213233232',1,1,'2015-12-18 13:03:18',1,NULL,1),(178,'PAT-118',2,'sdf','df',1,45,'kpk peshawar','45435-3453453-4','0344555522',1,2,'2015-12-18 15:27:37',1,NULL,1),(179,'PAT-119',2,'sdf','df',1,45,'kpk peshawar','45435-3453453-4','0344555522',1,2,'2015-12-18 15:27:58',1,NULL,1),(180,'PAT-120',2,'sdf','df',1,45,'kpk peshawar','45435-3453453-4','0344555522',1,2,'2015-12-18 15:29:13',1,NULL,1),(181,'PAT-121',2,'Jamel','Walayat',1,34,'','46546-5465465-4','',1,1,'2015-12-18 15:32:08',1,NULL,1),(182,'PAT-122',3,'habib','habib',1,34,'peshawar','22222-2222222-2','333333',1,2,'2015-12-18 16:18:55',1,NULL,1),(183,'PAT-123',2,'habib','habib',1,34,'peshawar','55555-5555555-5','44444',1,2,'2015-12-18 16:19:55',1,NULL,1),(184,'PAT-124',12,'aq','ddd',1,34,'esdsd','33333-3333333-3','3333',1,2,'2015-12-18 16:49:58',1,NULL,1),(185,'PAT-125',12,'vvv','cccc',1,34,'peshwar','33333-3333333-3','3333',1,2,'2015-12-18 16:51:36',1,NULL,1),(186,'PAT-126',3,'qq','qq',1,33,'ddd','33333-3333333-3','3333',1,2,'2015-12-18 16:55:23',1,NULL,1),(187,'PAT-127',12,'cc','cc',1,33,'sds','33333-3333333-3','222',1,2,'2015-12-18 16:56:56',1,NULL,1),(188,'PAT-128',12,'dsdsd','aaa',1,34,'peshawar','11111-1111111-1','2222',1,2,'2015-12-18 17:07:22',1,NULL,1),(189,'PAT-129',12,'xx','x',1,3,'peshawar','22222-2222222-2','222',1,2,'2015-12-18 17:08:51',1,NULL,1),(190,'PAT-130',3,'Akram khan ','aslam khan',1,80,'kpk peshawar ','12312-3123212-3','0112452365412',1,2,'2015-12-19 10:57:08',7,NULL,1),(191,'PAT-131',2,'Akram khan jani','aslam khan',1,80,'kpk peshawar','12312-1231312-1','0112452365412',1,2,'2015-12-19 10:58:27',7,'2015-12-19 11:04:16',1),(192,'PAT-132',3,'test','Again',NULL,26,'','15313-2131231-3','',1,1,'2015-12-19 11:46:02',1,NULL,1),(193,'PAT-133',3,'Test','Agin',1,25,'','','',1,2,'2015-12-19 11:47:38',7,NULL,1),(194,'PAT-134',2,'Again','Test',1,23,'','','',1,1,'2015-12-19 11:52:56',1,NULL,1),(195,'PAT-135',3,'Test','Accountant',1,23,'','','',1,2,'2015-12-19 11:55:03',7,NULL,1),(196,'PAT-136',3,'walayat','walayat',1,30,'peshawar','22222-2222222-2','334566',1,2,'2015-12-19 12:16:19',1,NULL,1),(197,'PAT-137',12,'qqwqw','q',1,2,'peshawar','22222-2222222-2','3333',1,2,'2015-12-19 12:46:46',1,NULL,1),(198,'PAT-138',2,'Haider','Hassan',1,23,'','14513-1531322-3','',1,1,'2015-12-19 15:13:06',1,NULL,1),(199,'PAT-139',12,'Ifti','Khan',1,23,'','','',1,1,'2015-12-19 15:17:26',1,NULL,1),(200,'PAT-140',2,'Bottle','Khan',1,23,'','','',1,1,'2015-12-19 15:19:36',1,NULL,1),(201,'PAT-141',2,'Test','ikr',1,23,'','','',1,1,'2015-12-19 15:21:27',1,NULL,1),(204,'PAT-142',12,'qq','qq',1,33,'eee','22222-2222222-2','22222',1,1,'2015-12-19 15:26:37',1,NULL,1),(205,'PAT-143',14,'qq','qqqqq',1,33,'peshawar','22222-2222222-2','3333333',1,1,'2015-12-19 15:28:25',1,NULL,1),(206,'PAT-144',12,'ccc','cccc',2,34,'eee','33333-3333333-3','3333',1,2,'2015-12-19 15:29:31',1,NULL,1),(207,'PAT-145',12,'qq','qq',1,34,'esdsd','22222-2222222-2','3333',1,2,'2015-12-19 15:38:32',1,NULL,1),(208,'PAT-146',3,'vv','vv',1,34,'sss','22222-2222222-2','222',1,1,'2015-12-19 15:39:44',1,NULL,1),(209,'PAT-147',3,'bb','bb',1,44,'ddd','33333-3333333-3','332212',1,1,'2015-12-19 15:42:13',1,'2015-12-23 11:21:21',1),(210,'PAT-148',2,'reham khan','imran khan ',1,80,'kpk peshawar','12312-1456456-4','0112452365412',1,2,'2015-12-21 11:25:59',1,'2015-12-21 11:28:04',1),(211,'PAT-149',2,'rehmat ullah','aman ullah ',1,30,'kpk d i khan ','12345-6123465-1','1234566879',1,2,'2015-12-22 10:35:38',7,'2015-12-23 11:25:23',1),(212,'PAT-150',3,'Taj Muhammad','Malik khan',1,30,'Shabqadar','44445-5555555-5','03009348361',1,2,'2015-12-25 10:16:25',1,NULL,1),(213,'PAT-151',3,'Free Patient','Free khan',1,35,'Shabqadar','32132-3222222-2','03009348361',1,1,'2015-12-25 11:51:29',1,NULL,1),(214,'PAT-152',3,'Arif','Naseem',1,34,'Shabqadar','44445-5555555-5','03009348361',2,2,'2015-12-25 12:45:33',1,NULL,1),(215,'PAT-153',2,'Jamal','khan',1,34,'','45555-5544445-5','0300668889',2,2,'2015-12-25 12:47:50',1,NULL,1),(216,'PAT-154',12,'Khadim','Warshmin',1,34,'','12221-2222222-2','03009348361',1,2,'2015-12-25 15:26:11',1,NULL,1),(217,'PAT-155',2,'walay','Khan',2,35,'1231233','12313-2132312-3','4131323132',1,1,'2015-12-25 16:01:40',1,NULL,1),(218,'PAT-156',2,'Patient Infinity','Patient Zero',1,23,'','54654-2165156-5','1231516516',1,1,'2015-12-26 10:02:17',1,NULL,1),(219,'PAT-157',3,'Saeed','Malik khan',1,35,'Shabqadar','45055-4654544-4','03009348361',1,2,'2015-12-26 10:41:12',1,NULL,1),(220,'PAT-158',3,'Walayat khan','Warshmin',1,25,'','17301-4656555-5','03009348361',1,1,'2015-12-26 10:42:29',1,NULL,1),(221,'PAT-159',2,'asif','khan',1,34,'','54444-4444444-4','234324234',1,2,'2015-12-26 12:19:51',1,NULL,1),(222,'PAT-160',2,'Walayat','Khan',1,23,'','17685-1235648-9','',1,1,'2015-12-26 12:27:00',1,NULL,1),(223,'PAT-161',3,'Ghouse Ali','Zahir Shah',1,30,'Shabqadar','17101-4791252-7','03018820052',1,2,'2015-12-26 14:42:13',1,NULL,1),(224,'PAT-162',3,'Ghouse Ali','Zahir Shah',1,30,'Shabqadar','17101-4791252-7','03018820052',1,2,'2015-12-26 14:42:13',1,NULL,1),(225,'PAT-163',3,'Asif','Malik khan',1,60,'','17101-2322222-5','',1,2,'2015-12-28 11:41:14',7,NULL,1),(226,'PAT-164',3,'Khadim','khan',1,34,'','17101-5555555-5','',1,2,'2015-12-28 15:01:37',7,NULL,1),(227,'PAT-165',3,'Walayat khan','Basit',1,324,'','17104-2222225-5','',1,2,'2015-12-28 15:08:33',7,NULL,1),(228,'PAT-166',3,'Walayat khan','Basit',1,324,'','17104-2222225-5','',1,2,'2015-12-28 15:08:33',7,NULL,1),(229,'PAT-167',2,'Walayat khan','Malik khan',1,45,'','17101-4555455-5','03009348361',1,2,'2015-12-28 15:21:21',7,NULL,1),(230,'PAT-168',2,'Safi','khan',1,20,'','50140-1111111-1','',1,2,'2015-12-28 16:25:42',7,NULL,1),(231,'PAT-169',2,'ghouse','khan',1,40,'','17101-4444444-4','03009348361',1,2,'2015-12-28 16:31:57',1,NULL,1),(232,'PAT-170',2,'Ibrar Kamboh','Syed Abul Tayyab',1,23,'','56546-5555555-5','',1,2,'2015-12-29 11:21:40',7,NULL,1),(233,'PAT-171',2,'Ibrar Kamboh','Syed Abul Tayyab',1,32,'','12313-1213213-1','',1,2,'2015-12-29 11:41:49',7,'2015-12-29 15:02:31',1),(234,'PAT-172',2,'Walayat khan','Malik khan',1,25,'','14555-5555555-5','',1,2,'2015-12-29 11:48:37',7,NULL,1),(235,'PAT-173',2,'Saiful Maluk','Warshmin',1,34,'Shabqadar','24555-5555555-5','03009348361',1,2,'2015-12-29 11:49:59',7,NULL,1),(236,'PAT-174',3,'Saiful Maluk','Warshmin',1,25,'shabqadar','14445-5555555-5','03009348361',1,2,'2015-12-29 11:52:06',7,NULL,1),(237,'PAT-175',2,'Walayat khan','Malik khan',1,25,'','54545-5555555-5','',2,2,'2015-12-29 12:34:24',7,NULL,1),(238,'PAT-176',2,'asif','khan',1,30,'','12222-2222222-2','',2,2,'2015-12-29 12:40:49',1,NULL,1),(240,'PAT-177',3,'Haroon','Malik khan',1,30,'Shabqadar','12344-4444444-4','03009348361',2,2,'2015-12-29 12:55:26',1,NULL,1),(241,'PAT-178',12,'Ghouse Ali','khan',1,54,'','12444-4444444-4','',2,2,'2015-12-29 12:57:25',1,NULL,1),(242,'PAT-179',3,'sher gull ','gull khan ',1,50,'kpk peshawar','12345-6545465-_','0112452365412',1,2,'2015-12-29 14:28:47',7,'2015-12-29 14:31:14',1),(243,'PAT-180',2,'sahar khan','ashar khan',1,70,'kpk Peshawar ','12321-5468789-5','03445658975',1,2,'2015-12-30 09:53:44',7,NULL,1),(244,'PAT-181',2,'farakh','akram ',1,90,'asdasdas','12345-4645646-5','1232131213',1,2,'2015-12-30 10:39:09',1,NULL,1),(245,'PAT-182',3,'Ali','khan',1,25,'Shabqadar','14444-4444444-4','03009348361',1,2,'2015-12-30 11:09:26',1,NULL,1),(246,'PAT-183',2,'iftikhar','Basit',1,25,'','12222-2222222-2','03009348361',1,2,'2015-12-30 11:32:55',1,NULL,1),(247,'PAT-184',3,'Jamal','Walayat',1,35,'','12121-2222222-2','03009348361',1,1,'2015-12-30 11:34:46',1,NULL,1),(248,'PAT-185',12,'Saeed','khan',1,25,'','13222-2222222-2','03009348361',1,2,'2015-12-30 11:47:04',7,NULL,1),(249,'PAT-186',2,'Iftikhar','khan',1,41,'','12445-5555555-5','030068141555',1,2,'2015-12-30 12:21:13',1,NULL,1),(250,'PAT-187',NULL,'Name','',1,23,NULL,NULL,'',1,2,'2016-01-26 14:57:34',1,NULL,1),(251,'PAT-188',NULL,'Name','',1,23,NULL,NULL,'',1,2,'2016-01-26 14:59:33',1,NULL,1);

/*Table structure for table `hms_patient_account` */

DROP TABLE IF EXISTS `hms_patient_account`;

CREATE TABLE `hms_patient_account` (
  `AccountID` int(10) unsigned NOT NULL AUTO_INCREMENT,
  `PatientID` int(10) unsigned NOT NULL,
  `CurrentBalance` decimal(10,0) NOT NULL DEFAULT '0',
  `RefundAmount` decimal(10,0) NOT NULL DEFAULT '0',
  `DateAdded` datetime NOT NULL,
  `DateUpdated` datetime DEFAULT NULL,
  PRIMARY KEY (`AccountID`)
) ENGINE=InnoDB AUTO_INCREMENT=225 DEFAULT CHARSET=utf8 COLLATE=utf8_bin;

/*Data for the table `hms_patient_account` */

insert  into `hms_patient_account`(`AccountID`,`PatientID`,`CurrentBalance`,`RefundAmount`,`DateAdded`,`DateUpdated`) values (2,9,'25000','0','2015-10-13 12:13:22',NULL),(3,10,'37530','0','2015-10-13 12:14:01',NULL),(4,16,'25000','0','2015-10-13 13:45:27',NULL),(5,12,'22558855','0','2015-10-14 09:13:02',NULL),(6,18,'2000','0','2015-10-14 09:14:23',NULL),(7,17,'2000','0','2015-10-14 09:14:34',NULL),(8,1,'89145','14690','2015-10-15 15:49:03','2015-12-19 11:39:23'),(10,25,'0','0','2015-10-21 10:07:25',NULL),(11,26,'50000','0','2015-10-30 06:10:45',NULL),(12,15,'100000','0','2015-10-30 06:10:48',NULL),(13,27,'10000','0','2015-11-02 05:10:29',NULL),(15,30,'5500','0','2015-11-06 10:12:15','2015-11-06 13:22:08'),(16,31,'13500','0','2015-11-06 10:12:40','2015-11-07 07:58:46'),(17,33,'1000','0','2015-11-07 10:30:31',NULL),(18,32,'10000','0','2015-11-07 11:45:21',NULL),(19,36,'10000','0','2015-11-07 12:32:17',NULL),(20,35,'10000','0','2015-11-07 12:32:20',NULL),(21,34,'1000','0','2015-11-09 11:10:46',NULL),(22,37,'1000','0','2015-11-09 11:13:33',NULL),(23,38,'2000','0','2015-11-09 11:13:40',NULL),(24,39,'20000','0','2015-11-09 11:16:41',NULL),(25,40,'500000','0','2015-11-10 08:41:45',NULL),(26,42,'2000','0','2015-11-10 08:41:52',NULL),(27,43,'2000','0','2015-11-10 08:41:56',NULL),(28,48,'1101','0','2015-11-11 06:50:58','2015-11-11 07:31:38'),(29,50,'1000','0','2015-11-11 08:05:28',NULL),(30,44,'100000','0','2015-11-12 06:27:32',NULL),(31,45,'1132123156','0','2015-11-12 06:27:38',NULL),(32,47,'50000','0','2015-11-12 06:27:42',NULL),(33,49,'1000','0','2015-11-12 06:27:46',NULL),(34,51,'2000','0','2015-11-12 07:57:31',NULL),(35,52,'3000','0','2015-11-12 07:57:40',NULL),(36,53,'4200','0','2015-11-12 07:57:49','2015-11-12 08:05:31'),(37,54,'0','0','2015-11-12 08:14:56',NULL),(38,55,'2100','0','2015-11-12 08:23:32','2015-11-12 10:40:27'),(39,56,'4200','0','2015-11-13 06:47:06','2015-11-13 08:35:30'),(40,57,'123403','0','2015-11-13 06:47:10','2015-11-13 08:20:07'),(83,100,'0','0','2015-11-14 06:34:00',NULL),(84,102,'3000','0','2015-11-14 06:49:30',NULL),(85,101,'3000','0','2015-11-14 06:49:46',NULL),(86,103,'7000','0','2015-11-14 07:02:28','2015-11-14 07:04:03'),(87,104,'5000','0','2015-11-14 08:40:14',NULL),(88,105,'50000','0','2015-11-14 08:57:38',NULL),(89,106,'5000','0','2015-11-17 08:03:18',NULL),(90,107,'6000','0','2015-11-17 08:58:21','2015-11-17 09:00:13'),(91,108,'5000','4000','2015-11-18 08:28:48',NULL),(92,109,'12000','3000','2015-11-19 12:48:56','2015-11-19 12:50:57'),(93,110,'10000','6200','2015-11-20 05:54:21',NULL),(95,114,'10000','0','2015-11-21 07:44:56',NULL),(96,115,'20000','0','2015-11-21 08:19:35',NULL),(97,117,'5000','100','2015-11-23 08:44:25',NULL),(98,119,'40000','0','2015-11-24 10:28:45',NULL),(99,111,'1232312','0','2015-11-24 10:28:48',NULL),(100,112,'2000','0','2015-11-24 10:28:50',NULL),(101,121,'10000','0','2015-11-25 12:50:44',NULL),(102,120,'50000','0','2015-11-26 06:00:38',NULL),(103,122,'12681','0','2015-12-01 10:29:35','2015-12-01 14:38:20'),(104,123,'5000','0','2015-12-01 16:24:25',NULL),(105,125,'10002','0','2015-12-02 10:22:32','2015-12-02 10:49:56'),(106,126,'1103','0','2015-12-02 11:04:40','2015-12-02 14:40:48'),(107,127,'7000','0','2015-12-02 11:31:56','2015-12-02 15:00:36'),(108,128,'100100','0','2015-12-03 10:18:07','2015-12-03 10:22:57'),(109,124,'10000','0','2015-12-04 09:33:55',NULL),(110,129,'2000','1900','2015-12-04 09:39:50',NULL),(111,130,'10000','0','2015-12-04 09:59:44',NULL),(112,131,'1000','0','2015-12-04 10:02:43',NULL),(113,133,'2000','0','2015-12-04 11:30:31',NULL),(114,134,'5000','0','2015-12-05 09:53:18',NULL),(117,137,'5000','0','2015-12-05 10:35:20',NULL),(118,138,'50000','0','2015-12-05 10:49:51',NULL),(119,139,'5000','0','2015-12-05 11:04:17','2015-12-05 12:04:35'),(120,140,'2000','0','2015-12-08 12:02:11',NULL),(121,141,'2000','0','2015-12-12 11:09:46',NULL),(122,142,'5000','0','2015-12-12 12:02:46',NULL),(123,132,'2000','0','2015-12-14 12:32:04',NULL),(124,143,'1000','0','2015-12-14 12:32:14',NULL),(125,144,'2000','0','2015-12-14 12:37:23',NULL),(126,145,'3000','0','2015-12-14 12:42:15',NULL),(127,146,'4000','0','2015-12-14 12:46:10',NULL),(128,152,'5200','0','2015-12-14 14:39:34',NULL),(129,153,'4000','0','2015-12-14 15:19:23',NULL),(130,154,'5000','0','2015-12-14 15:19:38',NULL),(131,155,'500','0','2015-12-15 10:34:23',NULL),(132,156,'5000','0','2015-12-15 10:49:00','2015-12-15 11:13:21'),(133,157,'1000','0','2015-12-15 11:13:36',NULL),(134,158,'1000','0','2015-12-15 14:24:07',NULL),(135,147,'3000','0','2015-12-15 14:29:33',NULL),(136,159,'4000','0','2015-12-15 14:30:44',NULL),(137,160,'7000','0','2015-12-15 14:51:58',NULL),(138,162,'553000','0','2015-12-16 10:49:56','2015-12-17 15:47:03'),(139,163,'3000','0','2015-12-16 15:46:01',NULL),(140,164,'10000','0','2015-12-16 16:48:12',NULL),(141,165,'100000','0','2015-12-17 10:54:08','2015-12-17 11:06:45'),(142,161,'30080','0','2015-12-17 11:15:26','2015-12-17 11:17:59'),(143,166,'100000','0','2015-12-17 11:26:57',NULL),(144,171,'10000','0','2015-12-17 12:24:36',NULL),(145,167,'100000','0','2015-12-17 12:34:13',NULL),(146,169,'20000','0','2015-12-17 12:55:24',NULL),(147,148,'5000','0','2015-12-17 16:05:51',NULL),(148,150,'8000','0','2015-12-17 16:05:53',NULL),(149,168,'20000','0','2015-12-17 16:05:55',NULL),(150,170,'20000','0','2015-12-17 16:05:58',NULL),(151,151,'8000','0','2015-12-17 16:06:03',NULL),(152,149,'6000','0','2015-12-17 16:06:05',NULL),(153,172,'5000','0','2015-12-18 11:11:14',NULL),(154,176,'0','0','2015-12-18 12:19:01',NULL),(155,177,'0','0','2015-12-18 13:03:18',NULL),(156,181,'0','0','2015-12-18 15:32:08',NULL),(157,190,'20200','0','2015-12-19 11:20:43','2015-12-19 11:29:40'),(158,192,'0','0','2015-12-19 11:46:02',NULL),(159,194,'0','0','2015-12-19 11:52:56',NULL),(160,198,'0','0','2015-12-19 15:13:06',NULL),(161,178,'565656','0','2015-12-19 15:15:00',NULL),(162,180,'1000','0','2015-12-19 15:15:04',NULL),(163,182,'20000','0','2015-12-19 15:15:09',NULL),(164,179,'565656','0','2015-12-19 15:15:13',NULL),(165,184,'3456','0','2015-12-19 15:15:16',NULL),(166,186,'3333','0','2015-12-19 15:15:19',NULL),(167,188,'10000','0','2015-12-19 15:15:22',NULL),(168,189,'10000','0','2015-12-19 15:15:27',NULL),(169,197,'1000','0','2015-12-19 15:15:30',NULL),(170,185,'30000','0','2015-12-19 15:15:36',NULL),(171,199,'0','0','2015-12-19 15:17:26',NULL),(172,200,'0','0','2015-12-19 15:19:36',NULL),(173,201,'0','0','2015-12-19 15:21:27',NULL),(174,204,'0','0','2015-12-19 15:26:37',NULL),(175,205,'0','0','2015-12-19 15:28:25',NULL),(176,208,'0','0','2015-12-19 15:39:44',NULL),(177,209,'0','0','2015-12-19 15:42:13',NULL),(178,196,'100000','92805','2015-12-21 11:16:17',NULL),(179,210,'11210','0','2015-12-21 11:26:19','2015-12-21 13:10:59'),(180,211,'51000','0','2015-12-22 10:36:05','2015-12-22 12:44:14'),(181,207,'10000','0','2015-12-23 16:14:59',NULL),(182,206,'10000','0','2015-12-23 16:15:02',NULL),(183,195,'200000','0','2015-12-23 16:15:05',NULL),(184,193,'200000','0','2015-12-23 16:15:06',NULL),(185,191,'10000','0','2015-12-23 16:15:08',NULL),(186,187,'33333','0','2015-12-23 16:15:10',NULL),(187,183,'10000','0','2015-12-23 16:15:13',NULL),(188,212,'10472','136','2015-12-25 10:18:11','2015-12-25 11:10:39'),(189,213,'0','0','2015-12-25 11:51:29',NULL),(190,214,'10000','0','2015-12-25 12:45:33',NULL),(191,215,'5000','0','2015-12-25 12:47:50',NULL),(192,216,'5000','0','2015-12-25 15:27:38',NULL),(193,217,'0','0','2015-12-25 16:01:40',NULL),(194,218,'0','0','2015-12-26 10:02:17',NULL),(195,220,'0','0','2015-12-26 10:42:29',NULL),(196,219,'8401','0','2015-12-26 10:49:48','2015-12-26 12:23:50'),(197,222,'0','0','2015-12-26 12:27:00',NULL),(198,224,'302061','0','2015-12-26 14:43:48','2015-12-26 15:23:36'),(199,229,'12000','0','2015-12-28 15:33:11',NULL),(200,228,'5000','0','2015-12-28 15:33:14',NULL),(201,227,'5000','0','2015-12-28 15:33:53',NULL),(202,226,'5000','0','2015-12-28 15:33:56',NULL),(203,225,'5000','0','2015-12-28 15:33:58',NULL),(204,223,'5000','0','2015-12-28 15:34:00',NULL),(205,221,'5000','0','2015-12-28 15:34:03',NULL),(206,230,'2000','0','2015-12-29 11:29:34',NULL),(207,232,'5000','0','2015-12-29 11:29:36',NULL),(208,231,'10000','0','2015-12-29 11:29:38',NULL),(209,236,'5000','0','2015-12-29 12:22:33',NULL),(210,234,'40000','0','2015-12-29 12:22:38',NULL),(211,237,'5000','0','2015-12-29 12:34:24',NULL),(212,238,'5000','0','2015-12-29 12:40:49',NULL),(213,240,'5000','0','2015-12-29 12:55:26',NULL),(214,241,'5000','0','2015-12-29 12:57:25',NULL),(215,242,'10000','6300','2015-12-29 14:30:19',NULL),(216,243,'20300','0','2015-12-30 09:55:09','2015-12-30 10:09:09'),(217,244,'100','0','2015-12-30 10:39:48',NULL),(218,246,'15000','0','2015-12-30 11:32:55','2015-12-30 11:33:46'),(219,247,'0','0','2015-12-30 11:34:46',NULL),(220,245,'5000','0','2015-12-30 11:39:50',NULL),(221,235,'5000','0','2015-12-30 11:39:52',NULL),(222,233,'80000','0','2015-12-30 11:39:54',NULL),(223,248,'20000','0','2015-12-30 11:47:04',NULL),(224,249,'100','0','2015-12-30 12:21:13',NULL);

/*Table structure for table `hms_payments` */

DROP TABLE IF EXISTS `hms_payments`;

CREATE TABLE `hms_payments` (
  `PaymentID` int(10) unsigned NOT NULL AUTO_INCREMENT,
  `PHeadID` int(6) unsigned NOT NULL,
  `PatID` int(10) unsigned NOT NULL,
  `AdmissionID` int(10) DEFAULT NULL,
  `Amount` decimal(20,2) unsigned NOT NULL DEFAULT '0.00',
  `PaymentDate` datetime NOT NULL,
  `ReceivedBy` int(8) unsigned DEFAULT NULL,
  `ReceivedDate` datetime DEFAULT NULL,
  `Status` tinyint(1) NOT NULL,
  PRIMARY KEY (`PaymentID`),
  KEY `PatID` (`PatID`),
  KEY `PHeadID` (`PHeadID`)
) ENGINE=InnoDB AUTO_INCREMENT=876 DEFAULT CHARSET=utf8 COLLATE=utf8_bin;

/*Data for the table `hms_payments` */

insert  into `hms_payments`(`PaymentID`,`PHeadID`,`PatID`,`AdmissionID`,`Amount`,`PaymentDate`,`ReceivedBy`,`ReceivedDate`,`Status`) values (1,1,8,5,'12000.00','2015-10-08 14:21:10',NULL,NULL,2),(2,1,9,6,'25000.00','2015-10-08 14:25:05',1,'2015-10-13 12:13:22',1),(4,1,10,7,'25530.00','2015-10-08 14:28:28',1,'2015-11-20 06:05:54',1),(5,1,12,8,'22558855.00','2015-10-08 14:31:39',1,'2015-10-14 09:13:02',1),(6,1,15,12,'100000.00','2015-10-10 13:43:08',1,'2015-10-30 06:10:48',1),(7,1,16,13,'25000.00','2015-10-13 13:36:16',1,'2015-10-13 13:45:27',1),(8,1,17,14,'2000.00','2015-10-14 07:26:05',1,'2015-10-14 09:14:34',1),(9,1,18,15,'2000.00','2015-10-14 09:06:09',1,'2015-10-14 09:14:23',1),(11,2,1,1,'2500.00','2015-10-15 15:51:58',1,'2015-10-15 15:52:14',2),(12,1,19,16,'30000.00','2015-10-16 08:58:52',1,'2015-10-16 09:00:12',1),(20,1,26,17,'50000.00','2015-10-30 06:08:24',1,'2015-10-30 06:10:45',1),(21,3,26,17,'0.00','2015-10-30 08:15:40',NULL,NULL,2),(22,3,15,12,'1900.00','2015-10-30 08:26:02',NULL,NULL,2),(23,1,27,18,'10000.00','2015-11-02 05:08:49',1,'2015-11-02 05:10:29',1),(24,1,26,17,'500.00','2015-11-02 06:14:08',1,NULL,1),(25,1,28,19,'20000.00','2015-11-05 12:43:11',NULL,NULL,2),(26,1,29,20,'30000.00','2015-11-05 13:24:04',1,'2015-11-05 13:26:05',1),(27,3,29,20,'1.00','2015-11-05 13:26:43',NULL,NULL,2),(28,1,30,21,'5000.00','2015-11-06 07:55:11',1,'2015-11-06 10:12:15',1),(29,1,31,22,'10000.00','2015-11-06 10:11:51',1,'2015-11-06 10:12:40',1),(31,1,31,22,'500.00','2015-11-06 12:13:16',1,NULL,1),(32,1,31,22,'1000.00','2015-11-06 10:11:51',1,'2015-11-06 10:12:40',2),(33,2,31,22,'12000.00','2015-11-06 10:11:51',1,'2015-11-06 10:12:40',2),(34,3,31,22,'3000.00','2015-11-06 10:11:51',1,'2015-11-06 10:12:40',2),(35,3,30,21,'20000.00','2015-11-06 07:55:11',1,'2015-11-06 10:12:15',2),(36,1,31,22,'600.00','2015-11-06 13:05:18',1,NULL,1),(37,1,30,21,'500.00','2015-11-06 13:22:08',1,NULL,1),(38,1,32,23,'10000.00','2015-11-07 06:17:41',1,'2015-11-07 11:45:21',1),(39,1,31,22,'200.00','2015-11-07 07:58:43',1,NULL,1),(40,1,31,22,'200.00','2015-11-07 07:58:43',1,NULL,1),(41,1,31,22,'200.00','2015-11-07 07:58:43',1,NULL,1),(42,1,31,22,'200.00','2015-11-07 07:58:43',1,NULL,1),(43,1,31,22,'200.00','2015-11-07 07:58:43',1,NULL,1),(44,1,31,22,'200.00','2015-11-07 07:58:45',1,NULL,1),(45,1,31,22,'200.00','2015-11-07 07:58:46',1,NULL,1),(46,1,31,22,'200.00','2015-11-07 07:58:46',1,NULL,1),(47,1,31,22,'200.00','2015-11-07 07:58:46',1,NULL,1),(48,1,31,22,'200.00','2015-11-07 07:58:46',1,NULL,1),(49,1,33,24,'1000.00','2015-11-07 08:11:38',1,'2015-11-07 10:30:31',1),(50,1,34,25,'1000.00','2015-11-07 12:17:00',1,'2015-11-09 11:10:46',1),(51,1,35,26,'10000.00','2015-11-07 12:19:28',1,'2015-11-07 12:32:20',1),(52,1,36,27,'10000.00','2015-11-07 12:21:23',1,'2015-11-07 12:32:17',1),(53,3,33,24,'1.00','2015-11-07 12:22:32',NULL,NULL,2),(54,3,31,22,'1001.00','2015-11-07 12:25:39',NULL,NULL,2),(55,3,36,27,'1.00','2015-11-07 12:35:01',NULL,NULL,2),(56,3,30,21,'1.00','2015-11-09 11:00:14',NULL,NULL,2),(57,3,32,23,'1901.00','2015-11-09 11:00:20',NULL,NULL,2),(58,3,35,26,'3801.00','2015-11-09 11:00:28',NULL,NULL,2),(59,1,37,28,'1000.00','2015-11-09 11:03:05',1,'2015-11-09 11:13:33',1),(60,1,38,29,'2000.00','2015-11-09 11:05:03',1,'2015-11-09 11:13:40',1),(61,1,39,30,'20000.00','2015-11-09 11:15:39',1,'2015-11-09 11:16:41',1),(62,1,40,31,'500000.00','2015-11-10 07:28:01',1,'2015-11-10 08:41:45',1),(64,3,34,25,'1.00','2015-11-10 07:37:39',NULL,NULL,2),(65,3,37,28,'1.00','2015-11-10 07:37:45',NULL,NULL,2),(66,3,38,29,'1.00','2015-11-10 07:37:49',NULL,NULL,2),(67,3,39,30,'1.00','2015-11-10 07:37:51',NULL,NULL,2),(68,1,42,33,'2000.00','2015-11-10 07:42:52',1,'2015-11-10 08:41:52',1),(69,1,43,34,'2000.00','2015-11-10 07:56:20',1,'2015-11-10 08:41:56',1),(70,1,44,35,'100000.00','2015-11-10 08:00:22',1,'2015-11-12 06:27:32',1),(71,1,45,36,'1132123156.00','2015-11-10 08:18:37',1,'2015-11-12 06:27:38',1),(73,1,47,38,'50000.00','2015-11-10 14:11:13',1,'2015-11-12 06:27:42',1),(74,3,40,31,'1.00','2015-11-11 06:29:46',NULL,NULL,2),(75,3,43,34,'1.00','2015-11-11 06:29:57',NULL,NULL,2),(76,3,42,33,'1.00','2015-11-11 06:30:01',NULL,NULL,2),(77,1,48,39,'1000.00','2015-11-11 06:47:12',1,'2015-11-11 06:50:58',1),(78,1,48,39,'100.00','2015-11-11 07:30:23',1,NULL,1),(79,1,48,39,'0.50','2015-11-11 07:31:38',1,NULL,1),(80,1,49,40,'1000.00','2015-11-11 07:42:38',1,'2015-11-12 06:27:46',1),(81,1,50,41,'1000.00','2015-11-11 07:55:20',1,'2015-11-11 08:05:28',1),(85,4,8,7,'1500.00','2015-11-11 13:16:05',NULL,NULL,2),(86,3,50,41,'1.00','2015-11-12 06:20:47',NULL,NULL,2),(87,3,48,39,'1.00','2015-11-12 06:24:32',NULL,NULL,2),(88,3,44,35,'1.00','2015-11-12 06:32:42',NULL,NULL,2),(89,3,49,40,'1.00','2015-11-12 06:36:41',NULL,NULL,2),(90,3,47,38,'1.00','2015-11-12 06:36:44',NULL,NULL,2),(91,3,45,36,'1.00','2015-11-12 06:36:48',NULL,NULL,2),(92,1,51,42,'2000.00','2015-11-12 06:55:34',1,'2015-11-12 07:57:31',1),(93,1,52,43,'3000.00','2015-11-12 07:07:07',1,'2015-11-12 07:57:40',1),(94,1,53,44,'4000.00','2015-11-12 07:56:27',1,'2015-11-12 07:57:49',1),(95,1,53,44,'100.00','2015-11-12 08:04:45',1,NULL,1),(96,1,53,44,'100.00','2015-11-12 08:05:31',1,NULL,1),(97,1,55,45,'2000.00','2015-11-12 08:19:12',1,'2015-11-12 08:23:32',1),(98,4,17,14,'1000.00','2015-11-12 08:24:39',NULL,NULL,2),(99,4,16,13,'16600.00','2015-11-12 08:55:09',NULL,NULL,2),(100,4,17,14,'1500.00','2015-11-12 10:14:09',NULL,NULL,2),(101,4,18,15,'550.00','2015-11-12 10:25:11',NULL,NULL,2),(102,4,42,33,'460.00','2015-11-12 10:34:54',NULL,NULL,2),(103,1,55,45,'100.00','2015-11-12 10:40:27',1,NULL,1),(104,1,56,46,'4000.00','2015-11-12 12:34:40',1,'2015-11-13 06:47:06',1),(105,1,57,47,'2300.00','2015-11-12 12:48:04',1,'2015-11-13 06:47:10',1),(106,3,55,45,'1.00','2015-11-13 06:33:38',NULL,NULL,2),(107,3,53,44,'1.00','2015-11-13 06:33:42',NULL,NULL,2),(108,3,52,43,'1.00','2015-11-13 06:33:45',NULL,NULL,2),(109,3,51,42,'1.00','2015-11-13 06:34:10',NULL,NULL,2),(110,1,57,47,'100.00','2015-11-13 08:05:37',1,NULL,1),(111,4,57,47,'39680.00','2015-11-13 08:14:08',NULL,NULL,2),(112,1,57,47,'10000.00','2015-11-13 08:15:46',1,NULL,1),(113,1,57,47,'10000.00','2015-11-13 08:16:23',1,NULL,1),(114,1,57,47,'50000.00','2015-11-13 08:17:03',1,NULL,1),(115,1,57,47,'50000.00','2015-11-13 08:17:10',1,NULL,1),(116,1,57,47,'1.00','2015-11-13 08:17:43',1,NULL,1),(117,1,57,47,'1.00','2015-11-13 08:18:18',1,NULL,1),(118,1,57,47,'1.00','2015-11-13 08:18:49',1,NULL,1),(119,1,57,47,'1000.00','2015-11-13 08:20:07',1,NULL,1),(120,4,56,46,'20.00','2015-11-13 08:21:40',NULL,NULL,2),(121,4,56,46,'30.00','2015-11-13 08:24:01',NULL,NULL,2),(122,1,56,46,'200.00','2015-11-13 08:35:30',1,NULL,1),(123,4,57,47,'30.00','2015-11-13 08:37:56',NULL,NULL,2),(124,3,56,46,'1.00','2015-11-14 06:38:06',NULL,NULL,2),(125,3,57,47,'1.00','2015-11-14 06:38:20',NULL,NULL,2),(126,1,101,48,'3000.00','2015-11-14 06:45:26',1,'2015-11-14 06:49:46',1),(127,1,102,49,'3000.00','2015-11-14 06:47:33',1,'2015-11-14 06:49:30',1),(128,1,103,50,'2000.00','2015-11-14 07:01:50',1,'2015-11-14 07:02:28',1),(129,1,103,50,'5000.00','2015-11-14 07:04:03',1,NULL,1),(130,4,103,50,'270.00','2015-11-14 07:18:04',NULL,NULL,2),(131,3,103,50,'1.00','2015-11-14 07:24:43',NULL,NULL,2),(132,1,104,51,'5000.00','2015-11-14 08:39:46',1,'2015-11-14 08:40:14',1),(133,3,104,51,'1301.00','2015-11-14 08:41:52',NULL,NULL,2),(134,1,105,52,'50000.00','2015-11-14 08:55:21',1,'2015-11-14 08:57:38',1),(135,3,105,52,'200.00','2015-11-14 08:57:57',NULL,NULL,2),(136,5,102,49,'2300.00','2015-11-14 09:05:49',NULL,NULL,2),(137,3,102,49,'1.00','2015-11-14 09:10:34',NULL,NULL,2),(138,1,106,53,'5000.00','2015-11-17 07:23:43',1,'2015-11-17 08:03:18',1),(139,3,101,48,'200.00','2015-11-17 07:52:57',NULL,NULL,2),(140,4,106,53,'6250.00','2015-11-17 08:06:18',NULL,NULL,2),(141,4,105,52,'200.00','2015-11-17 08:17:31',NULL,NULL,2),(142,3,106,53,'100.00','2015-11-17 08:25:44',NULL,NULL,2),(143,1,107,54,'5000.00','2015-11-17 08:54:12',1,'2015-11-17 08:58:21',1),(144,1,107,54,'1000.00','2015-11-17 09:00:13',1,NULL,1),(145,5,107,NULL,'2300.00','2015-11-17 09:13:37',NULL,NULL,2),(146,5,107,54,'2300.00','2015-11-17 10:43:40',NULL,NULL,2),(147,5,107,54,'2000.00','2015-11-17 10:46:00',NULL,NULL,2),(148,5,107,54,'2000.00','2015-11-17 10:56:41',NULL,NULL,2),(149,5,105,52,'2300.00','2015-11-17 11:02:15',NULL,NULL,2),(150,3,1,1,'100.00','2015-10-15 15:51:58',1,'2015-10-15 15:52:14',2),(151,3,107,54,'100.00','2015-11-18 06:31:44',NULL,NULL,2),(152,1,108,55,'5000.00','2015-11-18 08:27:29',1,'2015-11-18 08:28:48',1),(153,3,108,55,'1000.00','2015-11-18 08:33:34',NULL,NULL,2),(154,1,109,56,'10000.00','2015-11-19 12:48:31',1,'2015-11-19 12:48:56',1),(155,1,109,56,'2000.00','2015-11-19 12:50:57',1,NULL,1),(156,1,110,57,'10000.00','2015-11-20 05:47:26',1,'2015-11-20 05:54:21',1),(157,4,110,57,'100.00','2015-11-20 06:33:30',NULL,NULL,2),(158,4,110,57,'500.00','2015-11-20 06:44:00',NULL,NULL,2),(159,4,1,1,'60.00','2015-11-20 05:44:23',NULL,NULL,2),(160,1,111,58,'1232312.00','2015-11-20 10:52:37',1,'2015-11-24 10:28:48',1),(161,1,1,1,'20000.00','2015-11-20 11:55:50',1,NULL,1),(162,1,112,59,'2000.00','2015-11-21 05:06:42',1,'2015-11-24 10:28:50',1),(163,5,110,57,'2300.00','2015-11-21 07:27:57',NULL,NULL,2),(164,5,114,NULL,'2300.00','2015-11-21 07:44:56',NULL,NULL,2),(165,1,114,NULL,'10000.00','2015-11-21 07:44:56',NULL,NULL,1),(166,1,115,NULL,'20000.00','2015-11-21 08:19:35',NULL,NULL,1),(167,5,115,NULL,'2300.00','2015-11-21 08:19:35',NULL,NULL,2),(168,3,110,57,'300.00','2015-11-21 12:55:41',NULL,NULL,2),(169,3,8,7,'6000.00','2015-11-21 12:58:42',NULL,NULL,2),(170,3,109,56,'9000.00','2015-11-21 12:59:02',NULL,NULL,2),(171,3,110,57,'600.00','2015-11-21 13:00:06',NULL,NULL,2),(172,1,117,60,'5000.00','2015-11-23 08:43:35',1,'2015-11-23 08:44:25',1),(173,5,117,60,'2300.00','2015-11-23 08:46:05',NULL,NULL,2),(174,4,117,60,'1600.00','2015-11-23 12:48:48',NULL,NULL,2),(175,3,117,60,'1000.00','2015-11-23 12:50:33',NULL,NULL,2),(176,1,1,1,'100.00','2015-11-24 10:21:49',1,NULL,1),(177,1,119,61,'40000.00','2015-11-24 10:27:23',1,'2015-11-24 10:28:45',1),(178,3,119,61,'100.00','2015-11-24 10:29:23',NULL,NULL,2),(179,3,112,59,'1000.00','2015-11-24 10:29:27',NULL,NULL,2),(180,3,111,58,'100.00','2015-11-24 10:30:26',NULL,NULL,2),(181,1,120,62,'50000.00','2015-11-24 10:31:05',1,'2015-11-26 06:00:38',1),(182,6,117,60,'800.00','2015-11-25 12:31:52',NULL,NULL,2),(183,1,121,63,'10000.00','2015-11-25 12:50:34',1,'2015-11-25 12:50:44',1),(184,5,121,63,'2300.00','2015-11-25 12:51:14',NULL,NULL,2),(185,4,121,63,'3325.00','2015-11-25 12:53:09',NULL,NULL,2),(186,6,121,63,'800.00','2015-11-25 12:54:21',NULL,NULL,2),(187,3,121,63,'1000.00','2015-11-25 12:59:06',NULL,NULL,2),(188,6,120,62,'800.00','2015-11-26 06:04:03',NULL,NULL,2),(189,6,8,7,'600.00','2015-11-26 07:30:46',NULL,NULL,2),(190,6,120,62,'600.00','2015-11-26 07:32:50',NULL,NULL,2),(191,6,1,1,'800.00','2015-11-27 05:51:37',NULL,NULL,2),(192,3,120,62,'200.00','2015-11-27 06:07:52',NULL,NULL,2),(193,6,121,63,'1353.00','2015-11-28 06:17:11',NULL,NULL,2),(194,6,1,1,'500.00','2015-11-28 06:32:05',NULL,NULL,2),(195,6,1,1,'500.00','2015-11-28 06:34:58',NULL,NULL,2),(196,6,1,1,'450.00','2015-11-28 06:36:11',NULL,NULL,2),(197,6,1,1,'500.00','2015-11-28 06:46:35',NULL,NULL,2),(198,6,111,58,'480.00','2015-11-28 11:34:02',NULL,NULL,2),(199,1,122,64,'12132.00','2015-12-01 10:10:24',1,'2015-12-01 10:29:35',1),(200,1,122,64,'123.00','2015-12-01 14:33:49',1,NULL,1),(201,1,122,64,'360.00','2015-12-01 14:37:05',1,NULL,1),(202,1,122,64,'66.00','2015-12-01 14:38:20',1,NULL,1),(203,3,121,63,'3000.00','2015-12-01 14:45:36',NULL,NULL,2),(204,3,122,64,'10500.00','2015-12-01 15:01:36',NULL,NULL,2),(205,1,123,65,'5000.00','2015-12-01 15:55:00',1,'2015-12-01 16:24:25',1),(206,1,124,66,'10000.00','2015-12-02 09:49:35',1,'2015-12-04 09:33:55',1),(207,1,125,67,'10000.00','2015-12-02 10:20:47',1,'2015-12-02 10:22:32',1),(208,5,125,67,'200.00','2015-12-02 10:25:58',NULL,NULL,2),(209,5,125,67,'200.00','2015-12-02 10:38:23',NULL,NULL,2),(210,5,125,67,'2300.00','2015-12-02 10:45:10',NULL,NULL,2),(211,5,125,67,'2300.00','2015-12-02 10:46:01',NULL,NULL,2),(212,1,125,67,'2.00','2015-12-02 10:49:56',1,NULL,1),(213,1,126,68,'1000.00','2015-12-02 11:03:41',1,'2015-12-02 11:04:40',1),(214,1,126,68,'2.00','2015-12-02 11:06:14',1,NULL,1),(215,5,126,68,'2300.00','2015-12-02 11:14:20',NULL,NULL,2),(216,5,126,68,'200.00','2015-12-02 11:20:52',NULL,NULL,2),(217,1,127,69,'5000.00','2015-12-02 11:29:29',1,'2015-12-02 11:31:56',1),(218,5,127,69,'2300.00','2015-12-02 11:37:53',NULL,NULL,2),(219,4,127,69,'2670.00','2015-12-02 12:00:36',NULL,NULL,2),(220,5,126,68,'200.00','2015-12-02 12:27:30',NULL,NULL,2),(221,5,126,68,'300561.00','2015-12-02 12:30:34',NULL,NULL,2),(222,4,126,68,'520.00','2015-12-02 12:37:48',NULL,NULL,2),(223,5,126,68,'2300.00','2015-12-02 13:00:54',NULL,NULL,2),(224,5,126,68,'200.00','2015-12-02 13:01:18',NULL,NULL,2),(225,4,126,68,'19000.00','2015-12-02 14:37:00',NULL,NULL,2),(226,1,126,68,'1.00','2015-12-02 14:39:18',1,NULL,1),(227,1,126,68,'100.00','2015-12-02 14:40:48',1,NULL,1),(228,6,127,69,'1224.00','2015-12-02 14:52:56',NULL,NULL,2),(229,1,127,69,'1000.00','2015-12-02 14:58:36',1,NULL,1),(230,1,127,69,'1000.00','2015-12-02 15:00:36',1,NULL,1),(231,4,126,68,'300.00','2015-12-02 15:03:55',NULL,NULL,2),(232,6,126,68,'369.00','2015-12-02 15:48:17',NULL,NULL,2),(233,3,126,68,'200.00','2015-12-02 15:53:13',NULL,NULL,2),(234,5,125,67,'300561.00','2015-12-02 15:54:31',NULL,NULL,2),(235,6,123,65,'669.00','2015-12-02 16:11:30',NULL,NULL,2),(236,3,125,67,'200.00','2015-12-02 16:19:10',NULL,NULL,2),(237,3,123,65,'500.00','2015-12-03 10:12:13',NULL,NULL,2),(238,3,127,69,'1000.00','2015-12-03 10:12:25',NULL,NULL,2),(239,1,128,70,'100000.00','2015-12-03 10:16:24',1,'2015-12-03 10:18:07',1),(240,1,128,70,'100.00','2015-12-03 10:22:57',1,NULL,1),(241,4,128,70,'520.00','2015-12-03 10:27:51',NULL,NULL,2),(242,5,128,70,'2300.00','2015-12-03 10:30:46',NULL,NULL,2),(243,4,128,70,'1100.00','2015-12-03 10:40:34',NULL,NULL,2),(244,6,18,15,'345.00','2015-12-03 12:09:16',NULL,NULL,2),(245,6,100,NULL,'1500.00','2015-12-03 12:16:40',NULL,NULL,1),(246,3,128,70,'200.00','2015-12-04 09:33:18',NULL,NULL,2),(247,3,124,66,'100.00','2015-12-04 09:34:28',NULL,NULL,2),(248,1,129,71,'2000.00','2015-12-04 09:39:19',1,'2015-12-04 09:39:50',1),(249,3,129,71,'100.00','2015-12-04 09:40:19',NULL,NULL,2),(250,1,130,72,'10000.00','2015-12-04 09:58:32',1,'2015-12-04 09:59:44',1),(251,1,131,73,'1000.00','2015-12-04 10:02:08',1,'2015-12-04 10:02:43',1),(252,1,132,74,'2000.00','2015-12-04 10:19:39',1,'2015-12-14 12:32:04',1),(253,1,133,75,'2000.00','2015-12-04 10:24:52',1,'2015-12-04 11:30:31',1),(254,5,130,72,'200.00','2015-12-04 10:56:24',NULL,NULL,2),(255,5,130,72,'200.00','2015-12-04 11:04:49',NULL,NULL,2),(256,4,130,72,'520.00','2015-12-04 11:19:40',NULL,NULL,2),(257,5,133,75,'200.00','2015-12-04 11:31:41',NULL,NULL,2),(258,4,130,72,'2700.00','2015-12-04 12:00:47',NULL,NULL,2),(259,6,130,72,'1253.00','2015-12-04 12:14:54',NULL,NULL,2),(313,5,133,75,'56.00','2015-12-04 14:51:24',NULL,NULL,2),(314,5,133,75,'2300.00','2015-12-04 16:09:54',NULL,NULL,2),(315,5,133,75,'200.00','2015-12-04 16:15:48',NULL,NULL,2),(316,5,133,75,'70034.00','2015-12-04 16:16:54',NULL,NULL,2),(317,5,133,75,'200.00','2015-12-04 16:19:34',NULL,NULL,2),(318,5,133,75,'1000.00','2015-12-04 16:20:29',NULL,NULL,2),(319,5,133,75,'56.00','2015-12-04 16:21:29',NULL,NULL,2),(320,5,133,75,'70034.00','2015-12-04 16:23:21',NULL,NULL,2),(321,5,133,75,'6500.00','2015-12-04 16:25:13',NULL,NULL,2),(322,5,133,75,'300561.00','2015-12-04 16:25:53',NULL,NULL,2),(323,1,134,76,'5000.00','2015-12-05 09:53:04',1,'2015-12-05 09:53:18',1),(324,6,134,76,'669.00','2015-12-05 10:12:37',NULL,NULL,2),(329,1,137,NULL,'5000.00','2015-12-05 10:35:20',1,'2015-12-05 10:35:20',1),(330,5,137,NULL,'2300.00','2015-12-05 10:35:20',NULL,NULL,2),(331,1,138,77,'50000.00','2015-12-05 10:49:35',1,'2015-12-05 10:49:51',1),(332,5,138,77,'1000.00','2015-12-05 10:51:17',NULL,NULL,2),(333,4,138,77,'52.00','2015-12-05 10:53:35',NULL,NULL,2),(334,3,138,77,'26000.00','2015-12-05 10:54:34',NULL,NULL,2),(335,1,139,78,'500.00','2015-12-05 11:04:02',1,'2015-12-05 11:04:17',1),(337,5,139,78,'2300.00','2015-12-05 11:06:50',NULL,NULL,2),(338,1,139,78,'2500.00','2015-12-05 11:08:31',1,NULL,1),(339,6,137,NULL,'1253.00','2015-12-05 11:08:33',1,NULL,1),(340,4,139,78,'110.00','2015-12-05 11:18:09',NULL,NULL,2),(341,6,137,NULL,'2000.00','2015-12-05 11:28:19',1,'2015-12-05 11:28:19',1),(342,1,139,78,'2000.00','2015-12-05 12:04:35',1,NULL,1),(343,3,139,78,'2000.00','2015-12-05 12:10:07',NULL,NULL,2),(344,3,134,76,'1000.00','2015-12-05 12:13:06',NULL,NULL,2),(345,4,131,73,'4300.00','2015-12-07 10:16:20',NULL,NULL,2),(346,3,133,75,'3000.00','2015-12-07 10:23:31',NULL,NULL,2),(347,1,140,79,'2000.00','2015-12-08 12:01:29',1,'2015-12-08 12:02:11',1),(351,4,140,79,'620.00','2015-12-08 12:29:29',NULL,NULL,2),(352,4,140,79,'160.00','2015-12-08 12:54:08',NULL,NULL,2),(354,4,137,NULL,'50.00','2015-12-08 13:02:59',NULL,NULL,2),(355,5,130,72,'3500.00','2015-12-09 10:00:08',NULL,NULL,2),(356,4,140,79,'220.00','2015-12-09 14:31:20',NULL,NULL,2),(357,4,140,79,'300.00','2015-12-09 15:16:14',NULL,NULL,2),(358,1,141,80,'2000.00','2015-12-12 09:46:00',7,'2015-12-12 11:09:46',1),(359,1,142,81,'5000.00','2015-12-12 12:02:33',1,'2015-12-12 12:02:46',1),(360,6,142,81,'1300.00','2015-12-12 12:03:59',NULL,NULL,2),(361,4,142,81,'600.00','2015-12-12 12:08:29',NULL,NULL,2),(362,3,142,81,'100.00','2015-12-12 12:09:14',NULL,NULL,2),(363,6,131,73,'2341.00','2015-12-12 15:08:59',NULL,NULL,2),(364,6,140,79,'54.00','2015-12-12 15:17:43',NULL,NULL,2),(365,6,131,73,'23.00','2015-12-12 15:18:16',NULL,NULL,2),(366,6,141,80,'753.00','2015-12-12 15:20:47',NULL,NULL,2),(367,6,141,80,'54.00','2015-12-12 15:38:36',NULL,NULL,2),(368,6,141,80,'753.00','2015-12-12 15:42:32',NULL,NULL,2),(369,4,8,7,'2365.00','2015-12-12 16:00:16',NULL,NULL,2),(370,4,16,13,'1740.00','2015-12-12 16:00:44',NULL,NULL,2),(371,4,1,1,'59950.00','2015-12-12 16:03:14',NULL,NULL,2),(372,6,141,80,'453.00','2015-12-12 16:07:43',NULL,NULL,2),(373,6,141,80,'324.00','2015-12-12 16:08:50',NULL,NULL,2),(374,6,141,80,'54.00','2015-12-12 16:13:38',NULL,NULL,2),(375,6,140,79,'99.00','2015-12-14 10:32:48',NULL,NULL,2),(376,6,58,NULL,'68.00','2015-12-14 10:33:24',4,'2015-12-14 10:33:24',1),(377,6,131,73,'1500.00','2015-12-14 11:53:45',NULL,NULL,2),(378,6,130,72,'369.00','2015-12-14 11:58:02',NULL,NULL,2),(379,6,54,NULL,'1324.00','2015-12-14 11:58:43',14,'2015-12-14 11:58:43',1),(380,6,54,NULL,'334.00','2015-12-14 12:02:56',14,'2015-12-14 12:02:56',1),(381,6,54,NULL,'45.00','2015-12-14 12:06:06',14,'2015-12-14 12:06:06',1),(382,1,143,82,'1000.00','2015-12-14 12:08:09',1,'2015-12-14 12:32:14',1),(383,3,141,80,'3000.00','2015-12-14 12:10:40',NULL,NULL,2),(384,3,140,79,'700.00','2015-12-14 12:11:50',NULL,NULL,2),(385,3,131,73,'2200.00','2015-12-14 12:28:50',NULL,NULL,2),(386,3,130,72,'2200.00','2015-12-14 12:29:58',NULL,NULL,2),(387,3,132,74,'500.00','2015-12-14 12:32:32',NULL,NULL,2),(388,3,143,82,'2000.00','2015-12-14 12:34:14',NULL,NULL,2),(389,1,144,83,'2000.00','2015-12-14 12:37:03',1,'2015-12-14 12:37:23',1),(390,3,144,83,'2000.00','2015-12-14 12:37:32',NULL,NULL,2),(391,1,145,84,'3000.00','2015-12-14 12:42:04',1,'2015-12-14 12:42:15',1),(392,3,145,84,'2000.00','2015-12-14 12:42:50',NULL,NULL,2),(393,1,146,85,'4000.00','2015-12-14 12:45:16',1,'2015-12-14 12:46:10',1),(394,3,146,85,'2000.00','2015-12-14 12:46:30',NULL,NULL,2),(395,1,147,86,'3000.00','2015-12-14 12:51:57',16,'2015-12-15 14:29:33',1),(396,1,148,87,'5000.00','2015-12-14 12:52:57',1,'2015-12-17 16:05:51',1),(397,1,149,88,'6000.00','2015-12-14 12:54:12',1,'2015-12-17 16:06:05',1),(398,1,150,89,'8000.00','2015-12-14 12:55:21',1,'2015-12-17 16:05:53',1),(399,1,151,90,'8000.00','2015-12-14 12:56:35',1,'2015-12-17 16:06:03',1),(400,1,152,91,'5200.00','2015-12-14 14:39:21',1,'2015-12-14 14:39:34',1),(401,4,152,91,'670.00','2015-12-14 14:41:00',NULL,NULL,2),(402,6,152,91,'1300.00','2015-12-14 14:55:33',NULL,NULL,2),(403,3,152,91,'1200.00','2015-12-14 14:56:14',NULL,NULL,2),(404,4,8,7,'820.00','2015-12-14 14:59:47',NULL,NULL,2),(405,4,98,NULL,'3250.00','2015-12-14 15:00:36',NULL,NULL,2),(406,4,54,NULL,'2800.00','2015-12-14 15:01:05',NULL,NULL,2),(407,4,1,1,'3520.00','2015-12-14 15:01:35',NULL,NULL,2),(408,4,1,1,'16400.00','2015-12-14 15:04:30',NULL,NULL,2),(409,1,153,92,'4000.00','2015-12-14 15:17:47',7,'2015-12-14 15:19:23',1),(410,1,154,93,'5000.00','2015-12-14 15:18:55',7,'2015-12-14 15:19:38',1),(411,4,54,NULL,'2040.00','2015-12-14 15:22:17',NULL,NULL,2),(412,6,153,92,'323.00','2015-12-14 16:21:45',NULL,NULL,2),(413,1,155,94,'500.00','2015-12-15 10:31:34',1,'2015-12-15 10:34:23',1),(414,1,156,95,'3000.00','2015-12-15 10:42:33',7,'2015-12-15 10:49:00',1),(415,5,153,92,'3500.00','2015-12-15 10:56:52',NULL,NULL,2),(416,5,155,94,'3500.00','2015-12-15 10:57:03',NULL,NULL,2),(417,5,153,92,'200.00','2015-12-15 11:06:34',NULL,NULL,2),(418,5,155,94,'222.00','2015-12-15 11:08:09',NULL,NULL,2),(419,3,155,94,'200.00','2015-12-15 11:10:54',NULL,NULL,2),(420,1,157,96,'1000.00','2015-12-15 11:12:44',16,'2015-12-15 11:13:36',1),(421,1,156,95,'2000.00','2015-12-15 11:13:21',7,NULL,1),(422,6,153,92,'1624.00','2015-12-15 11:18:19',NULL,NULL,2),(423,5,157,96,'3500.00','2015-12-15 11:22:54',NULL,NULL,2),(424,6,153,92,'800.00','2015-12-15 11:23:37',NULL,NULL,2),(425,6,156,95,'369.00','2015-12-15 11:26:32',NULL,NULL,2),(426,6,154,93,'54.00','2015-12-15 11:29:05',NULL,NULL,2),(427,4,157,96,'8200.00','2015-12-15 11:31:45',NULL,NULL,2),(428,6,157,96,'753.00','2015-12-15 11:35:47',NULL,NULL,2),(429,4,157,96,'15615.00','2015-12-15 12:00:57',NULL,NULL,2),(430,4,137,NULL,'1540.00','2015-12-15 12:31:02',NULL,NULL,2),(431,4,156,95,'124.00','2015-12-15 12:31:47',NULL,NULL,2),(432,4,156,95,'47.00','2015-12-15 12:33:47',NULL,NULL,2),(433,3,156,95,'1200.00','2015-12-15 12:57:07',NULL,NULL,2),(434,3,153,92,'1000.00','2015-12-15 13:05:17',NULL,NULL,2),(435,3,157,96,'200.00','2015-12-15 13:05:43',NULL,NULL,2),(436,3,154,93,'2000.00','2015-12-15 13:07:01',NULL,NULL,2),(437,1,158,97,'1000.00','2015-12-15 14:22:59',7,'2015-12-15 14:24:07',1),(438,5,158,97,'1000.00','2015-12-15 14:25:42',NULL,NULL,2),(439,3,158,97,'1000.00','2015-12-15 14:27:46',NULL,NULL,2),(440,1,159,98,'4000.00','2015-12-15 14:30:04',7,'2015-12-15 14:30:44',1),(441,5,159,98,'56.00','2015-12-15 14:32:21',NULL,NULL,2),(442,6,159,98,'554.00','2015-12-15 14:39:49',NULL,NULL,2),(443,4,159,98,'1115.00','2015-12-15 14:44:05',NULL,NULL,2),(444,3,159,98,'1000.00','2015-12-15 14:45:43',NULL,NULL,2),(445,1,160,99,'7000.00','2015-12-15 14:51:42',7,'2015-12-15 14:51:58',1),(446,5,160,99,'6500.00','2015-12-15 14:52:44',NULL,NULL,2),(447,6,25,NULL,'45.00','2015-12-15 15:02:37',1,'2015-12-15 15:02:37',1),(448,1,161,100,'30000.00','2015-12-15 15:04:37',16,'2015-12-17 11:15:26',1),(449,4,160,99,'342.00','2015-12-15 15:16:08',NULL,NULL,2),(450,4,161,100,'4020.00','2015-12-15 15:18:53',NULL,NULL,2),(451,6,160,99,'507.00','2015-12-15 15:19:51',NULL,NULL,2),(452,4,160,99,'14700.00','2015-12-15 15:20:47',NULL,NULL,2),(453,6,147,86,'324.00','2015-12-15 15:22:54',NULL,NULL,2),(454,3,160,99,'1000.00','2015-12-15 15:23:34',NULL,NULL,2),(455,5,147,86,'1000.00','2015-12-15 15:27:43',NULL,NULL,2),(456,6,147,86,'753.00','2015-12-15 16:14:21',NULL,NULL,2),(457,1,162,101,'3000.00','2015-12-16 10:49:00',1,'2015-12-16 10:49:56',1),(459,5,162,101,'70034.00','2015-12-16 10:53:54',NULL,NULL,2),(460,5,162,101,'56.00','2015-12-16 11:00:01',NULL,NULL,2),(461,5,147,86,'300561.00','2015-12-16 11:05:28',NULL,NULL,2),(462,5,147,86,'3300.00','2015-12-16 11:17:10',NULL,NULL,2),(463,5,162,101,'70034.00','2015-12-16 11:19:54',NULL,NULL,2),(464,5,147,86,'1000.00','2015-12-16 11:41:43',NULL,NULL,2),(465,5,147,86,'6500.00','2015-12-16 11:46:13',NULL,NULL,2),(466,5,147,86,'200.00','2015-12-16 12:04:07',NULL,NULL,2),(467,5,147,86,'6500.00','2015-12-16 12:04:40',NULL,NULL,2),(468,5,147,86,'56.00','2015-12-16 12:21:57',NULL,NULL,2),(469,5,147,86,'6500.00','2015-12-16 12:42:03',NULL,NULL,2),(470,5,147,86,'70034.00','2015-12-16 12:50:38',NULL,NULL,2),(471,5,147,86,'6500.00','2015-12-16 12:53:48',NULL,NULL,2),(472,5,147,86,'6500.00','2015-12-16 12:54:49',NULL,NULL,2),(473,5,147,86,'6500.00','2015-12-16 12:56:50',NULL,NULL,2),(474,5,162,101,'6500.00','2015-12-16 12:57:25',NULL,NULL,2),(476,5,147,86,'6500.00','2015-12-16 15:15:31',NULL,NULL,2),(477,5,147,86,'6500.00','2015-12-16 15:16:48',NULL,NULL,2),(478,5,147,86,'6500.00','2015-12-16 15:21:06',NULL,NULL,2),(479,5,147,86,'70034.00','2015-12-16 15:23:29',NULL,NULL,2),(480,5,147,86,'3300.00','2015-12-16 15:24:58',NULL,NULL,2),(481,5,147,86,'70034.00','2015-12-16 15:27:23',NULL,NULL,2),(482,5,147,86,'6500.00','2015-12-16 15:28:56',NULL,NULL,2),(483,5,147,86,'6500.00','2015-12-16 15:30:46',NULL,NULL,2),(484,5,162,101,'300561.00','2015-12-16 15:31:51',NULL,NULL,2),(485,5,162,101,'6500.00','2015-12-16 15:33:12',NULL,NULL,2),(486,5,162,101,'3300.00','2015-12-16 15:33:52',NULL,NULL,2),(487,5,147,86,'222.00','2015-12-16 15:34:20',NULL,NULL,2),(488,5,147,86,'222.00','2015-12-16 15:39:28',NULL,NULL,2),(489,1,163,102,'3000.00','2015-12-16 15:44:47',1,'2015-12-16 15:46:01',1),(490,5,163,102,'6500.00','2015-12-16 15:47:04',NULL,NULL,2),(491,4,163,102,'504.00','2015-12-16 15:50:01',NULL,NULL,2),(492,6,163,102,'624.00','2015-12-16 15:51:24',NULL,NULL,2),(493,3,163,102,'1000.00','2015-12-16 16:10:25',NULL,NULL,2),(494,1,164,NULL,'10000.00','2015-12-16 16:48:12',7,'2015-12-16 16:48:12',1),(495,5,164,NULL,'300561.00','2015-12-16 16:48:12',NULL,NULL,2),(496,6,164,NULL,'354.00','2015-12-16 16:50:50',14,'2015-12-16 16:50:50',1),(497,4,164,NULL,'170.00','2015-12-16 16:52:24',NULL,NULL,2),(498,5,147,86,'1000.00','2015-12-17 10:32:13',NULL,NULL,2),(499,5,162,101,'1000.00','2015-12-17 10:33:11',NULL,NULL,2),(500,1,165,103,'100000.00','2015-12-17 10:37:04',16,'2015-12-17 10:54:08',1),(501,1,166,104,'100000.00','2015-12-17 10:37:24',16,'2015-12-17 11:26:57',1),(502,1,167,105,'100000.00','2015-12-17 10:38:58',16,'2015-12-17 12:34:13',1),(503,5,162,101,'1000.00','2015-12-17 10:41:10',NULL,NULL,2),(504,1,168,106,'20000.00','2015-12-17 10:42:12',1,'2015-12-17 16:05:55',1),(505,5,147,86,'222.00','2015-12-17 10:44:42',NULL,NULL,2),(506,5,147,86,'1000.00','2015-12-17 10:45:44',NULL,NULL,2),(507,5,147,86,'1000.00','2015-12-17 10:50:35',NULL,NULL,2),(508,1,169,107,'20000.00','2015-12-17 10:52:54',16,'2015-12-17 12:55:24',1),(509,5,147,86,'1000.00','2015-12-17 10:54:04',NULL,NULL,2),(510,5,147,86,'1000.00','2015-12-17 10:56:23',NULL,NULL,2),(511,5,147,86,'1000.00','2015-12-17 10:57:34',NULL,NULL,2),(512,1,170,108,'20000.00','2015-12-17 10:59:45',1,'2015-12-17 16:05:58',1),(513,5,147,86,'1000.00','2015-12-17 11:03:08',NULL,NULL,2),(514,5,147,86,'1000.00','2015-12-17 11:04:20',NULL,NULL,2),(515,5,147,86,'1000.00','2015-12-17 11:05:36',NULL,NULL,2),(516,1,165,103,'0.10','2015-12-17 11:06:45',16,NULL,1),(517,5,147,86,'1000.00','2015-12-17 11:07:01',NULL,NULL,2),(518,5,147,86,'3500.00','2015-12-17 11:10:28',NULL,NULL,2),(519,5,147,86,'1000.00','2015-12-17 11:11:23',NULL,NULL,2),(520,3,147,86,'4000.00','2015-12-17 11:13:11',NULL,NULL,2),(521,5,162,101,'1000.00','2015-12-17 11:14:36',NULL,NULL,2),(522,5,162,101,'1000.00','2015-12-17 11:15:00',NULL,NULL,2),(523,5,161,100,'1000.00','2015-12-17 11:17:05',NULL,NULL,2),(524,1,161,100,'80.00','2015-12-17 11:17:59',16,NULL,1),(525,5,161,100,'1000.00','2015-12-17 11:20:23',NULL,NULL,2),(526,5,161,100,'1000.00','2015-12-17 11:21:36',NULL,NULL,2),(527,5,161,100,'1000.00','2015-12-17 11:22:34',NULL,NULL,2),(528,5,161,100,'1000.00','2015-12-17 11:24:54',NULL,NULL,2),(529,3,161,100,'1200.00','2015-12-17 11:25:04',NULL,NULL,2),(530,5,162,101,'1000.00','2015-12-17 11:25:38',NULL,NULL,2),(531,5,165,103,'1000.00','2015-12-17 11:26:41',NULL,NULL,2),(532,5,166,104,'1000.00','2015-12-17 11:28:35',NULL,NULL,2),(533,5,162,101,'1000.00','2015-12-17 11:29:26',NULL,NULL,2),(534,5,162,101,'1000.00','2015-12-17 11:30:30',NULL,NULL,2),(535,5,162,101,'1000.00','2015-12-17 11:33:06',NULL,NULL,2),(536,5,162,101,'1000.00','2015-12-17 11:35:54',NULL,NULL,2),(537,5,162,101,'1000.00','2015-12-17 11:37:41',NULL,NULL,2),(538,5,162,101,'1000.00','2015-12-17 11:39:48',NULL,NULL,2),(539,5,162,101,'1000.00','2015-12-17 11:40:32',NULL,NULL,2),(540,5,162,101,'1000.00','2015-12-17 11:41:08',NULL,NULL,2),(541,5,166,104,'2000.00','2015-12-17 11:47:14',NULL,NULL,2),(542,5,166,104,'2000.00','2015-12-17 12:08:43',NULL,NULL,2),(543,5,166,104,'3500.00','2015-12-17 12:13:31',NULL,NULL,2),(544,5,166,104,'3500.00','2015-12-17 12:16:01',NULL,NULL,2),(545,1,171,NULL,'10000.00','2015-12-17 12:24:36',16,'2015-12-17 12:24:36',1),(546,5,171,NULL,'1000.00','2015-12-17 12:24:36',NULL,NULL,2),(547,5,165,103,'1000.00','2015-12-17 12:26:52',NULL,NULL,2),(548,3,166,104,'500.00','2015-12-17 12:30:41',NULL,NULL,2),(549,3,165,103,'200.00','2015-12-17 12:32:18',NULL,NULL,2),(550,3,167,105,'500.00','2015-12-17 12:34:42',NULL,NULL,2),(551,4,170,108,'2700.00','2015-12-17 12:46:00',NULL,NULL,2),(552,4,170,108,'358500.00','2015-12-17 12:48:02',NULL,NULL,2),(553,4,170,108,'282.00','2015-12-17 12:48:42',NULL,NULL,2),(554,4,169,107,'800.00','2015-12-17 12:58:57',NULL,NULL,2),(555,4,169,107,'1360.00','2015-12-17 13:00:32',NULL,NULL,2),(556,4,169,107,'1190.00','2015-12-17 13:02:33',NULL,NULL,2),(557,4,169,107,'1050.00','2015-12-17 13:05:56',NULL,NULL,2),(558,4,1,1,'185.00','2015-12-17 13:12:29',NULL,NULL,2),(559,4,1,1,'25.00','2015-12-17 13:13:34',NULL,NULL,2),(560,4,1,1,'25.00','2015-12-17 13:15:13',NULL,NULL,2),(561,4,1,1,'25.00','2015-12-17 13:18:47',NULL,NULL,2),(562,4,1,1,'25.00','2015-12-17 13:20:24',NULL,NULL,2),(563,4,1,1,'485.00','2015-12-17 13:34:34',NULL,NULL,2),(564,4,1,1,'485.00','2015-12-17 13:35:20',NULL,NULL,2),(565,4,1,1,'80.00','2015-12-17 13:35:47',NULL,NULL,2),(566,4,1,1,'50.00','2015-12-17 13:36:11',NULL,NULL,2),(567,4,1,1,'25.00','2015-12-17 13:36:54',NULL,NULL,2),(568,4,1,1,'25.00','2015-12-17 13:37:17',NULL,NULL,2),(569,4,1,1,'25.00','2015-12-17 13:39:33',NULL,NULL,2),(570,4,1,1,'25.00','2015-12-17 13:39:46',NULL,NULL,2),(571,4,1,1,'25.00','2015-12-17 13:40:10',NULL,NULL,2),(572,4,1,1,'25.00','2015-12-17 14:32:27',NULL,NULL,2),(573,4,1,1,'25.00','2015-12-17 14:32:47',NULL,NULL,2),(574,4,1,1,'80.00','2015-12-17 14:44:59',NULL,NULL,2),(575,4,1,1,'80.00','2015-12-17 14:45:23',NULL,NULL,2),(576,4,1,1,'25.00','2015-12-17 14:45:42',NULL,NULL,2),(577,4,1,1,'25.00','2015-12-17 14:46:45',NULL,NULL,2),(578,4,1,1,'25.00','2015-12-17 14:46:59',NULL,NULL,2),(579,4,8,7,'25.00','2015-12-17 15:01:22',NULL,NULL,2),(580,4,8,7,'185.00','2015-12-17 15:40:20',NULL,NULL,2),(581,4,8,7,'185.00','2015-12-17 15:41:11',NULL,NULL,2),(582,1,162,101,'50000.00','2015-12-17 15:46:07',1,NULL,1),(583,1,162,101,'500000.00','2015-12-17 15:47:03',1,NULL,1),(584,5,162,101,'1000.00','2015-12-17 15:48:28',NULL,NULL,2),(585,5,162,101,'1000.00','2015-12-17 15:49:37',NULL,NULL,2),(586,3,162,101,'2000.00','2015-12-17 15:58:02',NULL,NULL,2),(587,3,169,107,'743000.00','2015-12-17 16:03:51',NULL,NULL,2),(588,3,170,108,'1000.00','2015-12-17 16:06:29',NULL,NULL,2),(589,3,168,106,'736000.00','2015-12-17 16:08:01',NULL,NULL,2),(590,3,151,90,'800.00','2015-12-17 16:09:22',NULL,NULL,2),(591,3,150,89,'1000.00','2015-12-17 16:12:07',NULL,NULL,2),(592,3,149,88,'1000.00','2015-12-17 16:17:04',NULL,NULL,2),(593,3,148,87,'2000.00','2015-12-17 16:23:01',NULL,NULL,2),(594,4,1,1,'0.00','2015-12-18 10:24:51',NULL,NULL,2),(595,4,1,1,'25.00','2015-12-18 10:25:17',NULL,NULL,2),(596,4,1,1,'25.00','2015-12-18 10:26:27',NULL,NULL,2),(597,4,1,1,'50.00','2015-12-18 10:27:20',NULL,NULL,2),(598,4,1,1,'300.00','2015-12-18 10:28:13',NULL,NULL,2),(599,4,1,1,'80.00','2015-12-18 10:28:32',NULL,NULL,2),(600,4,1,1,'80.00','2015-12-18 10:38:54',NULL,NULL,2),(601,4,1,1,'80.00','2015-12-18 10:41:04',NULL,NULL,2),(602,4,1,1,'80.00','2015-12-18 10:41:35',NULL,NULL,2),(603,4,1,1,'70.00','2015-12-18 10:42:21',NULL,NULL,2),(604,4,1,1,'80.00','2015-12-18 10:43:01',NULL,NULL,2),(605,4,1,1,'80.00','2015-12-18 10:43:48',NULL,NULL,2),(606,4,1,1,'80.00','2015-12-18 10:48:10',NULL,NULL,2),(607,4,1,1,'80.00','2015-12-18 10:48:54',NULL,NULL,2),(608,4,1,1,'160.00','2015-12-18 10:49:46',NULL,NULL,2),(609,4,1,1,'80.00','2015-12-18 10:50:47',NULL,NULL,2),(610,4,1,1,'80.00','2015-12-18 10:53:58',NULL,NULL,2),(611,4,1,1,'80.00','2015-12-18 10:56:54',NULL,NULL,2),(612,4,1,1,'80.00','2015-12-18 10:57:57',NULL,NULL,2),(613,4,1,1,'80.00','2015-12-18 11:04:34',NULL,NULL,2),(614,4,1,1,'160.00','2015-12-18 11:05:23',NULL,NULL,2),(615,4,1,1,'240.00','2015-12-18 11:05:46',NULL,NULL,2),(616,4,25,NULL,'160.00','2015-12-18 11:07:00',NULL,NULL,2),(617,4,25,NULL,'160.00','2015-12-18 11:10:01',NULL,NULL,2),(618,1,172,109,'5000.00','2015-12-18 11:10:46',1,'2015-12-18 11:11:14',1),(619,4,25,NULL,'80.00','2015-12-18 11:15:33',NULL,NULL,2),(620,4,25,NULL,'80.00','2015-12-18 11:16:18',NULL,NULL,2),(621,4,25,NULL,'600.00','2015-12-18 11:16:59',NULL,NULL,2),(622,1,173,110,'0.00','2015-12-18 11:17:16',NULL,NULL,1),(623,1,174,111,'0.00','2015-12-18 11:24:58',NULL,NULL,1),(624,1,175,112,'0.00','2015-12-18 11:31:24',NULL,NULL,2),(625,4,25,NULL,'80.00','2015-12-18 11:45:12',NULL,NULL,2),(626,4,25,NULL,'80.00','2015-12-18 11:49:59',NULL,NULL,2),(627,4,25,NULL,'80.00','2015-12-18 11:52:40',NULL,NULL,2),(628,4,25,NULL,'160.00','2015-12-18 11:56:37',NULL,NULL,2),(629,4,25,NULL,'80.00','2015-12-18 11:57:36',NULL,NULL,2),(630,1,176,113,'0.00','2015-12-18 12:19:01',1,'2015-12-18 12:19:01',1),(631,1,1,1,'5000.00','2015-12-18 12:45:49',1,NULL,1),(632,1,1,1,'5000.00','2015-12-18 12:46:12',1,NULL,1),(633,1,177,114,'0.00','2015-12-18 13:03:18',1,'2015-12-18 13:03:18',1),(634,5,177,114,'1000.00','2015-12-18 13:05:46',NULL,NULL,2),(635,3,177,114,'100.00','2015-12-18 13:06:27',NULL,NULL,2),(636,1,178,115,'565656.00','2015-12-18 15:27:37',1,'2015-12-19 15:15:00',1),(637,1,179,116,'565656.00','2015-12-18 15:27:58',1,'2015-12-19 15:15:13',1),(638,1,180,117,'1000.00','2015-12-18 15:29:13',1,'2015-12-19 15:15:04',1),(639,1,181,118,'0.00','2015-12-18 15:32:08',1,'2015-12-18 15:32:08',1),(640,1,182,119,'20000.00','2015-12-18 16:18:55',1,'2015-12-19 15:15:09',1),(641,1,183,120,'10000.00','2015-12-18 16:19:55',1,'2015-12-23 16:15:13',1),(642,1,184,121,'3456.00','2015-12-18 16:49:58',1,'2015-12-19 15:15:16',1),(643,1,185,122,'30000.00','2015-12-18 16:51:36',1,'2015-12-19 15:15:36',1),(644,1,186,123,'3333.00','2015-12-18 16:55:23',1,'2015-12-19 15:15:19',1),(645,1,187,124,'33333.00','2015-12-18 16:56:56',1,'2015-12-23 16:15:10',1),(646,1,188,125,'10000.00','2015-12-18 17:07:22',1,'2015-12-19 15:15:22',1),(647,1,189,126,'10000.00','2015-12-18 17:08:51',1,'2015-12-19 15:15:27',1),(648,1,190,127,'20000.00','2015-12-19 10:57:08',7,'2015-12-19 11:20:43',1),(649,1,191,128,'10000.00','2015-12-19 10:58:27',1,'2015-12-23 16:15:08',1),(650,3,181,118,'100.00','2015-12-19 11:06:23',NULL,NULL,2),(651,1,190,127,'100.00','2015-12-19 11:28:33',7,NULL,1),(652,1,190,127,'100.00','2015-12-19 11:29:40',7,NULL,1),(653,1,1,1,'29045.00','2015-12-19 11:39:23',1,NULL,1),(654,1,192,129,'0.00','2015-12-19 11:46:02',1,'2015-12-19 11:46:02',1),(655,1,193,130,'200000.00','2015-12-19 11:47:38',1,'2015-12-23 16:15:06',1),(656,1,194,131,'0.00','2015-12-19 11:52:56',1,'2015-12-19 11:52:56',1),(657,3,194,131,'68000.00','2015-12-19 11:54:12',NULL,NULL,2),(658,3,190,127,'3400.00','2015-12-19 11:54:18',NULL,NULL,2),(659,3,176,113,'4200.00','2015-12-19 11:54:24',NULL,NULL,2),(660,1,195,132,'200000.00','2015-12-19 11:55:03',1,'2015-12-23 16:15:05',1),(661,1,196,133,'100000.00','2015-12-19 12:16:19',1,'2015-12-21 11:16:17',1),(662,1,197,134,'1000.00','2015-12-19 12:46:46',1,'2015-12-19 15:15:30',1),(663,3,192,129,'100.00','2015-12-19 15:11:56',NULL,NULL,2),(664,3,175,112,'292000.00','2015-12-19 15:12:15',NULL,NULL,2),(665,3,172,109,'730500.00','2015-12-19 15:12:24',NULL,NULL,2),(666,1,198,135,'0.00','2015-12-19 15:13:06',1,'2015-12-19 15:13:06',1),(667,3,178,115,'1200.00','2015-12-19 15:15:48',NULL,NULL,2),(668,3,179,116,'1756800.00','2015-12-19 15:16:09',NULL,NULL,2),(669,3,182,119,'2176500.00','2015-12-19 15:16:18',NULL,NULL,2),(670,3,182,119,'2176500.00','2015-12-19 15:16:18',NULL,NULL,2),(671,3,185,122,'1160800.00','2015-12-19 15:16:23',NULL,NULL,2),(672,3,197,134,'145100.00','2015-12-19 15:16:26',NULL,NULL,2),(673,3,189,126,'145100.00','2015-12-19 15:16:30',NULL,NULL,2),(674,3,188,125,'1451000.00','2015-12-19 15:16:34',NULL,NULL,2),(675,1,199,136,'0.00','2015-12-19 15:17:26',1,'2015-12-19 15:17:26',1),(676,1,200,137,'0.00','2015-12-19 15:19:36',1,'2015-12-19 15:19:36',1),(677,1,201,138,'0.00','2015-12-19 15:21:27',1,'2015-12-19 15:21:27',1),(678,1,204,139,'0.00','2015-12-19 15:26:37',1,'2015-12-19 15:26:37',1),(679,1,205,140,'0.00','2015-12-19 15:28:25',1,'2015-12-19 15:28:25',1),(680,1,206,141,'10000.00','2015-12-19 15:29:31',1,'2015-12-23 16:15:02',1),(681,1,207,142,'10000.00','2015-12-19 15:38:32',1,'2015-12-23 16:14:59',1),(682,3,205,140,'100.00','2015-12-19 15:39:37',NULL,NULL,2),(683,1,208,143,'0.00','2015-12-19 15:39:44',1,'2015-12-19 15:39:44',1),(684,3,208,143,'800.00','2015-12-19 15:40:16',NULL,NULL,2),(685,3,204,139,'100.00','2015-12-19 15:40:31',NULL,NULL,2),(686,3,180,117,'1200.00','2015-12-19 15:41:17',NULL,NULL,2),(687,3,198,135,'292600.00','2015-12-19 15:41:28',NULL,NULL,2),(688,3,186,123,'1463000.00','2015-12-19 15:41:34',NULL,NULL,2),(689,3,200,137,'2194500.00','2015-12-19 15:41:43',NULL,NULL,2),(690,3,201,138,'731500.00','2015-12-19 15:41:49',NULL,NULL,2),(691,3,199,136,'146300.00','2015-12-19 15:41:55',NULL,NULL,2),(692,3,184,121,'1463000.00','2015-12-19 15:41:59',NULL,NULL,2),(693,1,209,144,'0.00','2015-12-19 15:42:13',1,'2015-12-19 15:42:13',1),(694,4,196,133,'3195.00','2015-12-21 11:18:17',NULL,NULL,2),(695,1,210,145,'10000.00','2015-12-21 11:25:59',1,'2015-12-21 11:26:19',1),(696,5,210,145,'1000.00','2015-12-21 11:42:35',NULL,NULL,2),(697,1,210,145,'100.00','2015-12-21 11:45:33',1,NULL,1),(698,4,17,14,'325.00','2015-12-21 12:06:36',NULL,NULL,2),(699,4,210,145,'4050.00','2015-12-21 12:19:57',NULL,NULL,2),(700,1,210,145,'100.00','2015-12-21 12:22:45',1,NULL,1),(701,1,210,145,'10.00','2015-12-21 12:25:10',1,NULL,1),(702,4,210,145,'3600.00','2015-12-21 12:34:21',NULL,NULL,2),(703,1,210,145,'1000.00','2015-12-21 13:10:59',1,NULL,1),(704,6,210,145,'753.00','2015-12-21 14:46:15',NULL,NULL,2),(705,6,210,145,'0.00','2015-12-21 14:54:23',NULL,NULL,2),(706,6,210,145,'545.00','2015-12-21 14:54:34',NULL,NULL,2),(707,4,210,145,'300.00','2015-12-21 15:56:48',NULL,NULL,2),(708,1,211,146,'50000.00','2015-12-22 10:35:38',7,'2015-12-22 10:36:05',1),(709,3,210,145,'100.00','2015-12-22 11:28:14',NULL,NULL,2),(710,5,211,146,'1000.00','2015-12-22 12:07:21',NULL,NULL,2),(711,1,211,146,'1000.00','2015-12-22 12:44:14',7,NULL,1),(712,5,209,144,'200.00','2015-12-22 14:57:43',NULL,NULL,2),(713,4,211,146,'3000.00','2015-12-22 15:00:00',NULL,NULL,2),(714,3,196,133,'4000.00','2015-12-22 15:04:52',NULL,NULL,2),(715,6,209,144,'700.00','2015-12-23 11:15:12',NULL,NULL,2),(716,3,211,146,'400.00','2015-12-23 16:15:25',NULL,NULL,2),(717,3,183,120,'1000.00','2015-12-23 16:40:29',NULL,NULL,2),(718,3,187,124,'1000.00','2015-12-23 16:41:06',NULL,NULL,2),(719,3,191,128,'2000.00','2015-12-23 16:41:57',NULL,NULL,2),(720,3,193,130,'200.00','2015-12-23 16:42:45',NULL,NULL,2),(721,3,195,132,'100.00','2015-12-23 16:42:47',NULL,NULL,2),(722,3,206,141,'1200.00','2015-12-23 16:42:49',NULL,NULL,2),(723,3,207,142,'1000.00','2015-12-23 16:42:53',NULL,NULL,2),(724,3,209,144,'2500.00','2015-12-23 16:42:55',NULL,NULL,2),(725,1,212,147,'10000.00','2015-12-25 10:16:25',1,'2015-12-25 10:18:11',1),(726,5,212,147,'2000.00','2015-12-25 10:20:32',NULL,NULL,2),(727,4,212,147,'2358.00','2015-12-25 10:37:30',NULL,NULL,2),(728,6,212,147,'5753.00','2015-12-25 10:42:19',NULL,NULL,2),(729,1,212,147,'200.00','2015-12-25 10:48:34',1,NULL,1),(730,4,212,147,'125.00','2015-12-25 10:52:55',NULL,NULL,2),(731,3,212,147,'100.00','2015-12-25 10:58:33',NULL,NULL,2),(732,1,212,147,'136.00','2015-12-25 11:10:39',1,NULL,1),(733,1,212,147,'136.00','2015-12-25 11:10:39',1,NULL,1),(734,1,213,148,'0.00','2015-12-25 11:51:29',1,'2015-12-25 11:51:29',1),(735,5,213,148,'300561.00','2015-12-25 11:53:39',NULL,NULL,2),(736,4,213,148,'820.00','2015-12-25 12:17:30',NULL,NULL,2),(737,6,213,148,'2000.00','2015-12-25 12:19:01',NULL,NULL,2),(738,3,213,148,'200.00','2015-12-25 12:22:43',NULL,NULL,2),(739,1,214,NULL,'10000.00','2015-12-25 12:45:33',1,'2015-12-25 12:45:33',1),(740,5,214,NULL,'1000.00','2015-12-25 12:45:33',NULL,NULL,2),(741,1,215,NULL,'5000.00','2015-12-25 12:47:50',1,'2015-12-25 12:47:50',1),(742,5,215,NULL,'1000.00','2015-12-25 12:47:50',NULL,NULL,2),(743,1,216,149,'5000.00','2015-12-25 15:26:11',1,'2015-12-25 15:27:38',1),(744,3,216,149,'1500.00','2015-12-25 15:59:38',NULL,NULL,2),(745,1,217,150,'0.00','2015-12-25 16:01:40',1,'2015-12-25 16:01:40',1),(746,3,217,150,'200.00','2015-12-25 16:01:50',NULL,NULL,2),(747,1,218,151,'0.00','2015-12-26 10:02:17',1,'2015-12-26 10:02:17',1),(748,3,218,151,'100.00','2015-12-26 10:02:27',NULL,NULL,2),(749,1,219,152,'5000.00','2015-12-26 10:41:12',1,'2015-12-26 10:49:48',1),(750,1,220,153,'0.00','2015-12-26 10:42:29',1,'2015-12-26 10:42:29',1),(751,5,219,152,'1000.00','2015-12-26 10:51:05',NULL,NULL,2),(752,5,220,153,'300561.00','2015-12-26 10:52:18',NULL,NULL,2),(753,5,219,152,'3500.00','2015-12-26 10:53:47',NULL,NULL,2),(754,5,220,153,'1000.00','2015-12-26 10:54:41',NULL,NULL,2),(755,4,219,152,'828.00','2015-12-26 11:32:29',NULL,NULL,2),(756,4,220,153,'1025.00','2015-12-26 11:33:27',NULL,NULL,2),(757,4,219,152,'320.00','2015-12-26 11:34:10',NULL,NULL,2),(758,4,220,153,'356.00','2015-12-26 11:49:07',NULL,NULL,2),(759,6,219,152,'753.00','2015-12-26 11:50:45',NULL,NULL,2),(760,6,219,152,'2000.00','2015-12-26 11:51:53',NULL,NULL,2),(761,6,220,153,'824.00','2015-12-26 11:53:49',NULL,NULL,2),(762,6,220,153,'2045.00','2015-12-26 11:54:50',NULL,NULL,2),(763,1,221,154,'5000.00','2015-12-26 12:19:51',7,'2015-12-28 15:34:03',1),(764,1,219,152,'3401.00','2015-12-26 12:23:50',1,NULL,1),(765,1,222,155,'0.00','2015-12-26 12:27:00',1,'2015-12-26 12:27:00',1),(766,3,220,153,'100.00','2015-12-26 12:31:19',NULL,NULL,2),(767,3,219,152,'1000.00','2015-12-26 12:33:45',NULL,NULL,2),(768,5,222,155,'2300.00','2015-12-26 12:35:32',NULL,NULL,2),(769,1,223,156,'5000.00','2015-12-26 14:42:13',7,'2015-12-28 15:34:00',1),(770,1,224,157,'5000.00','2015-12-26 14:42:13',1,'2015-12-26 14:43:48',1),(771,5,224,157,'300561.00','2015-12-26 15:06:26',NULL,NULL,2),(772,3,224,157,'1500.00','2015-12-26 15:08:46',NULL,NULL,2),(773,1,224,157,'29761.00','2015-12-26 15:22:13',1,NULL,1),(774,1,224,157,'267300.00','2015-12-26 15:23:36',1,NULL,1),(775,1,225,158,'5000.00','2015-12-28 11:41:14',7,'2015-12-28 15:33:58',1),(776,1,226,159,'5000.00','2015-12-28 15:01:37',7,'2015-12-28 15:33:56',1),(777,1,227,160,'5000.00','2015-12-28 15:08:33',7,'2015-12-28 15:33:53',1),(778,1,228,161,'5000.00','2015-12-28 15:08:33',7,'2015-12-28 15:33:14',1),(779,1,229,162,'12000.00','2015-12-28 15:21:21',7,'2015-12-28 15:33:11',1),(780,1,230,163,'2000.00','2015-12-28 16:25:42',7,'2015-12-29 11:29:34',1),(781,1,231,164,'10000.00','2015-12-28 16:31:57',7,'2015-12-29 11:29:38',1),(782,3,229,162,'100.00','2015-12-28 16:58:53',NULL,NULL,2),(783,5,221,154,'3500.00','2015-12-28 17:00:04',NULL,NULL,2),(784,1,232,165,'5000.00','2015-12-29 11:21:40',7,'2015-12-29 11:29:36',1),(785,5,221,154,'1000.00','2015-12-29 11:30:13',NULL,NULL,2),(786,1,233,166,'80000.00','2015-12-29 11:41:49',1,'2015-12-30 11:39:54',1),(787,1,234,167,'40000.00','2015-12-29 11:48:37',7,'2015-12-29 12:22:38',1),(788,1,235,168,'5000.00','2015-12-29 11:49:59',1,'2015-12-30 11:39:52',1),(789,1,236,169,'5000.00','2015-12-29 11:52:06',7,'2015-12-29 12:22:33',1),(790,3,232,165,'1000.00','2015-12-29 11:53:11',NULL,NULL,2),(791,3,230,163,'1500.00','2015-12-29 11:53:26',NULL,NULL,2),(792,3,228,161,'100.00','2015-12-29 11:53:32',NULL,NULL,2),(793,3,221,154,'200.00','2015-12-29 11:53:52',NULL,NULL,2),(794,3,222,155,'600.00','2015-12-29 11:54:00',NULL,NULL,2),(795,3,225,158,'100.00','2015-12-29 11:54:06',NULL,NULL,2),(796,3,226,159,'100.00','2015-12-29 11:54:12',NULL,NULL,2),(797,3,227,160,'100.00','2015-12-29 11:54:21',NULL,NULL,2),(798,3,231,164,'1000.00','2015-12-29 11:54:47',NULL,NULL,2),(799,3,223,156,'1500.00','2015-12-29 12:15:44',NULL,NULL,2),(800,5,234,167,'3500.00','2015-12-29 12:23:16',NULL,NULL,2),(801,5,234,167,'2700.00','2015-12-29 12:26:57',NULL,NULL,2),(802,5,234,167,'1000.00','2015-12-29 12:28:06',NULL,NULL,2),(803,5,236,169,'1000.00','2015-12-29 12:29:09',NULL,NULL,2),(804,1,237,NULL,'5000.00','2015-12-29 12:34:24',7,'2015-12-29 12:34:24',1),(805,5,237,NULL,'1000.00','2015-12-29 12:34:24',NULL,NULL,2),(806,1,238,NULL,'5000.00','2015-12-29 12:40:49',1,'2015-12-29 12:40:49',1),(807,5,238,NULL,'1000.00','2015-12-29 12:40:49',NULL,NULL,2),(808,5,164,NULL,'1000.00','2015-12-29 12:53:14',NULL,NULL,2),(809,1,240,NULL,'5000.00','2015-12-29 12:55:26',1,'2015-12-29 12:55:26',1),(810,5,240,NULL,'6500.00','2015-12-29 12:55:26',NULL,NULL,2),(811,1,241,NULL,'5000.00','2015-12-29 12:57:25',1,'2015-12-29 12:57:25',1),(812,5,241,NULL,'2300.00','2015-12-29 12:57:25',NULL,NULL,2),(813,5,236,169,'2700.00','2015-12-29 13:10:33',NULL,NULL,2),(814,5,236,169,'2300.00','2015-12-29 13:14:30',NULL,NULL,2),(815,1,242,170,'10000.00','2015-12-29 14:28:47',7,'2015-12-29 14:30:19',1),(816,5,242,170,'3500.00','2015-12-29 14:39:48',NULL,NULL,2),(817,3,234,167,'1000.00','2015-12-29 15:29:26',NULL,NULL,2),(818,3,242,170,'200.00','2015-12-29 15:29:43',NULL,NULL,2),(819,4,236,169,'2075.00','2015-12-29 15:45:57',NULL,NULL,2),(820,4,236,169,'405.00','2015-12-29 15:53:17',NULL,NULL,2),(821,4,236,169,'175.00','2015-12-29 15:53:40',NULL,NULL,2),(822,4,236,169,'405.00','2015-12-29 15:58:44',NULL,NULL,2),(823,1,243,171,'20000.00','2015-12-30 09:53:44',7,'2015-12-30 09:55:09',1),(824,6,243,171,'545.00','2015-12-30 10:04:38',NULL,NULL,2),(825,1,243,171,'100.00','2015-12-30 10:06:14',7,NULL,1),(826,1,243,171,'100.00','2015-12-30 10:08:36',7,NULL,1),(827,1,243,171,'100.00','2015-12-30 10:09:09',7,NULL,1),(828,6,243,171,'545.00','2015-12-30 10:10:43',NULL,NULL,2),(829,6,243,171,'753.00','2015-12-30 10:12:49',NULL,NULL,2),(830,6,241,NULL,'445.00','2015-12-30 10:17:39',14,'2015-12-30 10:17:39',1),(831,3,236,169,'1000.00','2015-12-30 10:32:33',NULL,NULL,2),(832,3,243,171,'100.00','2015-12-30 10:33:37',NULL,NULL,2),(833,1,244,172,'100.00','2015-12-30 10:39:09',1,'2015-12-30 10:39:48',1),(834,5,244,172,'1000.00','2015-12-30 10:40:36',NULL,NULL,2),(835,6,244,172,'753.00','2015-12-30 10:41:12',NULL,NULL,2),(836,1,245,173,'5000.00','2015-12-30 11:09:26',1,'2015-12-30 11:39:50',1),(837,1,246,174,'10000.00','2015-12-30 11:32:55',1,'2015-12-30 11:32:55',1),(838,1,246,174,'5000.00','2015-12-30 11:33:46',1,NULL,1),(839,1,247,175,'0.00','2015-12-30 11:34:46',1,'2015-12-30 11:34:46',1),(840,1,248,176,'20000.00','2015-12-30 11:47:04',7,'2015-12-30 11:47:04',1),(841,1,249,177,'100.00','2015-12-30 12:21:13',1,'2015-12-30 12:21:13',1),(842,5,249,177,'1000.00','2015-12-30 12:23:42',NULL,NULL,2),(845,5,248,176,'1000.00','2015-12-30 12:25:46',NULL,NULL,2),(849,5,247,175,'1000.00','2015-12-30 12:54:51',NULL,NULL,2),(850,5,245,173,'1000.00','2015-12-30 13:03:00',NULL,NULL,2),(851,5,233,166,'2300.00','2015-12-30 13:06:09',NULL,NULL,2),(853,5,244,172,'1000.00','2015-12-30 13:10:03',NULL,NULL,2),(854,5,233,166,'1000.00','2015-12-30 13:13:56',NULL,NULL,2),(855,5,233,166,'1000.00','2015-12-30 13:14:26',NULL,NULL,2),(856,5,233,166,'1000.00','2015-12-30 13:15:17',NULL,NULL,2),(857,5,233,166,'1000.00','2015-12-30 13:17:00',NULL,NULL,2),(858,5,233,166,'2300.00','2015-12-30 13:19:27',NULL,NULL,2),(859,4,249,177,'445.00','2015-12-30 14:34:28',NULL,NULL,2),(860,5,235,168,'0.00','2015-12-30 14:50:02',NULL,NULL,2),(861,4,248,176,'600.00','2015-12-30 15:05:43',NULL,NULL,2),(862,4,249,177,'2160.00','2015-12-30 15:06:39',NULL,NULL,2),(863,4,249,177,'2470.00','2015-12-30 15:11:30',NULL,NULL,2),(864,4,240,NULL,'4050.00','2015-12-30 15:13:28',NULL,NULL,2),(865,6,249,177,'545.00','2015-12-30 15:52:39',NULL,NULL,2),(866,4,1,1,'500.00','2015-12-30 15:55:16',NULL,NULL,2),(867,4,249,177,'1050.00','2015-12-30 15:55:58',NULL,NULL,2),(868,4,249,177,'3800.00','2015-12-30 15:58:44',NULL,NULL,2),(869,4,8,7,'3250.00','2015-12-30 16:03:11',NULL,NULL,2),(870,4,18,15,'3800.00','2015-12-30 16:05:49',NULL,NULL,2),(871,4,245,173,'800.00','2015-12-30 16:32:26',NULL,NULL,2),(872,4,249,177,'3800.00','2015-12-30 16:46:37',NULL,NULL,2),(873,3,244,172,'4000.00','2015-12-31 12:14:51',NULL,NULL,2),(874,5,235,168,'0.00','2016-01-02 11:31:35',NULL,NULL,2),(875,3,245,173,'37500.00','2016-01-23 15:53:39',NULL,NULL,2);

/*Table structure for table `hms_pharmacist` */

DROP TABLE IF EXISTS `hms_pharmacist`;

CREATE TABLE `hms_pharmacist` (
  `ID` int(4) unsigned NOT NULL AUTO_INCREMENT,
  `UserID` int(8) unsigned NOT NULL,
  `FullName` varchar(80) NOT NULL,
  `DateAdded` datetime NOT NULL,
  PRIMARY KEY (`ID`)
) ENGINE=InnoDB AUTO_INCREMENT=2 DEFAULT CHARSET=utf8;

/*Data for the table `hms_pharmacist` */

insert  into `hms_pharmacist`(`ID`,`UserID`,`FullName`,`DateAdded`) values (1,16,'Pharmacist','2015-12-12 14:18:10');

/*Table structure for table `hms_product` */

DROP TABLE IF EXISTS `hms_product`;

CREATE TABLE `hms_product` (
  `ID` int(10) unsigned NOT NULL AUTO_INCREMENT COMMENT 'Primary key',
  `Product_Code` varchar(20) COLLATE utf8_unicode_ci DEFAULT NULL COMMENT 'Alpha numeric code that will be entered by the pharmacist',
  `Product_Name` varchar(50) COLLATE utf8_unicode_ci NOT NULL COMMENT 'Product name',
  `Bar_Code` varchar(40) COLLATE utf8_unicode_ci DEFAULT NULL,
  `Formulation` varchar(30) COLLATE utf8_unicode_ci NOT NULL,
  `Batch_No` varchar(20) COLLATE utf8_unicode_ci DEFAULT NULL,
  `Purchase_Price` decimal(10,0) NOT NULL,
  `Sale_Price` decimal(10,0) NOT NULL,
  `Available_Qty` int(11) NOT NULL COMMENT 'Quantity currently present in stock',
  `Reorder_Level` int(11) NOT NULL,
  `Category_ID` int(11) NOT NULL,
  `Supplier_ID` varchar(50) COLLATE utf8_unicode_ci NOT NULL,
  `Manufacture` varchar(30) COLLATE utf8_unicode_ci NOT NULL,
  `Product_Location` varchar(50) COLLATE utf8_unicode_ci DEFAULT NULL,
  `UnitID` int(11) NOT NULL,
  `Product_Status` tinyint(1) NOT NULL DEFAULT '1',
  `On_Order_Status` tinyint(4) NOT NULL DEFAULT '0',
  `IsActive` tinyint(1) NOT NULL DEFAULT '1',
  PRIMARY KEY (`ID`)
) ENGINE=InnoDB AUTO_INCREMENT=35 DEFAULT CHARSET=utf8 COLLATE=utf8_unicode_ci;

/*Data for the table `hms_product` */

insert  into `hms_product`(`ID`,`Product_Code`,`Product_Name`,`Bar_Code`,`Formulation`,`Batch_No`,`Purchase_Price`,`Sale_Price`,`Available_Qty`,`Reorder_Level`,`Category_ID`,`Supplier_ID`,`Manufacture`,`Product_Location`,`UnitID`,`Product_Status`,`On_Order_Status`,`IsActive`) values (11,'A01017P','Disprin','12546841','hcl2hdic','6','204','222',85,30,3,'6','Abotte','Lp14',1,1,0,1),(12,'N02BE01','Panadol','12546841','c2hcl','19','20','30',0,5,1,'1','Abbot','12',2,1,1,1),(13,'Pro-003','Flygel','12545581','c2hcl1','19','10','25',1507,15,2,'1','Abbot','12',2,1,0,1),(14,'Pro-004','Brufen','12546841','c2hcl1','19','50','80',977,5,1,'1','Abbot2','Lp12',1,1,0,1),(15,'pro-010','Motika','12345678','niteration','7','200','300',698,40,1,'1','jespi','lp12',2,1,0,1),(16,'Pro-001','Disprins','12546841','hcl2hdic','1','20','30',29,30,1,'1','Abotte','Lp14',1,1,1,0),(17,'Pro-001','cordexoniterate','12546841','expirationalizations','1','20','30',29,30,1,'1','Abotte','Lp14',1,1,1,0),(18,'Pro-008','Barnal','12546841','hcl2hdic','1','201','250',20,5,1,'1','karachi  Drg','12',1,1,0,0),(19,'Pro-040','Brufen','12345678','rexogalationalize','3','200','300',20,1,1,'1','lebexer','lpor',2,1,0,0),(20,'Pro-041','Brufen','01010101010','rexogalationalize','2','200','300',20,2,1,'1','lejexer','lgrp',2,1,0,0),(21,'pro-011','coc2x','0120321','niteration','200','30','35',38,2,1,'2','jerexone','lkpropx',1,1,0,1),(22,'pro-011','proxymaker','new fog','praxiniterate','2','1000','1200',0,23,1,'1','lebexer','20',1,1,1,1),(23,'pro-013','kartex','new holand','cartizations','op','90','200',90,45,1,'2','lhr','operex',1,1,0,0),(24,'pro-111','pracinomization ','121212121212','perenterate','23','560','650',733,23,2,'1','121212121','lhr',1,1,0,0),(25,'000111','yocard','454545','dfd','fd45','45','54',45,45,2,'2','5455','54',2,1,0,0),(26,'345','fg','565656','fg','rt','54','6',454,34,3,'2','fgfgf','45gh',2,1,0,0),(27,'555','quarx','454545','df34','d45','454','54',4545,45,2,'1','4545fgf','4fg',2,1,0,0),(28,'rt45','gf','tr45tr45','rt45','er','453','43',34,4,3,'2','gfr4','4gf',2,1,0,0),(29,'02coxero','pyroleize','909090','gh2xlc3','3','100','110',44,8,2,'1','ko0','10uyrte',1,1,0,1),(30,'brou','urexite','010101001','gtre3c','6','101','220',10,5,4,'6','fghrto9','lohor',2,1,0,0),(31,'code-20','proximate','1254684145','cox3format','5','90','30',1,4,2,'2','rt45','10uyrte',1,1,1,1),(32,'cod-01','jordian ','87878787878','corexiterate','6','60','50',1998,6,3,'1','kjkui7878','78',2,1,0,0),(33,'vr60','coberexo ','909090','c3f4','f4','600','89',67,6,1,'2','ko','lahor',2,1,0,1),(34,'pro-101','rexzone','r00rr0','viteration ','90','10','20',200,9,1,'1','lhr','Lahoor',1,1,0,1);

/*Table structure for table `hms_supplier` */

DROP TABLE IF EXISTS `hms_supplier`;

CREATE TABLE `hms_supplier` (
  `Supplier_ID` int(10) unsigned NOT NULL AUTO_INCREMENT COMMENT 'primary key',
  `Supplier_Name` varchar(50) COLLATE utf8_unicode_ci NOT NULL,
  `Contact_person_name` varchar(50) COLLATE utf8_unicode_ci DEFAULT NULL,
  `Address` text COLLATE utf8_unicode_ci,
  `Phone` varchar(15) COLLATE utf8_unicode_ci DEFAULT NULL,
  `DateAdded` timestamp NOT NULL DEFAULT CURRENT_TIMESTAMP ON UPDATE CURRENT_TIMESTAMP,
  `DateUpdated` timestamp NOT NULL DEFAULT '0000-00-00 00:00:00',
  `IsActive` tinyint(1) NOT NULL DEFAULT '1',
  `IsEnabled` tinyint(1) NOT NULL DEFAULT '1',
  PRIMARY KEY (`Supplier_ID`)
) ENGINE=InnoDB AUTO_INCREMENT=11 DEFAULT CHARSET=utf8 COLLATE=utf8_unicode_ci;

/*Data for the table `hms_supplier` */

insert  into `hms_supplier`(`Supplier_ID`,`Supplier_Name`,`Contact_person_name`,`Address`,`Phone`,`DateAdded`,`DateUpdated`,`IsActive`,`IsEnabled`) values (1,'Walayat khan','Walayat Khan','Shabqadar','03009348361','2015-12-15 14:34:44','0000-00-00 00:00:00',1,1),(2,'Asif','Asif Iqbal','shabqadar','03006945663','2015-12-15 14:34:49','0000-00-00 00:00:00',1,1),(3,'Arif','Arif','peshawar','03004144544','2015-11-10 11:22:31','0000-00-00 00:00:00',0,1),(4,'Muhammad Zaid','Zaid','peshawar','013000545654','2015-11-10 11:22:19','0000-00-00 00:00:00',0,1),(5,'Amir','khan','peshawar ','03009348632','2015-11-10 11:22:14','0000-00-00 00:00:00',0,1),(6,'Habib ahmad','haider','peahawar kpk ','03442979882','2015-12-15 14:34:55','0000-00-00 00:00:00',1,1),(7,'Fgfgh','fgghg','565+-ghg','656+-+-gh','2015-11-30 15:45:10','0000-00-00 00:00:00',0,0),(8,'Ali','nasir df 45','+-=kpk pakistan','03442979882+-','2015-12-01 15:06:08','0000-00-00 00:00:00',0,1),(9,'Cvds','45sd','34sd','34sd','2015-12-01 16:35:10','0000-00-00 00:00:00',0,1),(10,'Fssdd','dfsd','dffd','fdds','2015-12-01 16:52:17','0000-00-00 00:00:00',0,1);

/*Table structure for table `ml_active` */

DROP TABLE IF EXISTS `ml_active`;

CREATE TABLE `ml_active` (
  `ID` int(1) unsigned NOT NULL AUTO_INCREMENT,
  `Title` varchar(16) NOT NULL,
  PRIMARY KEY (`ID`)
) ENGINE=InnoDB AUTO_INCREMENT=3 DEFAULT CHARSET=utf8;

/*Data for the table `ml_active` */

insert  into `ml_active`(`ID`,`Title`) values (1,'Active'),(2,'Trashed');

/*Table structure for table `ml_admission_purpose_type` */

DROP TABLE IF EXISTS `ml_admission_purpose_type`;

CREATE TABLE `ml_admission_purpose_type` (
  `ID` int(3) unsigned NOT NULL AUTO_INCREMENT,
  `Title` varchar(80) NOT NULL,
  `Description` text,
  `DateAdded` timestamp NOT NULL DEFAULT CURRENT_TIMESTAMP ON UPDATE CURRENT_TIMESTAMP,
  `DateUpdated` timestamp NOT NULL DEFAULT '0000-00-00 00:00:00',
  `IsActive` tinyint(1) NOT NULL DEFAULT '1',
  `IsEnabled` tinyint(1) NOT NULL DEFAULT '1',
  PRIMARY KEY (`ID`)
) ENGINE=InnoDB AUTO_INCREMENT=16 DEFAULT CHARSET=utf8;

/*Data for the table `ml_admission_purpose_type` */

insert  into `ml_admission_purpose_type`(`ID`,`Title`,`Description`,`DateAdded`,`DateUpdated`,`IsActive`,`IsEnabled`) values (1,'Procedure',NULL,'2015-12-15 13:01:16','2015-11-11 10:33:45',1,1),(2,'Observation',NULL,'2015-12-15 13:01:19','2015-11-11 10:33:40',1,1),(3,'Treatment',NULL,'2015-12-15 13:01:24','2015-10-10 13:00:56',1,1),(14,'surgery ',NULL,'2015-12-15 14:31:52','0000-00-00 00:00:00',1,1),(15,'fggf',NULL,'2015-12-18 16:19:56','2015-12-18 16:19:56',0,1);

/*Table structure for table `ml_admission_status` */

DROP TABLE IF EXISTS `ml_admission_status`;

CREATE TABLE `ml_admission_status` (
  `ID` tinyint(1) unsigned NOT NULL AUTO_INCREMENT,
  `Title` varchar(30) COLLATE utf8_bin NOT NULL,
  `DateAdded` datetime NOT NULL,
  `IsActive` tinyint(1) unsigned NOT NULL DEFAULT '1',
  PRIMARY KEY (`ID`)
) ENGINE=InnoDB AUTO_INCREMENT=3 DEFAULT CHARSET=utf8 COLLATE=utf8_bin;

/*Data for the table `ml_admission_status` */

insert  into `ml_admission_status`(`ID`,`Title`,`DateAdded`,`IsActive`) values (1,'Admitted','2015-10-30 16:32:28',1),(2,'Discharged','2015-10-01 16:32:42',1);

/*Table structure for table `ml_availability_status` */

DROP TABLE IF EXISTS `ml_availability_status`;

CREATE TABLE `ml_availability_status` (
  `ID` tinyint(2) unsigned NOT NULL AUTO_INCREMENT,
  `Status` varchar(30) COLLATE utf8_bin NOT NULL,
  `DateAdded` datetime NOT NULL,
  `IsActive` tinyint(1) NOT NULL,
  PRIMARY KEY (`ID`)
) ENGINE=InnoDB AUTO_INCREMENT=3 DEFAULT CHARSET=utf8 COLLATE=utf8_bin;

/*Data for the table `ml_availability_status` */

insert  into `ml_availability_status`(`ID`,`Status`,`DateAdded`,`IsActive`) values (1,'Available','2015-10-01 15:29:17',1),(2,'Occupied','2015-10-01 15:29:24',1);

/*Table structure for table `ml_beds` */

DROP TABLE IF EXISTS `ml_beds`;

CREATE TABLE `ml_beds` (
  `ID` int(10) unsigned NOT NULL AUTO_INCREMENT,
  `WardID` int(3) unsigned NOT NULL,
  `Identification` varchar(80) COLLATE utf8_bin NOT NULL,
  `IsAvailable` tinyint(1) NOT NULL DEFAULT '1',
  `Rent` decimal(10,2) DEFAULT NULL COMMENT 'Per Day Rent',
  `Description` text COLLATE utf8_bin,
  `Date_Added` timestamp NOT NULL DEFAULT CURRENT_TIMESTAMP ON UPDATE CURRENT_TIMESTAMP,
  `Date_Updated` timestamp NOT NULL DEFAULT '0000-00-00 00:00:00',
  `IsActive` tinyint(1) NOT NULL DEFAULT '1',
  `Enabled` tinyint(1) NOT NULL DEFAULT '1',
  PRIMARY KEY (`ID`),
  KEY `WardID` (`WardID`)
) ENGINE=InnoDB AUTO_INCREMENT=52 DEFAULT CHARSET=utf8 COLLATE=utf8_bin;

/*Data for the table `ml_beds` */

insert  into `ml_beds`(`ID`,`WardID`,`Identification`,`IsAvailable`,`Rent`,`Description`,`Date_Added`,`Date_Updated`,`IsActive`,`Enabled`) values (1,1,'Ward-A_Bed-1',1,'100.00',NULL,'2015-11-24 17:17:16','0000-00-00 00:00:00',0,0),(2,1,'Ward-A_Bed-1',1,'100.00',NULL,'2015-12-23 16:46:01','0000-00-00 00:00:00',0,1),(5,3,'Ward-C_Bed-1',2,'100.00',NULL,'2015-12-30 11:33:00','0000-00-00 00:00:00',1,1),(6,3,'Ward-C_Bed-2',1,'100.00',NULL,'2015-11-11 12:38:52','0000-00-00 00:00:00',0,1),(16,1,'Ward-A_Bed-3',1,'100.00',NULL,'2015-11-09 15:00:21','0000-00-00 00:00:00',0,0),(17,1,'Ward-A_Bed-4',1,'200.00',NULL,'2015-11-05 17:20:55','0000-00-00 00:00:00',0,0),(18,16,'Ward-E-Bed1',1,'150.00',NULL,'2015-11-09 10:50:28','0000-00-00 00:00:00',0,0),(19,1,'Ward-A_Bed-1',1,'200.00',NULL,'2015-11-10 11:36:40','0000-00-00 00:00:00',0,0),(20,1,'Ward-A_Bed-1',1,'200.00',NULL,'2015-11-10 11:37:53','0000-00-00 00:00:00',0,0),(21,1,'Ward-A_Bed-3',1,'200.00',NULL,'2015-11-12 10:36:44','0000-00-00 00:00:00',0,1),(22,1,'Ward-A_Bed-2',1,'200.00',NULL,'2015-11-11 14:18:59','0000-00-00 00:00:00',0,0),(23,1,'Ward-A_Bed-4',1,'200.00',NULL,'2015-11-12 10:36:47','0000-00-00 00:00:00',0,1),(24,2,'Ward-B_Bed-1',1,'200.00',NULL,'2015-11-10 15:15:17','0000-00-00 00:00:00',0,1),(25,2,'Ward-B_Bed-1',1,'100.00',NULL,'2015-11-10 15:17:36','0000-00-00 00:00:00',0,1),(26,2,'Ward-B_Bed-1',1,'100.00',NULL,'2015-11-10 15:24:23','0000-00-00 00:00:00',0,1),(27,2,'1',1,'1.00',NULL,'2015-11-10 15:35:40','0000-00-00 00:00:00',0,1),(29,2,'Ward-B_Bed-1',1,'100.00',NULL,'2015-11-10 16:40:54','0000-00-00 00:00:00',0,1),(30,2,'Ward-B_Bed-2',1,'100.00',NULL,'2015-11-10 16:40:54','0000-00-00 00:00:00',0,1),(31,2,'Ward-B_Bed-3',1,'100.00',NULL,'2015-11-10 16:40:54','0000-00-00 00:00:00',0,1),(32,1,'Ward-A_Bed-3',1,'200.00',NULL,'2015-11-24 17:17:16','0000-00-00 00:00:00',0,0),(33,1,'Ward-A_Bed-4',1,'200.00',NULL,'2015-11-24 17:17:16','0000-00-00 00:00:00',0,0),(34,3,'Ward-C_Bed-2',2,'200.00',NULL,'2015-12-30 11:34:51','0000-00-00 00:00:00',1,1),(35,1,'Ward-A_Bed-1',1,'200.00',NULL,'2015-11-13 10:33:40','0000-00-00 00:00:00',0,0),(36,1,'Ward-A_Bed-1',1,'200.00',NULL,'2015-11-12 15:30:13','0000-00-00 00:00:00',0,0),(37,1,'Ward-A_Bed-5',1,'100.00',NULL,'2015-11-27 10:07:46','0000-00-00 00:00:00',0,1),(38,1,'Ward-A_Bed-6',1,'100.00',NULL,'2015-11-24 17:17:16','0000-00-00 00:00:00',0,1),(40,1,'Ward-C_Bed-1',1,'200.00',NULL,'2015-11-12 16:39:47','0000-00-00 00:00:00',0,1),(41,1,'bed',1,'34.00',NULL,'2015-11-24 17:17:16','0000-00-00 00:00:00',0,1),(43,15,'Ward-D_Bed-4',1,'500.00',NULL,'2015-12-29 14:30:52','0000-00-00 00:00:00',1,1),(44,15,'fg45rt',1,'4545.00',NULL,'2015-11-30 17:01:20','0000-00-00 00:00:00',0,1),(45,15,'df43',1,'34.00',NULL,'2015-11-30 17:01:10','0000-00-00 00:00:00',0,1),(46,3,'45+-sdhj',1,'450.00',NULL,'2015-12-01 09:40:46','0000-00-00 00:00:00',0,0),(47,3,'Ward-C_Bed-3',2,'200.00',NULL,'2015-12-30 11:47:09','0000-00-00 00:00:00',1,1),(48,39,'Ward-A-Bed_1',1,'100.00',NULL,'2015-12-29 11:54:17','0000-00-00 00:00:00',1,1),(49,39,'sdsdsd-Bed_2',1,'100.00',NULL,'2015-12-29 11:53:37','0000-00-00 00:00:00',1,1),(50,39,'sdsdsd-Bed_3',1,'100.00',NULL,'2015-12-28 16:58:57','0000-00-00 00:00:00',1,1),(51,3,'Ward-C-Bed_4',1,'100.00',NULL,'2015-12-29 15:02:27','0000-00-00 00:00:00',1,1);

/*Table structure for table `ml_bloodgroup` */

DROP TABLE IF EXISTS `ml_bloodgroup`;

CREATE TABLE `ml_bloodgroup` (
  `BloodGroupID` int(2) unsigned NOT NULL AUTO_INCREMENT,
  `Title` varchar(30) COLLATE utf8_bin NOT NULL,
  `DateAdded` timestamp NOT NULL DEFAULT CURRENT_TIMESTAMP ON UPDATE CURRENT_TIMESTAMP,
  `IsActive` tinyint(1) NOT NULL DEFAULT '1',
  PRIMARY KEY (`BloodGroupID`)
) ENGINE=InnoDB AUTO_INCREMENT=15 DEFAULT CHARSET=utf8 COLLATE=utf8_bin;

/*Data for the table `ml_bloodgroup` */

insert  into `ml_bloodgroup`(`BloodGroupID`,`Title`,`DateAdded`,`IsActive`) values (1,'hh ve','2015-11-30 15:32:54',0),(2,'O -iv','2015-12-01 16:34:38',1),(3,'A +ive','2015-12-01 15:25:10',1),(4,'A -ive','2015-11-30 15:31:56',0),(5,'B +ive','2015-09-30 11:29:38',0),(6,'B -ive','2015-09-30 11:29:47',0),(7,'AB +ive','2015-09-30 11:30:16',0),(8,'AB -ive','2015-09-30 11:30:26',0),(9,'Oe +ive','2015-09-30 11:28:14',0),(10,'H -ve','2015-11-30 14:32:31',0),(11,'hj','2015-11-30 15:23:05',0),(12,'O +ive','2015-11-30 15:33:26',1),(13,'ghfg+-gh','2015-11-30 15:45:28',0),(14,'dfd','2015-12-01 15:08:28',1);

/*Table structure for table `ml_category` */

DROP TABLE IF EXISTS `ml_category`;

CREATE TABLE `ml_category` (
  `Cat_ID` int(10) unsigned NOT NULL AUTO_INCREMENT COMMENT 'primary key',
  `Category_Name` varchar(30) COLLATE utf8_unicode_ci NOT NULL,
  `IsEnabled` tinyint(1) NOT NULL DEFAULT '1',
  `IsActive` tinyint(1) NOT NULL DEFAULT '1',
  `DateAdded` timestamp NOT NULL DEFAULT CURRENT_TIMESTAMP ON UPDATE CURRENT_TIMESTAMP,
  `DateUpdated` timestamp NOT NULL DEFAULT '0000-00-00 00:00:00',
  PRIMARY KEY (`Cat_ID`)
) ENGINE=InnoDB AUTO_INCREMENT=9 DEFAULT CHARSET=utf8 COLLATE=utf8_unicode_ci;

/*Data for the table `ml_category` */

insert  into `ml_category`(`Cat_ID`,`Category_Name`,`IsEnabled`,`IsActive`,`DateAdded`,`DateUpdated`) values (1,'Oral contraceptives',1,1,'2015-12-15 14:42:45','0000-00-00 00:00:00'),(2,'Diagnostic',1,1,'2015-12-15 14:42:49','0000-00-00 00:00:00'),(3,'Antipyretics',1,1,'2015-12-15 14:43:05','0000-00-00 00:00:00'),(4,'Surgical',1,1,'2015-12-15 14:43:10','0000-00-00 00:00:00'),(5,'Antimalarial drugs',1,1,'2015-12-15 14:43:16','0000-00-00 00:00:00'),(6,'Antibiotics',1,1,'2015-12-15 14:43:21','0000-00-00 00:00:00'),(7,'valpromide',1,1,'2015-12-15 14:43:26','0000-00-00 00:00:00'),(8,'Antiseptics',1,1,'2015-12-15 14:43:31','0000-00-00 00:00:00');

/*Table structure for table `ml_currency` */

DROP TABLE IF EXISTS `ml_currency`;

CREATE TABLE `ml_currency` (
  `ID` int(3) unsigned NOT NULL AUTO_INCREMENT,
  `Currency` varchar(30) COLLATE utf8_bin NOT NULL,
  `symbol` varchar(4) COLLATE utf8_bin DEFAULT NULL,
  `FountAwesomeClass` varchar(30) COLLATE utf8_bin DEFAULT NULL,
  `DateAdded` timestamp NOT NULL DEFAULT CURRENT_TIMESTAMP ON UPDATE CURRENT_TIMESTAMP,
  `DateUpdated` timestamp NOT NULL DEFAULT '0000-00-00 00:00:00',
  `IsActive` tinyint(1) NOT NULL DEFAULT '1',
  PRIMARY KEY (`ID`)
) ENGINE=InnoDB AUTO_INCREMENT=4 DEFAULT CHARSET=utf8 COLLATE=utf8_bin;

/*Data for the table `ml_currency` */

insert  into `ml_currency`(`ID`,`Currency`,`symbol`,`FountAwesomeClass`,`DateAdded`,`DateUpdated`,`IsActive`) values (1,'Afghanistan','Af',NULL,'2015-10-10 15:38:08','2015-10-10 12:38:22',1),(2,'Pakistan','Rs','fa-rupee','2015-10-12 11:51:22','2015-10-09 12:23:39',1),(3,'U.S.A','$','fa-dollar','2015-12-18 16:19:10','2015-12-18 16:19:12',1);

/*Table structure for table `ml_free_status` */

DROP TABLE IF EXISTS `ml_free_status`;

CREATE TABLE `ml_free_status` (
  `ID` int(11) NOT NULL AUTO_INCREMENT,
  `StatusTitle` varchar(20) COLLATE utf8_unicode_ci NOT NULL,
  `DateAdded` timestamp NOT NULL DEFAULT '0000-00-00 00:00:00',
  `DateUpdated` timestamp NOT NULL DEFAULT '0000-00-00 00:00:00',
  `IsActive` tinyint(4) NOT NULL DEFAULT '1',
  PRIMARY KEY (`ID`)
) ENGINE=InnoDB AUTO_INCREMENT=3 DEFAULT CHARSET=utf8 COLLATE=utf8_unicode_ci;

/*Data for the table `ml_free_status` */

insert  into `ml_free_status`(`ID`,`StatusTitle`,`DateAdded`,`DateUpdated`,`IsActive`) values (1,'Free','2015-12-18 11:05:43','2015-12-18 11:05:47',1),(2,'Not Free','2015-12-18 11:06:19','2015-12-18 11:06:20',1);

/*Table structure for table `ml_gender` */

DROP TABLE IF EXISTS `ml_gender`;

CREATE TABLE `ml_gender` (
  `ID` int(1) unsigned NOT NULL AUTO_INCREMENT,
  `Title` varchar(10) COLLATE utf8_bin NOT NULL,
  `DateAdded` timestamp NOT NULL DEFAULT CURRENT_TIMESTAMP ON UPDATE CURRENT_TIMESTAMP,
  `DateUpdated` timestamp NOT NULL DEFAULT '0000-00-00 00:00:00',
  `IsActive` tinyint(1) NOT NULL DEFAULT '1',
  PRIMARY KEY (`ID`)
) ENGINE=InnoDB AUTO_INCREMENT=16 DEFAULT CHARSET=utf8 COLLATE=utf8_bin;

/*Data for the table `ml_gender` */

insert  into `ml_gender`(`ID`,`Title`,`DateAdded`,`DateUpdated`,`IsActive`) values (1,'Male','2015-11-26 12:50:39','0000-00-00 00:00:00',1),(2,'Female','2015-10-09 17:48:08','0000-00-00 00:00:00',1),(9,'indoor sss','2015-11-30 11:06:41','0000-00-00 00:00:00',0),(10,'paids','2015-11-30 11:06:31','0000-00-00 00:00:00',0),(11,'not paid','2015-11-30 11:06:28','0000-00-00 00:00:00',0),(12,'fgfg','2015-11-30 15:46:16','0000-00-00 00:00:00',0),(13,'assa','2015-12-01 16:33:45','0000-00-00 00:00:00',0),(14,'she male','2015-12-15 14:32:21','0000-00-00 00:00:00',0),(15,'fed','2015-12-18 16:20:04','0000-00-00 00:00:00',0);

/*Table structure for table `ml_ot` */

DROP TABLE IF EXISTS `ml_ot`;

CREATE TABLE `ml_ot` (
  `ID` int(10) unsigned NOT NULL AUTO_INCREMENT,
  `Identification` varchar(80) COLLATE utf8_bin NOT NULL,
  `Description` text COLLATE utf8_bin,
  `Date_Added` timestamp NOT NULL DEFAULT CURRENT_TIMESTAMP ON UPDATE CURRENT_TIMESTAMP,
  `Date_Updated` timestamp NOT NULL DEFAULT '0000-00-00 00:00:00',
  `IsActive` tinyint(1) NOT NULL DEFAULT '1',
  `IsEnabled` tinyint(1) NOT NULL DEFAULT '1',
  PRIMARY KEY (`ID`)
) ENGINE=InnoDB AUTO_INCREMENT=45 DEFAULT CHARSET=utf8 COLLATE=utf8_bin COMMENT='Operation Theatre';

/*Data for the table `ml_ot` */

insert  into `ml_ot`(`ID`,`Identification`,`Description`,`Date_Added`,`Date_Updated`,`IsActive`,`IsEnabled`) values (1,'OT-A',NULL,'2015-12-02 11:10:31','0000-00-00 00:00:00',1,1),(2,'OT-B',NULL,'2015-12-02 11:10:35','0000-00-00 00:00:00',1,1),(17,'OT-D',NULL,'2015-11-13 10:48:36','0000-00-00 00:00:00',1,1),(18,'OT-A',NULL,'2015-11-11 10:22:11','0000-00-00 00:00:00',0,0),(19,'OT-e',NULL,'2015-11-09 11:07:45','0000-00-00 00:00:00',0,0),(20,'OT-A',NULL,'2015-11-10 12:53:31','0000-00-00 00:00:00',0,1),(21,'OT-A',NULL,'2015-11-10 12:53:28','0000-00-00 00:00:00',0,1),(22,'OT-F',NULL,'2015-11-11 10:56:56','0000-00-00 00:00:00',0,1),(23,'OT-G',NULL,'2015-11-11 10:56:52','0000-00-00 00:00:00',0,1),(24,'OT-K',NULL,'2015-11-11 10:56:47','0000-00-00 00:00:00',0,1),(25,'OT-C',NULL,'2015-11-13 10:48:40','0000-00-00 00:00:00',1,1),(26,'OT-B',NULL,'2015-11-11 12:42:00','0000-00-00 00:00:00',0,1),(27,'OT-B',NULL,'2015-11-11 12:41:57','0000-00-00 00:00:00',0,1),(28,'OT-B',NULL,'2015-11-11 12:41:53','0000-00-00 00:00:00',0,1),(29,'OT-B',NULL,'2015-11-11 12:41:50','0000-00-00 00:00:00',0,1),(30,'OT-A',NULL,'2015-11-12 15:26:46','0000-00-00 00:00:00',0,1),(31,'OT-A',NULL,'2015-11-12 15:26:42','0000-00-00 00:00:00',0,1),(32,'OT-A',NULL,'2015-11-12 15:26:36','0000-00-00 00:00:00',0,1),(33,'OT-A',NULL,'2015-11-12 15:42:58','0000-00-00 00:00:00',0,1),(34,'OT-A',NULL,'2015-11-12 15:42:55','0000-00-00 00:00:00',0,1),(35,'OT-A',NULL,'2015-11-12 15:42:52','0000-00-00 00:00:00',0,1),(36,'OT-E',NULL,'2015-11-12 17:04:29','0000-00-00 00:00:00',1,1),(37,'Fgd',NULL,'2015-11-30 15:47:24','0000-00-00 00:00:00',0,1),(38,'Fgd+-gh',NULL,'2015-11-30 15:47:21','0000-00-00 00:00:00',0,1),(39,'Fg65tr',NULL,'2015-12-01 10:21:05','0000-00-00 00:00:00',0,0),(40,'Sasa',NULL,'2015-12-01 16:33:12','0000-00-00 00:00:00',0,1),(41,'Fghg',NULL,'2015-12-01 16:36:14','0000-00-00 00:00:00',0,1),(42,'Cvcv',NULL,'2015-12-01 16:37:46','0000-00-00 00:00:00',0,0),(43,'Toototot',NULL,'2015-12-05 11:54:27','0000-00-00 00:00:00',1,1),(44,'OT-g',NULL,'2015-12-29 10:21:56','0000-00-00 00:00:00',0,0);

/*Table structure for table `ml_patient_type` */

DROP TABLE IF EXISTS `ml_patient_type`;

CREATE TABLE `ml_patient_type` (
  `ID` int(10) unsigned NOT NULL AUTO_INCREMENT COMMENT 'Primary key',
  `PatientType` varchar(30) COLLATE utf8_unicode_ci NOT NULL COMMENT 'Patient Type Title',
  `DateCreated` timestamp NOT NULL DEFAULT CURRENT_TIMESTAMP ON UPDATE CURRENT_TIMESTAMP,
  `DateUpdated` timestamp NOT NULL DEFAULT '0000-00-00 00:00:00',
  `IsActive` tinyint(1) NOT NULL DEFAULT '1' COMMENT 'Is Deleted or not',
  `IsEnabled` tinyint(1) NOT NULL DEFAULT '1' COMMENT 'Enabled/Desabled',
  PRIMARY KEY (`ID`)
) ENGINE=InnoDB AUTO_INCREMENT=3 DEFAULT CHARSET=utf8 COLLATE=utf8_unicode_ci;

/*Data for the table `ml_patient_type` */

insert  into `ml_patient_type`(`ID`,`PatientType`,`DateCreated`,`DateUpdated`,`IsActive`,`IsEnabled`) values (1,'Indoor','2015-11-30 11:13:35','0000-00-00 00:00:00',1,1),(2,'Outdoor','2015-10-19 14:54:02','0000-00-00 00:00:00',1,1);

/*Table structure for table `ml_payment_heads` */

DROP TABLE IF EXISTS `ml_payment_heads`;

CREATE TABLE `ml_payment_heads` (
  `PHeadID` int(10) unsigned NOT NULL AUTO_INCREMENT,
  `Title` varchar(50) COLLATE utf8_bin NOT NULL,
  `DateAdded` datetime NOT NULL,
  `IsActive` tinyint(1) unsigned NOT NULL DEFAULT '1',
  PRIMARY KEY (`PHeadID`)
) ENGINE=InnoDB AUTO_INCREMENT=7 DEFAULT CHARSET=utf8 COLLATE=utf8_bin;

/*Data for the table `ml_payment_heads` */

insert  into `ml_payment_heads`(`PHeadID`,`Title`,`DateAdded`,`IsActive`) values (1,'AdvanceHead','2015-10-01 15:59:25',1),(2,'AdmissionHead','2015-10-01 15:59:34',1),(3,'RoomBedHead','2015-10-01 15:59:50',1),(4,'Pharmacy','2015-11-11 11:09:58',1),(5,'OperationTheather','2015-11-14 12:32:25',1),(6,'Laboratory','2015-12-04 12:45:13',1);

/*Table structure for table `ml_payment_status` */

DROP TABLE IF EXISTS `ml_payment_status`;

CREATE TABLE `ml_payment_status` (
  `StatusID` int(3) unsigned NOT NULL AUTO_INCREMENT,
  `Title` varchar(80) COLLATE utf8_bin NOT NULL,
  `DateAdded` datetime NOT NULL,
  `IsEnabled` tinyint(4) NOT NULL DEFAULT '1',
  `IsActive` tinyint(4) NOT NULL DEFAULT '1',
  PRIMARY KEY (`StatusID`)
) ENGINE=InnoDB AUTO_INCREMENT=3 DEFAULT CHARSET=utf8 COLLATE=utf8_bin;

/*Data for the table `ml_payment_status` */

insert  into `ml_payment_status`(`StatusID`,`Title`,`DateAdded`,`IsEnabled`,`IsActive`) values (1,'Paid','2015-10-09 11:27:42',1,1),(2,'Due','2015-10-09 11:28:01',1,1);

/*Table structure for table `ml_procedure_category` */

DROP TABLE IF EXISTS `ml_procedure_category`;

CREATE TABLE `ml_procedure_category` (
  `ID` int(10) unsigned NOT NULL AUTO_INCREMENT,
  `procedure` varchar(40) COLLATE utf8_unicode_ci NOT NULL,
  `IsEnabled` tinyint(4) NOT NULL DEFAULT '1',
  `IsActive` tinyint(4) NOT NULL DEFAULT '1',
  `DateAdded` timestamp NOT NULL DEFAULT CURRENT_TIMESTAMP ON UPDATE CURRENT_TIMESTAMP,
  `DateUpdated` timestamp NOT NULL DEFAULT '0000-00-00 00:00:00',
  PRIMARY KEY (`ID`)
) ENGINE=InnoDB AUTO_INCREMENT=12 DEFAULT CHARSET=utf8 COLLATE=utf8_unicode_ci;

/*Data for the table `ml_procedure_category` */

insert  into `ml_procedure_category`(`ID`,`procedure`,`IsEnabled`,`IsActive`,`DateAdded`,`DateUpdated`) values (1,'operation',1,1,'2015-12-15 12:34:59','0000-00-00 00:00:00'),(3,'Operation Cat 3',1,1,'2015-12-18 17:15:27','0000-00-00 00:00:00'),(4,'operation 1',1,1,'2015-12-15 12:35:04','0000-00-00 00:00:00'),(5,'Operation',0,0,'2015-11-30 16:58:44','0000-00-00 00:00:00'),(7,'General Surgery',1,1,'2015-12-15 12:35:09','0000-00-00 00:00:00'),(10,'Orthopadics & Plaster ',1,1,'2015-12-15 12:35:13','0000-00-00 00:00:00'),(11,'Plastic Surgery',1,1,'2015-12-15 12:35:17','0000-00-00 00:00:00');

/*Table structure for table `ml_procedure_status` */

DROP TABLE IF EXISTS `ml_procedure_status`;

CREATE TABLE `ml_procedure_status` (
  `ID` int(2) unsigned NOT NULL AUTO_INCREMENT,
  `Title` varchar(20) COLLATE utf8_bin NOT NULL,
  PRIMARY KEY (`ID`)
) ENGINE=InnoDB AUTO_INCREMENT=4 DEFAULT CHARSET=utf8 COLLATE=utf8_bin;

/*Data for the table `ml_procedure_status` */

insert  into `ml_procedure_status`(`ID`,`Title`) values (1,'Sheduled'),(2,'In Progress'),(3,'Completed');

/*Table structure for table `ml_procedure_types` */

DROP TABLE IF EXISTS `ml_procedure_types`;

CREATE TABLE `ml_procedure_types` (
  `ID` int(3) unsigned NOT NULL AUTO_INCREMENT,
  `Title` varchar(80) COLLATE utf8_bin NOT NULL,
  `Fee` decimal(12,2) NOT NULL,
  `DateAdded` timestamp NOT NULL DEFAULT CURRENT_TIMESTAMP ON UPDATE CURRENT_TIMESTAMP,
  `DateUpdated` timestamp NOT NULL DEFAULT '0000-00-00 00:00:00',
  `IsActive` tinyint(1) unsigned NOT NULL DEFAULT '1',
  `IsEnabled` tinyint(1) NOT NULL DEFAULT '1',
  `ProcedureCategoryID` int(11) NOT NULL,
  PRIMARY KEY (`ID`)
) ENGINE=InnoDB AUTO_INCREMENT=30 DEFAULT CHARSET=utf8 COLLATE=utf8_bin;

/*Data for the table `ml_procedure_types` */

insert  into `ml_procedure_types`(`ID`,`Title`,`Fee`,`DateAdded`,`DateUpdated`,`IsActive`,`IsEnabled`,`ProcedureCategoryID`) values (1,'Heart Transplant','20000.00','2015-11-30 10:49:26','2015-11-12 12:44:16',0,0,1),(2,'Operation','2300.00','2015-11-30 11:45:32','2015-11-30 07:45:33',1,1,3),(5,'surgery ','2300.00','2015-11-30 10:49:30','2015-11-12 08:10:52',0,1,2),(12,'Dressing','2000.00','2015-12-05 16:12:40','0000-00-00 00:00:00',0,1,11),(14,'Cleft Palate','200.00','2015-12-05 16:13:17','2015-11-28 08:12:58',1,1,11),(15,'Dermobrasion','300561.00','2015-12-25 12:16:19','2015-11-28 08:10:54',1,1,11),(16,'free Flaps','70034.00','2015-12-29 10:13:58','2015-12-29 10:14:02',1,0,3),(17,'Scar Revision','5600.00','2015-12-25 12:14:55','2015-11-28 08:30:59',1,1,11),(18,'Syndactly','6500.00','2015-12-18 16:09:22','2015-12-18 16:09:25',1,1,4),(19,'Operation 2','1000.00','2015-12-15 12:39:35','2015-12-15 12:39:37',1,1,1),(22,'Colostomy','3500.00','2015-12-05 11:46:05','0000-00-00 00:00:00',1,1,7),(24,'DD','222.00','2015-12-05 15:25:18','2015-12-05 15:25:20',1,1,7),(26,'Hypospadius','3300.00','2015-12-18 16:20:46','2015-12-18 16:20:49',1,1,4),(27,'Pinnoplasty','2700.00','2015-12-05 15:48:56','0000-00-00 00:00:00',1,1,11),(28,'S.S.G','3100.00','2015-12-05 15:49:11','0000-00-00 00:00:00',1,1,11),(29,'Heart operations','2000.00','2015-12-17 11:40:14','0000-00-00 00:00:00',1,1,7);

/*Table structure for table `ml_room_class` */

DROP TABLE IF EXISTS `ml_room_class`;

CREATE TABLE `ml_room_class` (
  `ID` int(2) unsigned NOT NULL AUTO_INCREMENT,
  `Title` varchar(80) COLLATE utf8_bin NOT NULL,
  `Description` text COLLATE utf8_bin,
  `DateAdded` timestamp NOT NULL DEFAULT CURRENT_TIMESTAMP ON UPDATE CURRENT_TIMESTAMP,
  `IsActive` tinyint(1) NOT NULL,
  `IsEnabled` tinyint(1) NOT NULL DEFAULT '1',
  PRIMARY KEY (`ID`)
) ENGINE=InnoDB AUTO_INCREMENT=21 DEFAULT CHARSET=utf8 COLLATE=utf8_bin;

/*Data for the table `ml_room_class` */

insert  into `ml_room_class`(`ID`,`Title`,`Description`,`DateAdded`,`IsActive`,`IsEnabled`) values (1,'VIP',NULL,'2015-11-12 16:40:11',1,1),(2,'STANDERD',NULL,'2015-11-12 16:49:22',1,1),(3,'V VIP',NULL,'2015-11-12 16:40:45',1,1),(4,'Class E',NULL,'2015-10-09 10:41:08',0,1),(5,'Class F',NULL,'2015-10-09 10:40:53',0,1),(6,'Class E',NULL,'2015-11-12 16:47:18',0,1),(7,'Class F',NULL,'2015-11-11 12:39:34',0,0),(8,'Class I',NULL,'2015-11-09 10:59:00',0,1),(9,'Class A',NULL,'2015-11-09 10:54:18',0,1),(10,'Class A',NULL,'2015-11-09 10:54:24',0,1),(11,'Class A',NULL,'2015-11-11 12:39:53',0,1),(12,'Class A',NULL,'2015-11-11 12:39:49',0,1),(13,'Class A',NULL,'2015-11-11 12:39:41',0,1),(14,'7987',NULL,'2015-11-11 12:40:11',0,1),(15,';\';//\';',NULL,'2015-11-11 12:40:28',0,1),(16,'Vip',NULL,'2015-11-12 16:47:12',0,1),(17,'AAAAA',NULL,'2015-11-30 17:01:32',0,1),(18,'GHFGFhj656+++',NULL,'2015-12-01 09:41:51',0,1),(19,'AAAAA',NULL,'2015-12-05 11:41:18',1,1),(20,'GGG',NULL,'2015-12-05 11:43:43',1,1);

/*Table structure for table `ml_room_type` */

DROP TABLE IF EXISTS `ml_room_type`;

CREATE TABLE `ml_room_type` (
  `ID` tinyint(1) unsigned NOT NULL AUTO_INCREMENT,
  `Title` varchar(80) COLLATE utf8_bin NOT NULL,
  `DateAdded` timestamp NOT NULL DEFAULT CURRENT_TIMESTAMP ON UPDATE CURRENT_TIMESTAMP,
  `DateUpdated` timestamp NOT NULL DEFAULT '0000-00-00 00:00:00',
  `IsActive` tinyint(1) NOT NULL DEFAULT '1',
  PRIMARY KEY (`ID`)
) ENGINE=InnoDB AUTO_INCREMENT=3 DEFAULT CHARSET=utf8 COLLATE=utf8_bin;

/*Data for the table `ml_room_type` */

insert  into `ml_room_type`(`ID`,`Title`,`DateAdded`,`DateUpdated`,`IsActive`) values (1,'Ward','2015-09-23 14:51:50','0000-00-00 00:00:00',1),(2,'Private Room','2015-09-23 14:52:15','0000-00-00 00:00:00',1);

/*Table structure for table `ml_rooms` */

DROP TABLE IF EXISTS `ml_rooms`;

CREATE TABLE `ml_rooms` (
  `ID` int(6) unsigned NOT NULL AUTO_INCREMENT,
  `ClassID` int(2) unsigned NOT NULL,
  `Identification` varchar(80) COLLATE utf8_bin NOT NULL COMMENT 'Name or Number',
  `IsAvailable` tinyint(1) NOT NULL DEFAULT '1',
  `Description` text COLLATE utf8_bin,
  `Rent` decimal(10,0) NOT NULL DEFAULT '0' COMMENT 'Per Day Rent For Now',
  `Date_Added` timestamp NOT NULL DEFAULT CURRENT_TIMESTAMP ON UPDATE CURRENT_TIMESTAMP,
  `Date_Updated` timestamp NOT NULL DEFAULT '0000-00-00 00:00:00',
  `IsActive` tinyint(1) NOT NULL DEFAULT '1' COMMENT 'For Trash Status',
  `IsEnabled` tinyint(1) NOT NULL DEFAULT '1' COMMENT 'To Enable / Desable',
  PRIMARY KEY (`ID`),
  KEY `ClassID` (`ClassID`)
) ENGINE=InnoDB AUTO_INCREMENT=32 DEFAULT CHARSET=utf8 COLLATE=utf8_bin;

/*Data for the table `ml_rooms` */

insert  into `ml_rooms`(`ID`,`ClassID`,`Identification`,`IsAvailable`,`Description`,`Rent`,`Date_Added`,`Date_Updated`,`IsActive`,`IsEnabled`) values (1,1,'VIP Room 1',1,NULL,'1500','2016-01-23 15:53:36','0000-00-00 00:00:00',1,1),(3,1,'VIP Room 2',2,NULL,'1000','2016-01-23 15:51:16','2016-01-23 15:51:20',1,1),(4,3,'V VIP-Room-3',1,NULL,'2000','2015-12-05 16:23:18','0000-00-00 00:00:00',0,1),(5,2,'ST Room 1',2,NULL,'1200','2015-12-29 11:50:03','0000-00-00 00:00:00',1,1),(6,1,'VIP Room 3',2,NULL,'1000','2015-12-30 12:21:18','0000-00-00 00:00:00',1,1),(7,1,'VIP Room 4',1,NULL,'1000','2015-12-29 15:29:21','0000-00-00 00:00:00',1,1),(8,1,'VIP Room 5',1,NULL,'800','2015-12-19 15:40:13','0000-00-00 00:00:00',1,1),(10,2,'ST Room 2',1,NULL,'1000','2015-12-30 10:32:30','0000-00-00 00:00:00',1,1),(11,1,'VIP Room 6',1,NULL,'1000','2015-12-19 15:41:32','0000-00-00 00:00:00',1,1),(14,1,'A-Room-2',1,NULL,'1000','2015-12-01 09:59:22','0000-00-00 00:00:00',0,1),(15,1,'VIP Room 7',1,NULL,'1000','2015-12-23 16:41:04','0000-00-00 00:00:00',1,1),(26,3,'V VIP Room-1',1,NULL,'2000','2015-12-22 15:04:51','0000-00-00 00:00:00',1,1),(30,2,'ST Room 3',1,NULL,'200','2015-12-29 15:29:39','0000-00-00 00:00:00',1,1),(31,3,'V VIP Room 2',1,NULL,'2000','2015-12-31 12:14:56','0000-00-00 00:00:00',1,1);

/*Table structure for table `ml_service_type` */

DROP TABLE IF EXISTS `ml_service_type`;

CREATE TABLE `ml_service_type` (
  `ServiceID` int(8) unsigned NOT NULL AUTO_INCREMENT,
  `Title` varchar(60) COLLATE utf8_bin NOT NULL,
  `DateAdded` datetime NOT NULL,
  `IsActive` tinyint(1) NOT NULL DEFAULT '1',
  PRIMARY KEY (`ServiceID`)
) ENGINE=InnoDB DEFAULT CHARSET=utf8 COLLATE=utf8_bin;

/*Data for the table `ml_service_type` */

/*Table structure for table `ml_test_category` */

DROP TABLE IF EXISTS `ml_test_category`;

CREATE TABLE `ml_test_category` (
  `ID` int(10) unsigned NOT NULL AUTO_INCREMENT,
  `CategoryTitle` varchar(50) COLLATE utf8_unicode_ci NOT NULL,
  `IsEnabled` tinyint(4) NOT NULL DEFAULT '1',
  `IsActive` tinyint(4) NOT NULL DEFAULT '1',
  `DateAdded` timestamp NOT NULL DEFAULT CURRENT_TIMESTAMP ON UPDATE CURRENT_TIMESTAMP,
  `DateUpdated` timestamp NOT NULL DEFAULT '0000-00-00 00:00:00',
  PRIMARY KEY (`ID`)
) ENGINE=InnoDB AUTO_INCREMENT=11 DEFAULT CHARSET=utf8 COLLATE=utf8_unicode_ci;

/*Data for the table `ml_test_category` */

insert  into `ml_test_category`(`ID`,`CategoryTitle`,`IsEnabled`,`IsActive`,`DateAdded`,`DateUpdated`) values (1,'Blood',1,1,'2015-12-01 10:02:05','0000-00-00 00:00:00'),(2,'Urine',1,1,'2015-12-01 10:02:18','0000-00-00 00:00:00'),(3,'Endoscopy',1,1,'2015-12-01 10:02:35','0000-00-00 00:00:00'),(5,'Imaging',1,1,'2015-12-01 10:03:13','0000-00-00 00:00:00'),(6,'Biopsy',1,1,'2015-12-01 10:03:16','0000-00-00 00:00:00'),(10,'new dfe34',0,0,'2015-12-01 16:26:21','0000-00-00 00:00:00');

/*Table structure for table `ml_test_status` */

DROP TABLE IF EXISTS `ml_test_status`;

CREATE TABLE `ml_test_status` (
  `ID` int(10) unsigned NOT NULL AUTO_INCREMENT,
  `StatusTitle` varchar(20) COLLATE utf8_unicode_ci NOT NULL,
  `DateAdded` timestamp NOT NULL DEFAULT CURRENT_TIMESTAMP ON UPDATE CURRENT_TIMESTAMP,
  `IsActive` tinyint(4) NOT NULL DEFAULT '1',
  PRIMARY KEY (`ID`)
) ENGINE=InnoDB AUTO_INCREMENT=5 DEFAULT CHARSET=utf8 COLLATE=utf8_unicode_ci;

/*Data for the table `ml_test_status` */

insert  into `ml_test_status`(`ID`,`StatusTitle`,`DateAdded`,`IsActive`) values (1,'Added','2015-11-28 13:01:09',1),(2,'In-Progress','2015-11-28 13:01:28',1),(3,'Completed','2015-11-28 13:01:43',1),(4,'Deliverd','2015-12-07 10:30:31',0);

/*Table structure for table `ml_tests` */

DROP TABLE IF EXISTS `ml_tests`;

CREATE TABLE `ml_tests` (
  `ID` int(10) unsigned NOT NULL AUTO_INCREMENT,
  `TestCode` varchar(20) COLLATE utf8_unicode_ci NOT NULL,
  `TestName` varchar(30) COLLATE utf8_unicode_ci NOT NULL,
  `Abbreviation` varchar(15) COLLATE utf8_unicode_ci NOT NULL,
  `unit` varchar(30) COLLATE utf8_unicode_ci NOT NULL,
  `ReferenceRange` varchar(30) COLLATE utf8_unicode_ci DEFAULT NULL,
  `TestCategoryID` int(11) NOT NULL,
  `Price` decimal(10,0) NOT NULL,
  `DateAdded` timestamp NOT NULL DEFAULT CURRENT_TIMESTAMP ON UPDATE CURRENT_TIMESTAMP,
  `DateUpdated` timestamp NOT NULL DEFAULT '0000-00-00 00:00:00',
  `IsEnabled` tinyint(4) NOT NULL DEFAULT '1',
  `IsActive` tinyint(4) NOT NULL DEFAULT '1',
  PRIMARY KEY (`ID`)
) ENGINE=InnoDB AUTO_INCREMENT=25 DEFAULT CHARSET=utf8 COLLATE=utf8_unicode_ci;

/*Data for the table `ml_tests` */

insert  into `ml_tests`(`ID`,`TestCode`,`TestName`,`Abbreviation`,`unit`,`ReferenceRange`,`TestCategoryID`,`Price`,`DateAdded`,`DateUpdated`,`IsEnabled`,`IsActive`) values (1,'1212',' blood sugar','B','Unit','dfg',1,'300','2015-12-01 10:03:37','0000-00-00 00:00:00',0,1),(2,'1213','Urine','Ur','Unit','dfg',2,'500','2015-12-15 15:37:28','0000-00-00 00:00:00',1,1),(3,'CBC-005','CBC','CBC','34','600',1,'453','2015-12-02 12:33:52','0000-00-00 00:00:00',1,0),(4,'MCV-006','MCV ','MCV','34','80',1,'500','2015-12-02 12:33:57','0000-00-00 00:00:00',1,0),(11,'BUN-009','BUN','BUN','45','50',2,'45','2015-12-02 12:34:06','0000-00-00 00:00:00',1,1),(12,'KSA-008','Kidney Stone Analysis','SA','34','20',2,'324','2015-12-02 12:34:15','0000-00-00 00:00:00',0,0),(13,'56','CT Scan','CT','5','100',5,'45','2015-12-01 10:05:40','0000-00-00 00:00:00',1,1),(14,'EN-001','Bronchoscopy','BS','20','50',3,'1000','2015-12-01 10:09:15','0000-00-00 00:00:00',1,1),(15,'EN-002','Gastroscopy','GS','20','50',3,'1000','2015-12-01 10:09:17','0000-00-00 00:00:00',1,1),(16,'EN-003','Coloscopy','CS','20','50',3,'1000','2015-12-01 10:09:18','0000-00-00 00:00:00',1,1),(17,'EN-004','Arthroscopy','AS','40','50',5,'2000','2015-12-01 16:41:48','0000-00-00 00:00:00',1,1),(18,'new','ali df','ur','3','sda',3,'324','2015-12-01 16:29:29','0000-00-00 00:00:00',1,0),(19,'df','df','ur','34','fd',2,'54','2015-12-01 16:31:57','0000-00-00 00:00:00',1,0),(20,'df','df','ur','34','fd',5,'54','2015-12-01 16:32:47','0000-00-00 00:00:00',0,0),(21,'222','test','ur','ml','10-100',2,'23','2015-12-05 12:04:51','0000-00-00 00:00:00',1,1),(22,'233','test2','ur','ml','1--200',2,'300','2015-12-15 16:10:51','0000-00-00 00:00:00',1,0),(23,'444','gh','ur','l','10-23',2,'34','2015-12-05 12:07:04','0000-00-00 00:00:00',1,1),(24,'co2','blood','ur','20','23-60',1,'200','2015-12-15 15:36:38','0000-00-00 00:00:00',1,1);

/*Table structure for table `ml_transaction_type` */

DROP TABLE IF EXISTS `ml_transaction_type`;

CREATE TABLE `ml_transaction_type` (
  `ID` tinyint(1) unsigned NOT NULL AUTO_INCREMENT,
  `Title` varchar(16) COLLATE utf8_bin NOT NULL,
  PRIMARY KEY (`ID`)
) ENGINE=InnoDB AUTO_INCREMENT=3 DEFAULT CHARSET=utf8 COLLATE=utf8_bin;

/*Data for the table `ml_transaction_type` */

insert  into `ml_transaction_type`(`ID`,`Title`) values (1,'Debit'),(2,'Credit');

/*Table structure for table `ml_units` */

DROP TABLE IF EXISTS `ml_units`;

CREATE TABLE `ml_units` (
  `ID` int(10) unsigned NOT NULL AUTO_INCREMENT,
  `Unit_Title` varchar(20) COLLATE utf8_unicode_ci NOT NULL,
  `DateAdded` timestamp NOT NULL DEFAULT '0000-00-00 00:00:00',
  `DateUpdate` timestamp NOT NULL DEFAULT '0000-00-00 00:00:00',
  `IsActive` tinyint(1) NOT NULL DEFAULT '1',
  `IsEnabled` tinyint(1) NOT NULL DEFAULT '1',
  PRIMARY KEY (`ID`)
) ENGINE=InnoDB AUTO_INCREMENT=11 DEFAULT CHARSET=utf8 COLLATE=utf8_unicode_ci;

/*Data for the table `ml_units` */

insert  into `ml_units`(`ID`,`Unit_Title`,`DateAdded`,`DateUpdate`,`IsActive`,`IsEnabled`) values (1,'Box','0000-00-00 00:00:00','0000-00-00 00:00:00',1,1),(2,'Set','0000-00-00 00:00:00','0000-00-00 00:00:00',1,1),(3,'units','0000-00-00 00:00:00','0000-00-00 00:00:00',0,1),(4,'Box','0000-00-00 00:00:00','0000-00-00 00:00:00',0,1),(5,'Box','0000-00-00 00:00:00','0000-00-00 00:00:00',0,1),(6,'Box','0000-00-00 00:00:00','0000-00-00 00:00:00',0,1),(7,'Fg+','0000-00-00 00:00:00','0000-00-00 00:00:00',0,0),(8,'New thing dfd+-86','0000-00-00 00:00:00','0000-00-00 00:00:00',0,1),(9,'New+- df','0000-00-00 00:00:00','0000-00-00 00:00:00',0,0),(10,'Fggfgf','0000-00-00 00:00:00','0000-00-00 00:00:00',0,0);

/*Table structure for table `ml_ward` */

DROP TABLE IF EXISTS `ml_ward`;

CREATE TABLE `ml_ward` (
  `ID` int(3) unsigned NOT NULL AUTO_INCREMENT,
  `Identification` varchar(20) COLLATE utf8_bin NOT NULL,
  `Description` text COLLATE utf8_bin,
  `Date_Added` timestamp NOT NULL DEFAULT CURRENT_TIMESTAMP ON UPDATE CURRENT_TIMESTAMP,
  `Date_Updated` timestamp NOT NULL DEFAULT '0000-00-00 00:00:00',
  `Enabled` tinyint(1) unsigned NOT NULL DEFAULT '1',
  `IsActive` tinyint(1) NOT NULL DEFAULT '1' COMMENT 'Column For Trash',
  PRIMARY KEY (`ID`)
) ENGINE=InnoDB AUTO_INCREMENT=42 DEFAULT CHARSET=utf8 COLLATE=utf8_bin;

/*Data for the table `ml_ward` */

insert  into `ml_ward`(`ID`,`Identification`,`Description`,`Date_Added`,`Date_Updated`,`Enabled`,`IsActive`) values (1,'Ward A',NULL,'2015-11-24 17:17:16','0000-00-00 00:00:00',0,0),(2,'Ward B','Adding Descript9iong','2015-11-10 16:40:54','0000-00-00 00:00:00',1,0),(3,'Ward C',NULL,'2015-12-29 10:20:43','0000-00-00 00:00:00',1,1),(15,'Ward D',NULL,'2015-11-11 14:34:33','0000-00-00 00:00:00',1,1),(16,'Ward E',NULL,'2015-11-10 16:34:06','0000-00-00 00:00:00',1,0),(25,'Ward E',NULL,'2015-11-11 14:34:37','0000-00-00 00:00:00',1,1),(33,'Ward G',NULL,'2015-12-07 10:27:59','0000-00-00 00:00:00',1,1),(38,'Ward B',NULL,'2015-12-21 15:06:35','0000-00-00 00:00:00',1,1),(39,'Ward A',NULL,'2015-12-07 10:28:23','0000-00-00 00:00:00',1,1),(40,'Ward H',NULL,'2015-12-08 10:58:40','0000-00-00 00:00:00',1,1),(41,'Ward I',NULL,'2016-01-27 16:15:23','0000-00-00 00:00:00',1,1);

/*Table structure for table `patient_test_lines` */

DROP TABLE IF EXISTS `patient_test_lines`;

CREATE TABLE `patient_test_lines` (
  `ID` int(10) unsigned NOT NULL AUTO_INCREMENT,
  `PatientTestID` int(11) NOT NULL,
  `TestID` int(11) NOT NULL,
  `Result` varchar(255) COLLATE utf8_unicode_ci DEFAULT NULL,
  `Remarks` text COLLATE utf8_unicode_ci,
  `Test_Price` decimal(10,0) NOT NULL DEFAULT '0',
  `Status` tinyint(4) NOT NULL DEFAULT '0',
  `DateAdded` timestamp NOT NULL DEFAULT CURRENT_TIMESTAMP ON UPDATE CURRENT_TIMESTAMP,
  `DateUpdated` timestamp NOT NULL DEFAULT '0000-00-00 00:00:00',
  `IsActive` tinyint(4) NOT NULL DEFAULT '1',
  PRIMARY KEY (`ID`)
) ENGINE=InnoDB AUTO_INCREMENT=361 DEFAULT CHARSET=utf8 COLLATE=utf8_unicode_ci;

/*Data for the table `patient_test_lines` */

insert  into `patient_test_lines`(`ID`,`PatientTestID`,`TestID`,`Result`,`Remarks`,`Test_Price`,`Status`,`DateAdded`,`DateUpdated`,`IsActive`) values (15,11,1,'20','Normal','300',1,'2015-12-17 15:13:46','0000-00-00 00:00:00',1),(16,11,2,'20','Normal','500',1,'2015-12-17 15:13:47','0000-00-00 00:00:00',1),(17,11,11,'20','Normal','45',1,'2015-12-17 15:13:47','0000-00-00 00:00:00',1),(20,13,2,'80','Normal','500',1,'2015-12-17 15:13:48','0000-00-00 00:00:00',1),(21,13,11,'120','Normal','45',1,'2015-12-17 15:13:51','0000-00-00 00:00:00',1),(22,14,2,NULL,NULL,'500',1,'2015-12-17 16:40:20','0000-00-00 00:00:00',1),(23,14,11,NULL,NULL,'45',1,'2015-12-17 16:40:21','0000-00-00 00:00:00',1),(24,15,2,'','','500',1,'2015-12-17 16:41:02','0000-00-00 00:00:00',1),(25,16,2,'','','500',1,'2015-12-17 16:42:51','0000-00-00 00:00:00',1),(26,16,11,'','','45',1,'2015-12-17 16:42:52','0000-00-00 00:00:00',1),(27,17,2,'','','500',1,'2015-12-17 16:42:53','0000-00-00 00:00:00',1),(33,20,11,'20 Normal','Remarks','45',1,'2015-12-17 15:14:00','0000-00-00 00:00:00',1),(34,20,12,NULL,NULL,'324',1,'2015-12-17 16:42:59','0000-00-00 00:00:00',1),(35,20,1,NULL,NULL,'300',1,'2015-12-17 16:42:59','0000-00-00 00:00:00',1),(36,21,1,NULL,NULL,'300',1,'2015-12-17 16:43:00','0000-00-00 00:00:00',1),(37,21,11,NULL,NULL,'45',1,'2015-12-17 16:43:00','0000-00-00 00:00:00',1),(41,23,4,NULL,NULL,'500',1,'2015-12-17 16:43:01','0000-00-00 00:00:00',1),(42,23,15,NULL,NULL,'1000',1,'2015-12-17 16:43:02','0000-00-00 00:00:00',1),(43,24,1,NULL,NULL,'300',1,'2015-12-17 16:43:04','0000-00-00 00:00:00',1),(44,24,3,NULL,NULL,'453',0,'2015-12-04 12:14:50','0000-00-00 00:00:00',1),(45,24,4,NULL,NULL,'500',0,'2015-12-04 12:14:50','0000-00-00 00:00:00',1),(46,22,1,NULL,NULL,'300',0,'2015-12-04 13:19:10','0000-00-00 00:00:00',1),(47,22,1,NULL,NULL,'300',0,'2015-12-04 13:19:10','0000-00-00 00:00:00',1),(48,22,1,NULL,NULL,'300',0,'2015-12-04 13:19:10','0000-00-00 00:00:00',1),(49,22,1,NULL,NULL,'300',0,'2015-12-04 13:19:10','0000-00-00 00:00:00',1),(107,18,1,'','','300',0,'2015-12-15 16:08:50','0000-00-00 00:00:00',1),(108,18,1,'','','300',0,'2015-12-15 16:08:50','0000-00-00 00:00:00',1),(109,18,1,'','','300',0,'2015-12-15 16:08:50','0000-00-00 00:00:00',1),(118,25,12,NULL,NULL,'324',0,'2015-12-04 14:55:07','0000-00-00 00:00:00',1),(153,12,1,'Reslult','Remarks','300',1,'2015-12-17 15:14:03','0000-00-00 00:00:00',1),(154,12,4,'Reslult','Remarks','500',1,'2015-12-17 15:14:04','0000-00-00 00:00:00',1),(155,12,17,'Reslult','Remarks','2000',1,'2015-12-17 15:14:09','0000-00-00 00:00:00',1),(156,26,1,NULL,NULL,'300',0,'2015-12-04 16:50:20','0000-00-00 00:00:00',1),(157,26,12,NULL,NULL,'324',0,'2015-12-04 16:50:20','0000-00-00 00:00:00',1),(158,26,14,NULL,NULL,'1000',0,'2015-12-04 16:50:20','0000-00-00 00:00:00',1),(159,27,1,NULL,NULL,'300',0,'2015-12-04 16:50:20','0000-00-00 00:00:00',1),(160,27,12,NULL,NULL,'324',0,'2015-12-04 16:50:20','0000-00-00 00:00:00',1),(161,27,14,NULL,NULL,'1000',0,'2015-12-04 16:50:20','0000-00-00 00:00:00',1),(164,28,1,'80','Normal','300',1,'2015-12-17 15:14:16','0000-00-00 00:00:00',1),(165,28,12,'120','Normal','324',1,'2015-12-17 15:14:17','0000-00-00 00:00:00',1),(166,28,13,'Result','Remarks','45',1,'2015-12-17 15:14:19','0000-00-00 00:00:00',1),(175,32,1,'Result 1','Remarks 1','300',1,'2015-12-17 16:09:13','0000-00-00 00:00:00',1),(176,32,3,'Result 2','Result 2','453',1,'2015-12-17 16:11:43','0000-00-00 00:00:00',1),(177,32,4,'Result 3 ','Result 3','500',1,'2015-12-17 16:12:17','0000-00-00 00:00:00',1),(178,33,2,NULL,NULL,'500',0,'2015-12-05 11:15:57','0000-00-00 00:00:00',1),(179,33,14,NULL,NULL,'1000',0,'2015-12-05 11:15:57','0000-00-00 00:00:00',1),(180,33,15,NULL,NULL,'1000',0,'2015-12-05 11:15:57','0000-00-00 00:00:00',1),(181,34,17,'Normal','Remarks','2000',0,'2015-12-21 11:05:54','0000-00-00 00:00:00',1),(182,19,11,'Result','Remarks','45',1,'2015-12-17 15:14:21','0000-00-00 00:00:00',1),(183,19,12,NULL,NULL,'324',1,'2015-12-17 16:44:45','0000-00-00 00:00:00',1),(184,35,1,'Normal','Positive','300',1,'2015-12-17 15:14:23','0000-00-00 00:00:00',1),(185,35,14,'Normal','Positive','1000',1,'2015-12-17 15:14:30','0000-00-00 00:00:00',1),(186,36,3,NULL,NULL,'453',0,'2015-12-12 15:08:56','0000-00-00 00:00:00',1),(187,36,14,NULL,NULL,'1000',0,'2015-12-12 15:08:56','0000-00-00 00:00:00',1),(188,36,1,NULL,NULL,'300',0,'2015-12-12 15:08:56','0000-00-00 00:00:00',1),(189,36,23,NULL,NULL,'34',0,'2015-12-12 15:08:56','0000-00-00 00:00:00',1),(190,36,4,NULL,NULL,'500',0,'2015-12-12 15:08:56','0000-00-00 00:00:00',1),(191,36,20,NULL,NULL,'54',0,'2015-12-12 15:08:56','0000-00-00 00:00:00',1),(192,36,3,NULL,NULL,'453',0,'2015-12-12 15:08:56','0000-00-00 00:00:00',1),(193,37,20,NULL,NULL,'54',0,'2015-12-12 15:17:40','0000-00-00 00:00:00',1),(194,38,21,NULL,NULL,'23',0,'2015-12-12 15:18:13','0000-00-00 00:00:00',1),(195,39,1,'Result','Result','300',1,'2015-12-17 16:01:54','0000-00-00 00:00:00',1),(196,39,3,'Result 2','Result 2','453',1,'2015-12-17 16:05:44','0000-00-00 00:00:00',1),(197,40,19,NULL,NULL,'54',0,'2015-12-12 15:38:33','0000-00-00 00:00:00',1),(198,41,1,NULL,NULL,'300',0,'2015-12-12 15:42:30','0000-00-00 00:00:00',1),(199,41,3,NULL,NULL,'453',0,'2015-12-12 15:42:30','0000-00-00 00:00:00',1),(200,42,3,NULL,NULL,'453',0,'2015-12-12 16:07:41','0000-00-00 00:00:00',1),(201,43,12,NULL,NULL,'324',0,'2015-12-12 16:08:46','0000-00-00 00:00:00',1),(202,44,20,NULL,NULL,'54',0,'2015-12-12 16:13:34','0000-00-00 00:00:00',1),(203,45,11,NULL,NULL,'45',0,'2015-12-14 10:32:47','0000-00-00 00:00:00',1),(204,45,19,NULL,NULL,'54',0,'2015-12-14 10:32:47','0000-00-00 00:00:00',1),(205,46,11,NULL,NULL,'45',0,'2015-12-14 10:33:24','0000-00-00 00:00:00',1),(206,46,21,NULL,NULL,'23',0,'2015-12-14 10:33:24','0000-00-00 00:00:00',1),(207,47,2,NULL,NULL,'500',0,'2015-12-14 11:53:44','0000-00-00 00:00:00',1),(208,47,14,NULL,NULL,'1000',0,'2015-12-14 11:53:44','0000-00-00 00:00:00',1),(209,48,11,NULL,NULL,'45',0,'2015-12-14 11:58:01','0000-00-00 00:00:00',1),(210,48,12,NULL,NULL,'324',0,'2015-12-14 11:58:01','0000-00-00 00:00:00',1),(211,49,16,NULL,NULL,'1000',0,'2015-12-14 11:58:42','0000-00-00 00:00:00',1),(212,49,18,NULL,NULL,'324',0,'2015-12-14 11:58:42','0000-00-00 00:00:00',1),(213,50,22,NULL,NULL,'300',0,'2015-12-14 12:02:55','0000-00-00 00:00:00',1),(214,50,23,NULL,NULL,'34',0,'2015-12-14 12:02:55','0000-00-00 00:00:00',1),(215,51,11,NULL,NULL,'45',0,'2015-12-14 12:06:05','0000-00-00 00:00:00',1),(216,52,1,NULL,NULL,'300',0,'2015-12-14 14:55:37','0000-00-00 00:00:00',1),(217,52,14,NULL,NULL,'1000',0,'2015-12-14 14:55:37','0000-00-00 00:00:00',1),(218,53,21,NULL,NULL,'23',0,'2015-12-14 16:21:44','0000-00-00 00:00:00',1),(219,53,22,NULL,NULL,'300',0,'2015-12-14 16:21:44','0000-00-00 00:00:00',1),(220,54,1,NULL,NULL,'300',0,'2015-12-15 11:18:20','0000-00-00 00:00:00',1),(221,54,14,NULL,NULL,'1000',0,'2015-12-15 11:18:20','0000-00-00 00:00:00',1),(222,54,18,NULL,NULL,'324',0,'2015-12-15 11:18:20','0000-00-00 00:00:00',1),(223,55,1,NULL,NULL,'300',0,'2015-12-15 11:23:38','0000-00-00 00:00:00',1),(224,55,2,NULL,NULL,'500',0,'2015-12-15 11:23:38','0000-00-00 00:00:00',1),(225,56,12,'20','normal','324',1,'2015-12-17 15:14:31','0000-00-00 00:00:00',1),(226,56,13,'50','normal','45',1,'2015-12-17 15:14:33','0000-00-00 00:00:00',1),(227,57,20,NULL,NULL,'54',0,'2015-12-15 11:29:06','0000-00-00 00:00:00',1),(230,58,1,'Result','Remarks 1','300',0,'2015-12-22 14:54:31','0000-00-00 00:00:00',1),(231,58,3,'Result 2','Remarks 2','453',0,'2015-12-22 14:54:31','0000-00-00 00:00:00',1),(232,59,4,'45','normal','500',1,'2015-12-17 15:14:35','0000-00-00 00:00:00',1),(233,59,20,'78','normal','54',1,'2015-12-17 15:14:38','0000-00-00 00:00:00',1),(234,60,11,NULL,NULL,'45',0,'2015-12-15 15:02:37','0000-00-00 00:00:00',1),(235,61,1,NULL,NULL,'300',0,'2015-12-15 15:14:46','0000-00-00 00:00:00',1),(236,62,20,NULL,NULL,'54',0,'2015-12-15 15:19:51','0000-00-00 00:00:00',1),(237,62,3,NULL,NULL,'453',0,'2015-12-15 15:19:51','0000-00-00 00:00:00',1),(238,63,12,NULL,NULL,'324',0,'2015-12-15 15:22:54','0000-00-00 00:00:00',1),(239,64,1,NULL,NULL,'300',0,'2015-12-15 16:14:19','0000-00-00 00:00:00',1),(240,64,3,NULL,NULL,'453',0,'2015-12-15 16:14:19','0000-00-00 00:00:00',1),(241,65,1,'45','normal','300',1,'2015-12-17 15:14:39','0000-00-00 00:00:00',1),(242,65,12,'12','normal','324',1,'2015-12-17 15:14:40','0000-00-00 00:00:00',1),(243,66,1,'3','nor','300',1,'2015-12-17 15:14:41','0000-00-00 00:00:00',1),(244,66,20,'4','nor','54',1,'2015-12-17 15:14:42','0000-00-00 00:00:00',1),(245,67,1,NULL,NULL,'300',0,'2015-12-21 14:46:11','0000-00-00 00:00:00',1),(246,67,3,NULL,NULL,'453',0,'2015-12-21 14:46:11','0000-00-00 00:00:00',1),(247,69,2,NULL,NULL,'500',0,'2015-12-21 14:54:30','0000-00-00 00:00:00',1),(248,69,11,NULL,NULL,'45',0,'2015-12-21 14:54:30','0000-00-00 00:00:00',1),(249,70,1,NULL,NULL,'300',0,'2015-12-21 16:20:30','0000-00-00 00:00:00',1),(250,70,14,NULL,NULL,'1000',0,'2015-12-21 16:20:30','0000-00-00 00:00:00',1),(251,71,13,'Result','Remarks ','45',1,'2015-12-22 15:39:17','0000-00-00 00:00:00',1),(252,72,1,NULL,NULL,'300',0,'2015-12-22 16:34:19','0000-00-00 00:00:00',1),(253,72,14,NULL,NULL,'1000',0,'2015-12-22 16:34:19','0000-00-00 00:00:00',1),(254,73,1,NULL,NULL,'300',0,'2015-12-22 16:40:49','0000-00-00 00:00:00',1),(255,73,3,NULL,NULL,'453',0,'2015-12-22 16:40:49','0000-00-00 00:00:00',1),(256,73,14,NULL,NULL,'1000',0,'2015-12-22 16:40:49','0000-00-00 00:00:00',1),(257,74,1,NULL,NULL,'300',0,'2015-12-22 16:41:38','0000-00-00 00:00:00',1),(258,74,12,NULL,NULL,'324',0,'2015-12-22 16:41:38','0000-00-00 00:00:00',1),(259,75,1,NULL,NULL,'300',0,'2015-12-22 16:56:32','0000-00-00 00:00:00',1),(260,75,3,NULL,NULL,'453',0,'2015-12-22 16:56:32','0000-00-00 00:00:00',1),(261,75,14,NULL,NULL,'1000',0,'2015-12-22 16:56:32','0000-00-00 00:00:00',1),(262,75,15,NULL,NULL,'1000',0,'2015-12-22 16:56:32','0000-00-00 00:00:00',1),(263,76,1,NULL,NULL,'300',0,'2015-12-23 10:56:18','0000-00-00 00:00:00',1),(264,76,2,NULL,NULL,'500',0,'2015-12-23 10:56:18','0000-00-00 00:00:00',1),(265,77,24,NULL,NULL,'200',0,'2015-12-23 11:15:09','0000-00-00 00:00:00',1),(266,77,4,NULL,NULL,'500',0,'2015-12-23 11:15:09','0000-00-00 00:00:00',1),(267,78,1,NULL,NULL,'300',0,'2015-12-23 11:34:10','0000-00-00 00:00:00',1),(268,78,3,NULL,NULL,'453',0,'2015-12-23 11:34:10','0000-00-00 00:00:00',1),(269,79,1,NULL,NULL,'300',0,'2015-12-23 11:34:10','0000-00-00 00:00:00',1),(270,79,3,NULL,NULL,'453',0,'2015-12-23 11:34:10','0000-00-00 00:00:00',1),(271,80,1,NULL,NULL,'300',0,'2015-12-23 11:35:47','0000-00-00 00:00:00',1),(272,80,3,NULL,NULL,'453',0,'2015-12-23 11:35:47','0000-00-00 00:00:00',1),(273,80,11,NULL,NULL,'45',0,'2015-12-23 11:35:47','0000-00-00 00:00:00',1),(274,80,2,NULL,NULL,'500',0,'2015-12-23 11:35:47','0000-00-00 00:00:00',1),(275,80,12,NULL,NULL,'324',0,'2015-12-23 11:35:47','0000-00-00 00:00:00',1),(276,81,2,NULL,NULL,'500',0,'2015-12-23 11:37:42','0000-00-00 00:00:00',1),(277,81,11,NULL,NULL,'45',0,'2015-12-23 11:37:42','0000-00-00 00:00:00',1),(278,81,12,NULL,NULL,'324',0,'2015-12-23 11:37:42','0000-00-00 00:00:00',1),(279,82,2,NULL,NULL,'500',0,'2015-12-23 11:37:43','0000-00-00 00:00:00',1),(280,82,11,NULL,NULL,'45',0,'2015-12-23 11:37:43','0000-00-00 00:00:00',1),(281,82,12,NULL,NULL,'324',0,'2015-12-23 11:37:43','0000-00-00 00:00:00',1),(282,83,14,NULL,NULL,'1000',0,'2015-12-23 11:42:38','0000-00-00 00:00:00',1),(283,83,15,NULL,NULL,'1000',0,'2015-12-23 11:42:38','0000-00-00 00:00:00',1),(284,83,16,NULL,NULL,'1000',0,'2015-12-23 11:42:38','0000-00-00 00:00:00',1),(285,84,14,NULL,NULL,'1000',0,'2015-12-23 11:45:02','0000-00-00 00:00:00',1),(286,84,15,NULL,NULL,'1000',0,'2015-12-23 11:45:02','0000-00-00 00:00:00',1),(287,85,1,NULL,NULL,'300',0,'2015-12-23 11:46:54','0000-00-00 00:00:00',1),(288,85,3,NULL,NULL,'453',0,'2015-12-23 11:46:54','0000-00-00 00:00:00',1),(289,86,3,NULL,NULL,'453',0,'2015-12-23 11:51:09','0000-00-00 00:00:00',1),(290,86,4,NULL,NULL,'500',0,'2015-12-23 11:51:09','0000-00-00 00:00:00',1),(291,87,3,NULL,NULL,'453',0,'2015-12-23 12:04:51','0000-00-00 00:00:00',1),(292,87,4,NULL,NULL,'500',0,'2015-12-23 12:04:51','0000-00-00 00:00:00',1),(293,88,24,NULL,NULL,'200',0,'2015-12-23 12:06:26','0000-00-00 00:00:00',1),(294,89,24,NULL,NULL,'200',0,'2015-12-23 12:12:46','0000-00-00 00:00:00',1),(295,90,24,NULL,NULL,'200',0,'2015-12-23 12:17:07','0000-00-00 00:00:00',1),(296,91,11,NULL,NULL,'45',0,'2015-12-23 12:20:23','0000-00-00 00:00:00',1),(297,91,19,NULL,NULL,'54',0,'2015-12-23 12:20:23','0000-00-00 00:00:00',1),(298,92,19,NULL,NULL,'54',0,'2015-12-23 12:25:46','0000-00-00 00:00:00',1),(299,92,23,NULL,NULL,'34',0,'2015-12-23 12:25:46','0000-00-00 00:00:00',1),(300,93,1,NULL,NULL,'300',0,'2015-12-23 12:30:39','0000-00-00 00:00:00',1),(301,93,3,NULL,NULL,'453',0,'2015-12-23 12:30:39','0000-00-00 00:00:00',1),(302,94,1,NULL,NULL,'300',0,'2015-12-23 12:38:38','0000-00-00 00:00:00',1),(303,94,3,NULL,NULL,'453',0,'2015-12-23 12:38:38','0000-00-00 00:00:00',1),(304,95,2,NULL,NULL,'500',0,'2015-12-23 12:41:35','0000-00-00 00:00:00',1),(305,95,12,NULL,NULL,'324',0,'2015-12-23 12:41:35','0000-00-00 00:00:00',1),(306,95,11,NULL,NULL,'45',0,'2015-12-23 12:41:35','0000-00-00 00:00:00',1),(307,96,1,NULL,NULL,'300',0,'2015-12-23 12:46:29','0000-00-00 00:00:00',1),(308,96,3,NULL,NULL,'453',0,'2015-12-23 12:46:29','0000-00-00 00:00:00',1),(309,97,14,NULL,NULL,'1000',0,'2015-12-23 12:49:18','0000-00-00 00:00:00',1),(310,97,15,NULL,NULL,'1000',0,'2015-12-23 12:49:18','0000-00-00 00:00:00',1),(311,98,1,NULL,NULL,'300',0,'2015-12-23 12:53:39','0000-00-00 00:00:00',1),(312,98,3,NULL,NULL,'453',0,'2015-12-23 12:53:39','0000-00-00 00:00:00',1),(313,99,14,'Result 1','Remarks 1','1000',1,'2015-12-25 12:29:59','0000-00-00 00:00:00',1),(314,99,16,'Result 2','Remarks 2','1000',1,'2015-12-25 12:29:59','0000-00-00 00:00:00',1),(315,99,15,'Result 3','Remarks 3','1000',1,'2015-12-25 12:29:59','0000-00-00 00:00:00',1),(316,99,17,'Result 4','Remarks 4','2000',1,'2015-12-25 12:29:59','0000-00-00 00:00:00',1),(317,99,1,'Result 5','Remarks 5','300',1,'2015-12-25 12:29:59','0000-00-00 00:00:00',1),(318,99,3,'Final Result','Final Remarks','453',0,'2015-12-25 12:31:11','0000-00-00 00:00:00',1),(319,100,14,'h 60 %','nill to produce','1000',0,'2015-12-30 15:26:05','0000-00-00 00:00:00',1),(320,100,15,'j 50 %','yes to produces ','1000',0,'2015-12-30 15:26:05','0000-00-00 00:00:00',1),(321,101,1,NULL,NULL,'300',0,'2015-12-26 11:50:44','0000-00-00 00:00:00',1),(322,101,3,NULL,NULL,'453',0,'2015-12-26 11:50:44','0000-00-00 00:00:00',1),(323,102,14,NULL,NULL,'1000',0,'2015-12-26 11:51:52','0000-00-00 00:00:00',1),(324,102,15,NULL,NULL,'1000',0,'2015-12-26 11:51:52','0000-00-00 00:00:00',1),(325,103,2,NULL,NULL,'500',0,'2015-12-26 11:53:48','0000-00-00 00:00:00',1),(326,103,12,NULL,NULL,'324',0,'2015-12-26 11:53:48','0000-00-00 00:00:00',1),(327,104,13,NULL,NULL,'45',0,'2015-12-26 11:54:50','0000-00-00 00:00:00',1),(328,104,17,NULL,NULL,'2000',0,'2015-12-26 11:54:50','0000-00-00 00:00:00',1),(329,105,2,NULL,NULL,'500',0,'2015-12-30 10:04:35','0000-00-00 00:00:00',1),(330,105,11,NULL,NULL,'45',0,'2015-12-30 10:04:35','0000-00-00 00:00:00',1),(331,106,2,'not bed ','thats good too ','500',0,'2015-12-30 15:24:00','0000-00-00 00:00:00',1),(332,106,11,'ya ofcors ','this is too good ','45',0,'2015-12-30 15:24:00','0000-00-00 00:00:00',1),(333,107,1,'nil not ofer','ya offer this ','300',0,'2015-12-30 15:24:52','0000-00-00 00:00:00',1),(334,107,3,'ya good ','not a good ','453',0,'2015-12-30 15:24:52','0000-00-00 00:00:00',1),(335,108,2,'also good ','not a bed ','500',0,'2015-12-30 15:24:00','0000-00-00 00:00:00',1),(336,108,11,'not a bed ','this is so good ','45',0,'2015-12-30 15:24:00','0000-00-00 00:00:00',1),(337,109,1,'good','so good','300',0,'2015-12-30 14:42:30','0000-00-00 00:00:00',1),(338,109,3,'not good','yes of corse good ','453',0,'2015-12-30 14:42:30','0000-00-00 00:00:00',1),(339,110,2,NULL,NULL,'500',0,'2015-12-30 15:52:35','0000-00-00 00:00:00',1),(340,110,11,NULL,NULL,'45',0,'2015-12-30 15:52:35','0000-00-00 00:00:00',1),(341,111,14,NULL,NULL,'1000',0,'2016-01-02 14:59:10','0000-00-00 00:00:00',1),(342,111,15,NULL,NULL,'1000',0,'2016-01-02 14:59:10','0000-00-00 00:00:00',1),(343,112,13,NULL,NULL,'45',0,'2016-01-02 15:02:05','0000-00-00 00:00:00',1),(344,112,17,NULL,NULL,'2000',0,'2016-01-02 15:02:05','0000-00-00 00:00:00',1),(345,113,14,NULL,NULL,'1000',0,'2016-01-02 15:05:49','0000-00-00 00:00:00',1),(346,113,15,NULL,NULL,'1000',0,'2016-01-02 15:05:49','0000-00-00 00:00:00',1),(347,114,14,NULL,NULL,'1000',0,'2016-01-02 15:12:50','0000-00-00 00:00:00',1),(348,114,15,NULL,NULL,'1000',0,'2016-01-02 15:12:50','0000-00-00 00:00:00',1),(349,115,14,NULL,NULL,'1000',0,'2016-01-02 15:16:46','0000-00-00 00:00:00',1),(350,115,15,NULL,NULL,'1000',0,'2016-01-02 15:16:46','0000-00-00 00:00:00',1),(351,116,14,NULL,NULL,'1000',0,'2016-01-02 15:16:46','0000-00-00 00:00:00',1),(352,116,15,NULL,NULL,'1000',0,'2016-01-02 15:16:46','0000-00-00 00:00:00',1),(353,117,14,NULL,NULL,'1000',0,'2016-01-02 15:31:03','0000-00-00 00:00:00',1),(354,117,15,NULL,NULL,'1000',0,'2016-01-02 15:31:03','0000-00-00 00:00:00',1),(355,118,14,NULL,NULL,'1000',0,'2016-01-02 15:31:03','0000-00-00 00:00:00',1),(356,118,15,NULL,NULL,'1000',0,'2016-01-02 15:31:03','0000-00-00 00:00:00',1),(357,119,2,NULL,NULL,'500',0,'2016-01-02 15:32:57','0000-00-00 00:00:00',1),(358,119,11,NULL,NULL,'45',0,'2016-01-02 15:32:57','0000-00-00 00:00:00',1),(359,120,14,NULL,NULL,'1000',0,'2016-01-02 15:52:53','0000-00-00 00:00:00',1),(360,120,15,NULL,NULL,'1000',0,'2016-01-02 15:52:53','0000-00-00 00:00:00',1);

/*Table structure for table `patient_tests` */

DROP TABLE IF EXISTS `patient_tests`;

CREATE TABLE `patient_tests` (
  `ID` int(10) unsigned NOT NULL AUTO_INCREMENT,
  `LabRefNo` varchar(15) COLLATE utf8_unicode_ci NOT NULL,
  `PatientID` int(11) DEFAULT NULL,
  `PatientTypeID` int(11) NOT NULL,
  `ConsultantID` int(11) NOT NULL,
  `Name` varchar(50) COLLATE utf8_unicode_ci DEFAULT NULL,
  `FName` varchar(50) COLLATE utf8_unicode_ci DEFAULT NULL,
  `Age` int(11) DEFAULT NULL,
  `GenderID` int(11) DEFAULT NULL,
  `ContactNo` varchar(16) COLLATE utf8_unicode_ci DEFAULT NULL,
  `TotalAmount` decimal(10,0) NOT NULL DEFAULT '0',
  `Discount` decimal(10,0) NOT NULL DEFAULT '0',
  `Tax` decimal(10,0) NOT NULL DEFAULT '0',
  `TotalPaid` decimal(10,0) NOT NULL DEFAULT '0',
  `Test_Date` timestamp NOT NULL DEFAULT CURRENT_TIMESTAMP ON UPDATE CURRENT_TIMESTAMP,
  `ResDeliveryDate` timestamp NOT NULL DEFAULT '0000-00-00 00:00:00',
  `DateAdded` timestamp NOT NULL DEFAULT '0000-00-00 00:00:00',
  `DateUpdated` timestamp NOT NULL DEFAULT '0000-00-00 00:00:00',
  `TestAddedBy` int(11) NOT NULL,
  `TestStatus` int(11) NOT NULL,
  `IsActive` tinyint(4) NOT NULL DEFAULT '1',
  PRIMARY KEY (`ID`)
) ENGINE=InnoDB AUTO_INCREMENT=121 DEFAULT CHARSET=utf8 COLLATE=utf8_unicode_ci;

/*Data for the table `patient_tests` */

insert  into `patient_tests`(`ID`,`LabRefNo`,`PatientID`,`PatientTypeID`,`ConsultantID`,`Name`,`FName`,`Age`,`GenderID`,`ContactNo`,`TotalAmount`,`Discount`,`Tax`,`TotalPaid`,`Test_Date`,`ResDeliveryDate`,`DateAdded`,`DateUpdated`,`TestAddedBy`,`TestStatus`,`IsActive`) values (11,'LAB-005',1,1,1,NULL,NULL,NULL,NULL,NULL,'845','45','0','800','2015-12-15 14:52:15','0000-00-00 00:00:00','2015-11-27 05:51:37','0000-00-00 00:00:00',1,4,1),(12,'LAB-006',121,1,2,NULL,NULL,NULL,NULL,NULL,'545','45','0','500','2015-12-15 13:21:41','2015-12-03 15:46:10','2015-11-28 06:17:11','0000-00-00 00:00:00',1,4,1),(13,'LAB-007',1,1,1,NULL,NULL,NULL,NULL,NULL,'545','45','0','500','2015-12-07 12:22:32','0000-00-00 00:00:00','2015-11-28 06:32:05','0000-00-00 00:00:00',1,4,1),(14,'LAB-008',1,1,1,NULL,NULL,NULL,NULL,NULL,'545','45','0','500','2015-11-28 15:07:57','0000-00-00 00:00:00','2015-11-28 06:34:58','0000-00-00 00:00:00',1,4,1),(15,'LAB-009',1,1,1,NULL,NULL,NULL,NULL,NULL,'500','50','0','450','2015-12-15 14:51:59','0000-00-00 00:00:00','2015-11-28 06:36:11','0000-00-00 00:00:00',1,4,1),(16,'LAB-010',1,1,1,NULL,NULL,NULL,NULL,NULL,'545','45','0','500','2015-12-15 15:43:59','0000-00-00 00:00:00','2015-11-28 06:46:35','0000-00-00 00:00:00',1,3,1),(17,'LAB-011',111,1,1,NULL,NULL,NULL,NULL,NULL,'500','20','0','480','2015-12-30 15:48:59','0000-00-00 00:00:00','2015-11-28 11:34:02','0000-00-00 00:00:00',1,4,1),(18,'LAB-012',127,1,2,NULL,NULL,NULL,NULL,NULL,'1253','0','0','1253','2015-12-30 15:19:08','0000-00-00 00:00:00','2015-12-02 14:52:56','0000-00-00 00:00:00',1,4,1),(19,'LAB-013',126,1,1,NULL,NULL,NULL,NULL,NULL,'369','0','0','369','2015-12-30 15:27:29','0000-00-00 00:00:00','2015-12-02 15:48:17','0000-00-00 00:00:00',1,4,1),(20,'LAB-014',123,1,2,NULL,NULL,NULL,NULL,NULL,'669','0','0','669','2015-12-30 10:24:52','0000-00-00 00:00:00','2015-12-02 16:11:30','0000-00-00 00:00:00',1,4,1),(21,'LAB-015',18,1,2,NULL,NULL,NULL,NULL,NULL,'345','0','0','345','2015-12-16 11:10:53','2015-12-03 12:30:00','2015-12-03 12:09:16','0000-00-00 00:00:00',1,2,1),(22,'LAB-016',100,2,2,NULL,NULL,NULL,NULL,NULL,'2500','0','0','0','2015-12-03 12:12:30','2015-12-03 01:00:00','2015-12-03 12:12:31','0000-00-00 00:00:00',1,1,1),(23,'LAB-016',NULL,2,2,'Sabir',NULL,20,1,'03009348361','1500','0','0','1500','2015-12-03 12:16:39','2015-12-03 04:00:00','2015-12-03 12:16:40','0000-00-00 00:00:00',1,1,1),(24,'LAB-017',130,1,1,NULL,NULL,NULL,NULL,NULL,'1253','0','0','1253','2015-12-16 11:11:13','2015-12-04 09:00:00','2015-12-04 12:14:54','0000-00-00 00:00:00',1,2,1),(25,'LAB-018',115,2,2,NULL,NULL,NULL,NULL,NULL,'324','0','0','0','2015-12-16 11:11:25','2015-12-05 07:00:00','2015-12-04 14:55:11','0000-00-00 00:00:00',1,2,1),(26,'LAB-019',115,2,2,NULL,NULL,NULL,NULL,NULL,'1624','0','0','0','2015-12-16 11:11:42','2015-12-06 12:00:00','2015-12-04 16:50:21','0000-00-00 00:00:00',1,2,1),(27,'LAB-019',115,2,2,NULL,NULL,NULL,NULL,NULL,'1624','0','0','0','2015-12-04 16:50:20','2015-12-06 12:00:00','2015-12-04 16:50:21','0000-00-00 00:00:00',1,1,1),(28,'LAB-020',134,1,2,NULL,NULL,NULL,NULL,NULL,'624','0','0','624','2015-12-05 10:18:50','2015-12-05 10:15:00','2015-12-05 10:12:37','0000-00-00 00:00:00',1,3,1),(32,'LAB-022',137,2,2,NULL,NULL,NULL,NULL,NULL,'1253','0','0','0','2015-12-17 16:12:27','2015-12-05 11:10:00','2015-12-05 11:08:33','0000-00-00 00:00:00',1,3,1),(33,'LAB-023',NULL,2,2,'Saifor',NULL,55,1,'03009348361','2500','100','0','2400','2015-12-16 11:16:32','2015-12-05 11:00:00','2015-12-05 11:15:58','0000-00-00 00:00:00',1,3,1),(34,'LAB-024',137,2,2,NULL,NULL,NULL,NULL,NULL,'2000','0','0','0','2015-12-21 11:05:54','2015-12-05 11:30:00','2015-12-05 11:28:19','0000-00-00 00:00:00',1,3,1),(35,'LAB-025',142,1,2,NULL,NULL,NULL,NULL,NULL,'1300','0','0','1300','2015-12-12 12:06:44','2015-12-12 02:00:00','2015-12-12 12:03:59','0000-00-00 00:00:00',1,4,1),(36,'LAB-026',131,1,2,NULL,NULL,NULL,NULL,NULL,'2794','453','0','2341','2015-12-16 11:12:44','2015-12-12 12:00:00','2015-12-12 15:08:59','0000-00-00 00:00:00',14,2,1),(37,'LAB-027',140,1,3,NULL,NULL,NULL,NULL,NULL,'54','0','0','54','2015-12-16 11:12:52','2015-12-12 12:00:00','2015-12-12 15:17:43','0000-00-00 00:00:00',14,2,1),(38,'LAB-028',131,1,2,NULL,NULL,NULL,NULL,NULL,'23','0','0','23','2015-12-16 11:13:04','2015-12-12 12:00:00','2015-12-12 15:18:16','0000-00-00 00:00:00',14,2,1),(39,'LAB-029',141,1,1,NULL,NULL,NULL,NULL,NULL,'753','0','0','753','2015-12-17 16:05:44','2015-12-12 12:00:00','2015-12-12 15:20:47','0000-00-00 00:00:00',1,3,1),(40,'LAB-030',141,1,1,NULL,NULL,NULL,NULL,NULL,'54','0','0','54','2015-12-12 15:38:33','2015-12-12 12:00:00','2015-12-12 15:38:36','0000-00-00 00:00:00',14,1,1),(41,'LAB-031',141,1,1,NULL,NULL,NULL,NULL,NULL,'753','0','0','753','2015-12-12 15:42:30','2015-12-30 12:00:00','2015-12-12 15:42:32','0000-00-00 00:00:00',1,1,1),(42,'LAB-032',141,1,1,NULL,NULL,NULL,NULL,NULL,'453','0','0','453','2015-12-12 16:07:41','2015-12-30 12:00:00','2015-12-12 16:07:43','0000-00-00 00:00:00',14,1,1),(43,'LAB-033',141,1,1,NULL,NULL,NULL,NULL,NULL,'324','0','0','324','2015-12-12 16:08:46','2015-12-12 12:00:00','2015-12-12 16:08:50','0000-00-00 00:00:00',14,1,1),(44,'LAB-034',141,1,1,NULL,NULL,NULL,NULL,NULL,'54','0','0','54','2015-12-12 16:13:34','2015-12-12 12:00:00','2015-12-12 16:13:38','0000-00-00 00:00:00',14,1,1),(45,'LAB-035',140,1,3,NULL,NULL,NULL,NULL,NULL,'99','0','0','99','2015-12-14 10:32:47','2015-12-29 12:00:00','2015-12-14 10:32:48','0000-00-00 00:00:00',14,1,1),(46,'LAB-036',58,2,2,NULL,NULL,NULL,NULL,NULL,'68','0','0','0','2015-12-14 10:33:24','2015-12-17 12:00:00','2015-12-14 10:33:24','0000-00-00 00:00:00',4,1,1),(47,'LAB-037',131,1,2,NULL,NULL,NULL,NULL,NULL,'1500','0','0','1500','2015-12-14 11:53:44','2015-12-16 12:00:00','2015-12-14 11:53:45','0000-00-00 00:00:00',14,1,1),(48,'LAB-038',130,1,1,NULL,NULL,NULL,NULL,NULL,'369','0','0','369','2015-12-14 11:58:01','2015-12-14 12:00:00','2015-12-14 11:58:02','0000-00-00 00:00:00',14,1,1),(49,'LAB-039',54,2,2,NULL,NULL,NULL,NULL,NULL,'1324','0','0','0','2015-12-14 11:58:42','2015-12-16 12:00:00','2015-12-14 11:58:43','0000-00-00 00:00:00',14,1,1),(50,'LAB-040',54,2,2,NULL,NULL,NULL,NULL,NULL,'334','0','0','0','2015-12-14 12:02:55','2015-12-14 12:00:00','2015-12-14 12:02:56','0000-00-00 00:00:00',14,1,1),(51,'LAB-041',54,2,2,NULL,NULL,NULL,NULL,NULL,'45','0','0','0','2015-12-14 12:06:05','2015-12-15 12:00:00','2015-12-14 12:06:06','0000-00-00 00:00:00',14,1,1),(52,'LAB-042',152,1,2,NULL,NULL,NULL,NULL,NULL,'1300','0','0','1300','2015-12-14 14:55:37','2015-12-14 03:00:00','2015-12-14 14:55:33','0000-00-00 00:00:00',1,1,1),(53,'LAB-043',153,1,2,NULL,NULL,NULL,NULL,NULL,'323','0','0','323','2015-12-14 16:21:44','2015-12-14 12:00:00','2015-12-14 16:21:45','0000-00-00 00:00:00',14,1,1),(54,'LAB-044',153,1,2,NULL,NULL,NULL,NULL,NULL,'1624','0','0','1624','2015-12-15 11:18:20','2015-12-15 12:00:00','2015-12-15 11:18:19','0000-00-00 00:00:00',14,1,1),(55,'LAB-045',153,1,2,NULL,NULL,NULL,NULL,NULL,'800','0','0','800','2015-12-15 14:51:50','2015-12-15 12:00:00','2015-12-15 11:23:37','0000-00-00 00:00:00',14,2,1),(56,'LAB-046',156,1,2,NULL,NULL,NULL,NULL,NULL,'369','0','0','369','2015-12-15 11:44:24','2015-12-15 12:00:00','2015-12-15 11:26:32','0000-00-00 00:00:00',14,3,1),(57,'LAB-047',154,1,2,NULL,NULL,NULL,NULL,NULL,'54','0','0','54','2015-12-15 11:29:06','2015-12-15 12:00:00','2015-12-15 11:29:05','0000-00-00 00:00:00',14,1,1),(58,'LAB-048',157,1,2,NULL,NULL,NULL,NULL,NULL,'753','0','0','753','2015-12-22 14:54:31','2015-12-14 11:00:00','2015-12-15 11:35:47','0000-00-00 00:00:00',1,3,1),(59,'LAB-049',159,1,3,NULL,NULL,NULL,NULL,NULL,'554','0','0','554','2015-12-15 14:41:52','2015-12-15 04:00:00','2015-12-15 14:39:49','0000-00-00 00:00:00',14,3,1),(60,'LAB-050',25,2,3,NULL,NULL,NULL,NULL,NULL,'45','0','0','0','2015-12-15 15:02:37','2015-12-15 04:00:00','2015-12-15 15:02:37','0000-00-00 00:00:00',1,1,1),(61,'LAB-051',NULL,2,1,'walayat',NULL,22,1,'20225646545','300','0','0','300','2015-12-15 15:14:46','2015-12-15 04:00:00','2015-12-15 15:14:46','0000-00-00 00:00:00',1,1,1),(62,'LAB-052',160,1,3,NULL,NULL,NULL,NULL,NULL,'507','0','0','507','2015-12-15 15:20:43','2015-12-15 03:20:00','2015-12-15 15:19:51','0000-00-00 00:00:00',14,2,1),(63,'LAB-053',147,1,2,NULL,NULL,NULL,NULL,NULL,'324','0','0','324','2015-12-15 15:22:54','2015-12-15 04:00:00','2015-12-15 15:22:54','0000-00-00 00:00:00',1,1,1),(64,'LAB-054',147,1,2,NULL,NULL,NULL,NULL,NULL,'753','0','0','753','2015-12-15 16:14:19','2015-12-15 12:00:00','2015-12-15 16:14:21','0000-00-00 00:00:00',16,1,1),(65,'LAB-055',163,1,3,NULL,NULL,NULL,NULL,NULL,'624','0','0','624','2015-12-16 15:56:09','2015-12-16 03:50:00','2015-12-16 15:51:24','0000-00-00 00:00:00',1,4,1),(66,'LAB-056',164,2,1,NULL,NULL,NULL,NULL,NULL,'354','0','0','0','2015-12-16 16:51:28','2015-12-16 12:00:00','2015-12-16 16:50:50','0000-00-00 00:00:00',14,3,1),(67,'LAB-057',210,1,2,NULL,NULL,NULL,NULL,NULL,'753','0','0','753','2015-12-21 14:52:29','2015-12-22 12:00:00','2015-12-21 14:46:15','0000-00-00 00:00:00',1,2,1),(68,'LAB-058',210,1,2,NULL,NULL,NULL,NULL,NULL,'0','0','0','0','2015-12-21 14:54:20','2015-12-22 12:00:00','2015-12-21 14:54:23','0000-00-00 00:00:00',1,1,1),(70,'LAB-059',NULL,2,3,'walayatkhan',NULL,24,1,'','1300','0','0','1300','2015-12-21 16:20:30','2015-12-21 05:00:00','2015-12-21 16:20:27','0000-00-00 00:00:00',1,1,1),(71,'LAB-060',NULL,2,3,'walayatkhan',NULL,30,1,'','45','0','0','45','2015-12-22 15:47:25','2015-12-22 06:00:00','2015-12-22 15:32:17','0000-00-00 00:00:00',1,3,1),(72,'LAB-061',NULL,2,3,'Sabir',NULL,30,1,'03009346213','1300','0','0','1300','2015-12-22 16:34:19','2015-12-22 06:00:00','2015-12-22 16:34:21','0000-00-00 00:00:00',1,1,1),(73,'LAB-062',NULL,2,1,'Sabir',NULL,30,1,'','1753','0','0','1753','2015-12-22 16:40:49','2015-12-22 07:00:00','2015-12-22 16:40:51','0000-00-00 00:00:00',1,1,1),(74,'LAB-063',NULL,2,3,'Samad',NULL,30,1,'','624','0','0','624','2015-12-22 16:41:38','2015-12-22 06:00:00','2015-12-22 16:41:40','0000-00-00 00:00:00',1,1,1),(75,'LAB-064',NULL,2,3,'Hayat',NULL,30,1,'','2753','53','0','2700','2015-12-22 16:56:32','2015-12-22 06:00:00','2015-12-22 16:56:34','0000-00-00 00:00:00',1,1,1),(76,'LAB-065',NULL,2,2,'Saqi',NULL,35,1,'','800','0','0','800','2015-12-23 10:56:18','2015-12-23 11:00:00','2015-12-23 10:56:20','0000-00-00 00:00:00',1,1,1),(77,'LAB-066',209,1,3,NULL,NULL,NULL,NULL,NULL,'700','0','0','700','2015-12-23 11:15:09','2015-12-23 12:00:00','2015-12-23 11:15:12','0000-00-00 00:00:00',1,1,1),(78,'LAB-067',NULL,2,3,'walayat',NULL,35,1,'','753','0','0','753','2015-12-23 11:34:10','2015-12-23 12:00:00','2015-12-23 11:34:12','0000-00-00 00:00:00',1,1,1),(79,'LAB-067',NULL,2,3,'walayat',NULL,35,1,'','753','0','0','753','2015-12-23 11:34:10','2015-12-23 12:00:00','2015-12-23 11:34:12','0000-00-00 00:00:00',1,1,1),(80,'LAB-067',NULL,2,3,'walayat',NULL,35,1,'','1622','0','0','1622','2015-12-23 11:35:47','2015-12-23 12:00:00','2015-12-23 11:35:49','0000-00-00 00:00:00',1,1,1),(81,'LAB-068',NULL,2,3,'walayatkhan',NULL,23,1,'','869','0','0','869','2015-12-23 11:37:42','2015-12-23 12:00:00','2015-12-23 11:37:44','0000-00-00 00:00:00',1,1,1),(82,'LAB-068',NULL,2,3,'walayatkhan',NULL,23,1,'','869','0','0','869','2015-12-23 11:37:43','2015-12-23 12:00:00','2015-12-23 11:37:44','0000-00-00 00:00:00',1,1,1),(83,'LAB-069',NULL,2,3,'samad kh',NULL,30,1,'03009346361','3000','1000','0','2000','2015-12-23 11:42:38','2015-12-23 12:00:00','2015-12-23 11:42:40','0000-00-00 00:00:00',1,1,1),(84,'LAB-070',NULL,2,3,'Khan',NULL,25,1,'09348361','2000','0','0','2000','2015-12-23 11:45:02','2015-12-23 12:00:00','2015-12-23 11:45:03','0000-00-00 00:00:00',1,1,1),(85,'LAB-071',NULL,2,2,'Saleem',NULL,25,1,'0300963445','753','0','0','753','2015-12-23 11:46:54','2015-12-23 12:00:00','2015-12-23 11:46:56','0000-00-00 00:00:00',1,1,1),(86,'LAB-072',NULL,2,6,'PakistaniWilayat',NULL,26,1,'2313562312','953','50','0','903','2015-12-23 11:51:09','2015-12-23 12:20:00','2015-12-23 11:51:11','0000-00-00 00:00:00',1,1,1),(87,'LAB-073',NULL,2,1,'Walayat',NULL,23,1,'13213213','953','0','0','953','2015-12-23 12:04:51','2015-12-31 12:00:00','2015-12-23 12:04:53','0000-00-00 00:00:00',1,1,1),(88,'LAB-074',NULL,2,6,'Test',NULL,22,1,'2132','200','0','0','200','2015-12-23 12:06:26','2015-12-23 12:00:00','2015-12-23 12:06:29','0000-00-00 00:00:00',1,1,1),(89,'LAB-075',NULL,2,6,'gdfgdf',NULL,223,1,'','200','0','0','200','2015-12-23 12:12:46','2015-12-30 12:00:00','2015-12-23 12:12:48','0000-00-00 00:00:00',1,1,1),(90,'LAB-076',NULL,2,1,'poora',NULL,23,1,'262333','200','0','0','200','2015-12-23 12:17:07','2015-12-23 12:00:00','2015-12-23 12:17:10','0000-00-00 00:00:00',1,1,1),(91,'LAB-077',NULL,2,1,'AngularJS',NULL,123,2,'213123','99','60','0','39','2015-12-23 12:20:23','2015-12-23 12:00:00','2015-12-23 12:20:26','0000-00-00 00:00:00',1,1,1),(92,'LAB-078',NULL,2,2,'ksfsdfsd',NULL,23,1,'23','88','0','0','88','2015-12-23 12:25:46','2015-12-23 12:00:00','2015-12-23 12:25:49','0000-00-00 00:00:00',1,1,1),(93,'LAB-079',NULL,2,3,'walayat khan',NULL,122,1,'0300233333','753','0','0','753','2015-12-23 12:30:39','2015-12-23 12:00:00','2015-12-23 12:30:41','0000-00-00 00:00:00',1,1,1),(94,'LAB-080',NULL,2,3,'Sabir',NULL,233,1,'03009345862','753','0','0','753','2015-12-23 12:38:38','2015-12-23 12:00:00','2015-12-23 12:38:40','0000-00-00 00:00:00',1,1,1),(95,'LAB-081',NULL,2,2,'walayat',NULL,32,1,'30000000','869','0','0','869','2015-12-23 12:41:35','2015-12-23 12:00:00','2015-12-23 12:41:37','0000-00-00 00:00:00',1,1,1),(96,'LAB-082',NULL,2,2,'haji saib',NULL,12,1,'030004564555','753','0','0','753','2015-12-23 12:46:29','2015-12-23 12:00:00','2015-12-23 12:46:31','0000-00-00 00:00:00',1,1,1),(97,'LAB-083',NULL,2,2,'walayat',NULL,20,1,'0300251326','2000','0','0','2000','2015-12-23 12:49:18','2015-12-23 12:00:00','2015-12-23 12:49:20','0000-00-00 00:00:00',1,1,1),(98,'LAB-084',NULL,2,3,'safi',NULL,12,1,'3005444445','753','0','0','753','2015-12-23 12:53:39','2015-12-23 12:00:00','2015-12-23 12:53:41','0000-00-00 00:00:00',1,1,1),(99,'LAB-085',212,1,2,NULL,NULL,NULL,NULL,NULL,'5753','0','0','5753','2015-12-25 12:32:33','2015-12-25 01:00:00','2015-12-25 10:42:19','0000-00-00 00:00:00',1,4,1),(100,'LAB-086',213,1,2,NULL,NULL,NULL,NULL,NULL,'2000','0','0','2000','2015-12-30 15:26:05','2015-12-25 02:00:00','2015-12-25 12:19:01','0000-00-00 00:00:00',1,3,1),(101,'LAB-087',219,1,2,NULL,NULL,NULL,NULL,NULL,'753','0','0','753','2015-12-26 11:50:44','2015-12-26 12:00:00','2015-12-26 11:50:45','0000-00-00 00:00:00',1,1,1),(102,'LAB-087',219,1,2,NULL,NULL,NULL,NULL,NULL,'2000','0','0','2000','2015-12-26 11:51:52','2015-12-26 02:00:00','2015-12-26 11:51:53','0000-00-00 00:00:00',1,1,1),(103,'LAB-087',220,1,6,NULL,NULL,NULL,NULL,NULL,'824','0','0','824','2015-12-26 11:53:48','2015-12-26 02:00:00','2015-12-26 11:53:49','0000-00-00 00:00:00',1,1,1),(104,'LAB-087',220,1,6,NULL,NULL,NULL,NULL,NULL,'2045','0','0','2045','2015-12-26 11:54:50','2015-12-26 02:00:00','2015-12-26 11:54:50','0000-00-00 00:00:00',1,1,1),(105,'LAB-088',243,1,2,NULL,NULL,NULL,NULL,NULL,'545','0','0','545','2015-12-30 15:24:52','2015-12-30 12:00:00','2015-12-30 10:04:38','0000-00-00 00:00:00',14,3,1),(106,'LAB-089',243,1,2,NULL,NULL,NULL,NULL,NULL,'545','0','0','545','2015-12-30 15:24:00','2015-12-30 12:00:00','2015-12-30 10:10:43','0000-00-00 00:00:00',14,3,1),(107,'LAB-088',243,1,2,NULL,NULL,NULL,NULL,NULL,'753','0','0','753','2015-12-30 15:27:37','2015-12-30 12:00:00','2015-12-30 10:12:49','0000-00-00 00:00:00',14,4,1),(108,'LAB-089',241,2,6,NULL,NULL,NULL,NULL,NULL,'545','0','0','0','2015-12-30 15:24:00','2015-12-30 12:00:00','2015-12-30 10:17:39','0000-00-00 00:00:00',14,3,1),(109,'LAB-090',244,1,2,NULL,NULL,NULL,NULL,NULL,'753','0','0','753','2015-12-30 14:43:20','2015-12-30 12:00:00','2015-12-30 10:41:12','0000-00-00 00:00:00',1,4,1),(110,'LAB-091',249,1,1,NULL,NULL,NULL,NULL,NULL,'545','0','0','545','2015-12-30 15:52:35','2015-12-30 12:00:00','2015-12-30 15:52:39','0000-00-00 00:00:00',14,1,1),(111,'LAB-092',NULL,2,3,'walayatkhan',NULL,20,1,'03009348361','2000','0','0','2000','2016-01-02 14:59:10','2016-01-02 04:00:00','2016-01-02 14:59:05','0000-00-00 00:00:00',14,1,1),(112,'LAB-093',NULL,2,3,'walayat',NULL,50,1,'03009345662','2045','0','0','2045','2016-01-02 15:02:05','2016-01-02 04:00:00','2016-01-02 15:02:00','0000-00-00 00:00:00',14,1,1),(113,'LAB-094',NULL,2,3,'Pure Black',NULL,50,2,'','2000','0','0','2000','2016-01-02 15:05:49','2016-01-02 04:00:00','2016-01-02 15:05:44','0000-00-00 00:00:00',14,1,1),(114,'LAB-095',NULL,2,3,'Afghan',NULL,45,1,'','2000','0','0','2000','2016-01-02 15:12:50','2016-01-02 04:00:00','2016-01-02 15:12:45','0000-00-00 00:00:00',14,1,1),(115,'LAB-096',NULL,2,3,'Safdar khan',NULL,500,1,'03009348361','2000','0','0','2000','2016-01-02 15:16:46','2016-01-02 04:00:00','2016-01-02 15:16:40','0000-00-00 00:00:00',14,1,1),(116,'LAB-096',NULL,2,3,'Safdar khan',NULL,500,1,'03009348361','2000','0','0','2000','2016-01-02 15:16:46','2016-01-02 04:00:00','2016-01-02 15:16:40','0000-00-00 00:00:00',14,1,1),(117,'LAB-097',NULL,2,3,'Alif Khan','BeKhan',30,1,'0300964551','2000','0','0','2000','2016-01-02 15:31:03','2016-01-02 04:00:00','2016-01-02 15:30:58','0000-00-00 00:00:00',14,1,1),(119,'LAB-098',NULL,2,2,'Zahid','Zaid',20,1,'03009348361','545','0','0','545','2016-01-02 15:32:57','2016-01-02 04:00:00','2016-01-02 15:32:52','0000-00-00 00:00:00',14,1,1),(120,'LAB-099',NULL,2,3,'Arif','Khan',50,1,'030096348631','2000','0','0','2000','2016-01-02 15:52:53','2016-01-02 04:00:00','2016-01-02 15:52:47','0000-00-00 00:00:00',14,1,1);

/*Table structure for table `patientrx` */

DROP TABLE IF EXISTS `patientrx`;

CREATE TABLE `patientrx` (
  `PatientRx_ID` int(10) unsigned NOT NULL AUTO_INCREMENT COMMENT 'Primary key',
  `Prescription_Ref` varchar(10) COLLATE utf8_unicode_ci NOT NULL,
  `Patient_type` int(11) NOT NULL,
  `PatientID` int(11) DEFAULT NULL,
  `Patient_Name` varchar(60) COLLATE utf8_unicode_ci DEFAULT NULL,
  `Age` int(11) DEFAULT NULL,
  `GenderID` int(11) DEFAULT NULL,
  `ContactNo` varchar(15) COLLATE utf8_unicode_ci DEFAULT NULL,
  `Total_Amount` decimal(10,0) NOT NULL DEFAULT '0',
  `Discount` decimal(10,0) NOT NULL DEFAULT '0',
  `Tax` decimal(10,0) NOT NULL DEFAULT '0',
  `Total_Paid` decimal(10,0) NOT NULL DEFAULT '0',
  `RxAddedBy` int(11) NOT NULL,
  `DateAdded` timestamp NOT NULL DEFAULT CURRENT_TIMESTAMP ON UPDATE CURRENT_TIMESTAMP,
  `DateUpdated` timestamp NOT NULL DEFAULT '0000-00-00 00:00:00',
  PRIMARY KEY (`PatientRx_ID`)
) ENGINE=InnoDB AUTO_INCREMENT=283 DEFAULT CHARSET=utf8 COLLATE=utf8_unicode_ci;

/*Data for the table `patientrx` */

insert  into `patientrx`(`PatientRx_ID`,`Prescription_Ref`,`Patient_type`,`PatientID`,`Patient_Name`,`Age`,`GenderID`,`ContactNo`,`Total_Amount`,`Discount`,`Tax`,`Total_Paid`,`RxAddedBy`,`DateAdded`,`DateUpdated`) values (99,'PRE-001',1,17,NULL,NULL,NULL,NULL,'1500','0','0','1500',1,'2015-12-08 12:54:31','0000-00-00 00:00:00'),(105,'PRE-002',1,18,NULL,NULL,NULL,NULL,'550','0','0','550',1,'2015-12-08 12:54:32','0000-00-00 00:00:00'),(110,'PRE-003',1,42,NULL,NULL,NULL,NULL,'460','0','0','460',1,'2015-12-08 12:54:32','0000-00-00 00:00:00'),(111,'PRE-004',1,57,NULL,NULL,NULL,NULL,'39680','0','0','39680',1,'2015-12-08 12:54:33','0000-00-00 00:00:00'),(112,'PRE-005',1,56,NULL,NULL,NULL,NULL,'20','0','0','20',1,'2015-12-08 12:54:34','0000-00-00 00:00:00'),(113,'PRE-006',1,56,NULL,NULL,NULL,NULL,'30','0','0','30',1,'2015-12-08 12:54:33','0000-00-00 00:00:00'),(114,'PRE-007',1,57,NULL,NULL,NULL,NULL,'30','0','0','30',1,'2015-12-08 12:54:35','0000-00-00 00:00:00'),(116,'PRE-008',1,103,NULL,NULL,NULL,NULL,'270','0','0','270',1,'2015-12-08 12:54:36','0000-00-00 00:00:00'),(117,'PRE-009',1,106,NULL,NULL,NULL,NULL,'6250','0','0','6250',1,'2015-12-08 12:54:37','0000-00-00 00:00:00'),(118,'PRE-010',1,105,NULL,NULL,NULL,NULL,'200','0','0','200',1,'2015-12-08 12:54:37','0000-00-00 00:00:00'),(119,'PRE-011',1,110,NULL,NULL,NULL,NULL,'100','0','0','100',1,'2015-12-08 12:54:38','0000-00-00 00:00:00'),(120,'PRE-012',1,110,NULL,NULL,NULL,NULL,'500','0','0','500',1,'2015-12-08 12:54:38','0000-00-00 00:00:00'),(121,'PRE-013',1,1,NULL,NULL,NULL,NULL,'60','0','0','600',1,'2015-12-08 12:54:39','0000-00-00 00:00:00'),(123,'PRE-014',1,117,NULL,NULL,NULL,NULL,'1600','0','0','1600',1,'2015-12-08 12:54:39','0000-00-00 00:00:00'),(124,'PRE-015',1,121,NULL,NULL,NULL,NULL,'3325','0','0','3325',1,'2015-12-08 12:54:40','0000-00-00 00:00:00'),(125,'PRE-016',1,127,NULL,NULL,NULL,NULL,'2670','0','0','2670',1,'2015-12-08 12:54:41','0000-00-00 00:00:00'),(126,'PRE-017',1,126,NULL,NULL,NULL,NULL,'520','0','0','520',1,'2015-12-08 12:54:41','0000-00-00 00:00:00'),(127,'PRE-018',1,126,NULL,NULL,NULL,NULL,'19000','0','0','19000',1,'2015-12-08 12:54:42','0000-00-00 00:00:00'),(128,'PRE-019',1,126,NULL,NULL,NULL,NULL,'300','0','0','300',1,'2015-12-08 12:54:42','0000-00-00 00:00:00'),(129,'PRE-020',1,128,NULL,NULL,NULL,NULL,'520','0','0','520',1,'2015-12-08 12:54:43','0000-00-00 00:00:00'),(130,'PRE-021',1,128,NULL,NULL,NULL,NULL,'1100','0','0','1100',1,'2015-12-08 12:54:44','0000-00-00 00:00:00'),(131,'PRE-022',1,130,NULL,NULL,NULL,NULL,'520','0','0','520',1,'2015-12-08 12:54:44','0000-00-00 00:00:00'),(132,'PRE-023',1,130,NULL,NULL,NULL,NULL,'2700','0','0','2700',1,'2015-12-08 12:54:45','0000-00-00 00:00:00'),(133,'PRE-024',2,NULL,NULL,NULL,NULL,NULL,'1350','0','0','1350',1,'2015-12-08 12:54:46','0000-00-00 00:00:00'),(134,'PRE-025',2,NULL,NULL,NULL,NULL,NULL,'3900','0','0','3900',1,'2015-12-08 12:54:47','0000-00-00 00:00:00'),(135,'PRE-026',1,138,NULL,NULL,NULL,NULL,'52','0','0','52',1,'2015-12-08 12:54:47','0000-00-00 00:00:00'),(136,'PRE-027',1,139,NULL,NULL,NULL,NULL,'110','0','0','110',1,'2015-12-08 12:54:48','0000-00-00 00:00:00'),(137,'PRE-028',1,131,NULL,NULL,NULL,NULL,'4300','0','0','4300',1,'2015-12-08 12:54:48','0000-00-00 00:00:00'),(141,'PRE-031',2,NULL,'janan',30,1,'03006832231','1100','0','0','1100',1,'2015-12-08 12:54:49','0000-00-00 00:00:00'),(142,'PRE-032',1,140,NULL,NULL,NULL,NULL,'620','0','0','620',1,'2015-12-08 12:54:50','0000-00-00 00:00:00'),(143,'PRE-033',1,140,NULL,NULL,NULL,NULL,'160','0','0','160',1,'2015-12-08 12:54:07','0000-00-00 00:00:00'),(144,'PRE-034',2,137,NULL,NULL,NULL,NULL,'50','0','0','50',1,'2015-12-08 13:02:58','0000-00-00 00:00:00'),(147,'PRE-036',1,140,NULL,NULL,NULL,NULL,'220','0','0','220',1,'2015-12-09 14:31:20','0000-00-00 00:00:00'),(152,'PRE-041',1,140,NULL,NULL,NULL,NULL,'300','0','0','300',1,'2015-12-09 15:16:14','0000-00-00 00:00:00'),(153,'PRE-042',1,142,NULL,NULL,NULL,NULL,'600','0','0','600',1,'2015-12-12 12:08:29','0000-00-00 00:00:00'),(154,'PRE-043',1,8,NULL,NULL,NULL,NULL,'2365','0','0','2365',16,'2015-12-12 16:00:12','0000-00-00 00:00:00'),(155,'PRE-044',1,16,NULL,NULL,NULL,NULL,'1740','0','0','1740',16,'2015-12-12 16:00:40','0000-00-00 00:00:00'),(156,'PRE-045',1,1,NULL,NULL,NULL,NULL,'59950','0','0','59950',16,'2015-12-12 16:03:11','0000-00-00 00:00:00'),(157,'PRE-046',1,152,NULL,NULL,NULL,NULL,'670','0','0','670',1,'2015-12-14 14:41:04','0000-00-00 00:00:00'),(159,'PRE-047',1,8,NULL,NULL,NULL,NULL,'820','0','0','820',16,'2015-12-14 14:59:46','0000-00-00 00:00:00'),(160,'PRE-048',2,98,NULL,NULL,NULL,NULL,'3250','0','0','3250',16,'2015-12-14 15:00:35','0000-00-00 00:00:00'),(161,'PRE-049',2,54,NULL,NULL,NULL,NULL,'2800','0','0','2800',16,'2015-12-14 15:01:05','0000-00-00 00:00:00'),(162,'PRE-050',1,1,NULL,NULL,NULL,NULL,'3520','0','0','3520',16,'2015-12-14 15:01:35','0000-00-00 00:00:00'),(163,'PRE-051',1,1,NULL,NULL,NULL,NULL,'16400','0','0','16400',16,'2015-12-14 15:04:29','0000-00-00 00:00:00'),(164,'PRE-052',2,54,NULL,NULL,NULL,NULL,'2040','0','0','2040',16,'2015-12-14 15:22:16','0000-00-00 00:00:00'),(165,'PRE-053',2,NULL,'ali',20,1,'030063945320','660','60','0','600',1,'2015-12-15 11:28:35','0000-00-00 00:00:00'),(166,'PRE-054',2,NULL,'Iftik',30,1,'03006354321','180','80','0','100',1,'2015-12-15 11:28:21','0000-00-00 00:00:00'),(167,'PRE-055',1,157,NULL,NULL,NULL,NULL,'8200','0','0','8200',16,'2015-12-15 11:31:43','0000-00-00 00:00:00'),(168,'PRE-056',1,157,NULL,NULL,NULL,NULL,'15615','0','0','15615',16,'2015-12-15 12:00:55','0000-00-00 00:00:00'),(169,'PRE-057',2,137,NULL,NULL,NULL,NULL,'1540','0','0','1540',16,'2015-12-15 12:31:00','0000-00-00 00:00:00'),(171,'PRE-058',1,156,NULL,NULL,NULL,NULL,'47','0','0','47',16,'2015-12-15 12:33:46','0000-00-00 00:00:00'),(172,'PRE-059',1,159,NULL,NULL,NULL,NULL,'1115','0','0','1115',16,'2015-12-15 14:44:07','0000-00-00 00:00:00'),(173,'PRE-060',1,160,NULL,NULL,NULL,NULL,'342','0','0','342',16,'2015-12-15 15:16:08','0000-00-00 00:00:00'),(174,'PRE-061',1,161,NULL,NULL,NULL,NULL,'4020','0','0','4020',16,'2015-12-15 15:18:52','0000-00-00 00:00:00'),(175,'PRE-062',1,160,NULL,NULL,NULL,NULL,'14700','0','0','14700',16,'2015-12-15 15:20:46','0000-00-00 00:00:00'),(176,'PRE-063',1,163,NULL,NULL,NULL,NULL,'504','0','0','504',1,'2015-12-16 15:50:01','0000-00-00 00:00:00'),(177,'PRE-064',2,164,NULL,NULL,NULL,NULL,'170','0','0','170',16,'2015-12-16 16:52:23','0000-00-00 00:00:00'),(178,'PRE-065',1,170,NULL,NULL,NULL,NULL,'2700','0','0','2700',16,'2015-12-17 12:45:57','0000-00-00 00:00:00'),(179,'PRE-066',1,170,NULL,NULL,NULL,NULL,'358500','0','0','358500',16,'2015-12-17 12:47:59','0000-00-00 00:00:00'),(180,'PRE-067',1,170,NULL,NULL,NULL,NULL,'282','0','0','282',16,'2015-12-17 12:48:40','0000-00-00 00:00:00'),(181,'PRE-068',1,169,NULL,NULL,NULL,NULL,'800','0','0','800',16,'2015-12-17 12:58:55','0000-00-00 00:00:00'),(182,'PRE-069',1,169,NULL,NULL,NULL,NULL,'1360','0','0','1360',16,'2015-12-17 13:00:29','0000-00-00 00:00:00'),(183,'PRE-070',1,169,NULL,NULL,NULL,NULL,'1190','0','0','1190',16,'2015-12-17 13:02:30','0000-00-00 00:00:00'),(184,'PRE-071',1,169,NULL,NULL,NULL,NULL,'1050','0','0','1050',16,'2015-12-17 13:05:54','0000-00-00 00:00:00'),(185,'PRE-072',1,1,NULL,NULL,NULL,NULL,'185','0','0','185',1,'2015-12-17 13:12:29','0000-00-00 00:00:00'),(186,'PRE-073',1,1,NULL,NULL,NULL,NULL,'25','0','0','25',1,'2015-12-17 13:13:34','0000-00-00 00:00:00'),(187,'PRE-074',1,1,NULL,NULL,NULL,NULL,'25','0','0','25',1,'2015-12-17 13:15:13','0000-00-00 00:00:00'),(188,'PRE-075',1,1,NULL,NULL,NULL,NULL,'25','0','0','25',1,'2015-12-17 13:18:47','0000-00-00 00:00:00'),(189,'PRE-076',1,1,NULL,NULL,NULL,NULL,'25','0','0','25',1,'2015-12-17 13:20:24','0000-00-00 00:00:00'),(190,'PRE-077',1,1,NULL,NULL,NULL,NULL,'485','0','0','485',1,'2015-12-17 13:34:34','0000-00-00 00:00:00'),(192,'PRE-078',1,1,NULL,NULL,NULL,NULL,'80','0','0','80',1,'2015-12-17 13:35:47','0000-00-00 00:00:00'),(193,'PRE-079',1,1,NULL,NULL,NULL,NULL,'50','0','0','50',1,'2015-12-17 13:36:11','0000-00-00 00:00:00'),(194,'PRE-080',1,1,NULL,NULL,NULL,NULL,'25','0','0','25',1,'2015-12-17 13:36:55','0000-00-00 00:00:00'),(195,'PRE-081',1,1,NULL,NULL,NULL,NULL,'25','0','0','25',1,'2015-12-17 13:37:17','0000-00-00 00:00:00'),(197,'PRE-082',1,1,NULL,NULL,NULL,NULL,'25','0','0','25',1,'2015-12-17 13:39:47','0000-00-00 00:00:00'),(198,'PRE-083',1,1,NULL,NULL,NULL,NULL,'25','0','0','25',1,'2015-12-17 13:40:10','0000-00-00 00:00:00'),(199,'PRE-084',1,1,NULL,NULL,NULL,NULL,'25','0','0','25',1,'2015-12-17 14:32:27','0000-00-00 00:00:00'),(200,'PRE-085',1,1,NULL,NULL,NULL,NULL,'25','0','0','25',1,'2015-12-17 14:32:47','0000-00-00 00:00:00'),(201,'PRE-086',1,1,NULL,NULL,NULL,NULL,'80','0','0','80',1,'2015-12-17 14:44:59','0000-00-00 00:00:00'),(203,'PRE-087',1,1,NULL,NULL,NULL,NULL,'25','0','0','25',1,'2015-12-17 14:45:42','0000-00-00 00:00:00'),(204,'PRE-088',1,1,NULL,NULL,NULL,NULL,'25','0','0','25',1,'2015-12-17 14:46:44','0000-00-00 00:00:00'),(206,'PRE-089',1,8,NULL,NULL,NULL,NULL,'25','0','0','25',1,'2015-12-17 15:01:21','0000-00-00 00:00:00'),(208,'PRE-090',1,8,NULL,NULL,NULL,NULL,'185','0','0','185',1,'2015-12-17 15:41:10','0000-00-00 00:00:00'),(210,'PRE-091',1,1,NULL,NULL,NULL,NULL,'25','0','0','25',1,'2015-12-18 10:25:14','0000-00-00 00:00:00'),(211,'PRE-092',1,1,NULL,NULL,NULL,NULL,'25','0','0','25',1,'2015-12-18 10:26:24','0000-00-00 00:00:00'),(212,'PRE-093',1,1,NULL,NULL,NULL,NULL,'50','0','0','50',1,'2015-12-18 10:27:16','0000-00-00 00:00:00'),(213,'PRE-094',1,1,NULL,NULL,NULL,NULL,'300','0','0','300',1,'2015-12-18 10:28:10','0000-00-00 00:00:00'),(214,'PRE-095',1,1,NULL,NULL,NULL,NULL,'80','0','0','80',1,'2015-12-18 10:28:29','0000-00-00 00:00:00'),(215,'PRE-096',1,1,NULL,NULL,NULL,NULL,'80','0','0','80',1,'2015-12-18 10:38:51','0000-00-00 00:00:00'),(216,'PRE-097',1,1,NULL,NULL,NULL,NULL,'80','0','0','80',1,'2015-12-18 10:41:03','0000-00-00 00:00:00'),(217,'PRE-098',1,1,NULL,NULL,NULL,NULL,'80','0','0','80',1,'2015-12-18 10:41:34','0000-00-00 00:00:00'),(218,'PRE-099',1,1,NULL,NULL,NULL,NULL,'70','0','0','70',1,'2015-12-18 10:42:18','0000-00-00 00:00:00'),(219,'PRE-100',1,1,NULL,NULL,NULL,NULL,'80','0','0','80',1,'2015-12-18 10:42:58','0000-00-00 00:00:00'),(220,'PRE-101',1,1,NULL,NULL,NULL,NULL,'80','0','0','80',1,'2015-12-18 10:43:45','0000-00-00 00:00:00'),(221,'PRE-102',1,1,NULL,NULL,NULL,NULL,'80','0','0','80',1,'2015-12-18 10:48:07','0000-00-00 00:00:00'),(222,'PRE-103',1,1,NULL,NULL,NULL,NULL,'80','0','0','80',1,'2015-12-18 10:48:51','0000-00-00 00:00:00'),(223,'PRE-104',1,1,NULL,NULL,NULL,NULL,'160','0','0','160',1,'2015-12-18 10:49:43','0000-00-00 00:00:00'),(224,'PRE-105',1,1,NULL,NULL,NULL,NULL,'80','0','0','80',1,'2015-12-18 10:50:44','0000-00-00 00:00:00'),(225,'PRE-106',1,1,NULL,NULL,NULL,NULL,'80','0','0','80',1,'2015-12-18 10:53:55','0000-00-00 00:00:00'),(226,'PRE-107',1,1,NULL,NULL,NULL,NULL,'80','0','0','80',1,'2015-12-18 10:56:51','0000-00-00 00:00:00'),(227,'PRE-108',1,1,NULL,NULL,NULL,NULL,'80','0','0','80',1,'2015-12-18 10:57:54','0000-00-00 00:00:00'),(230,'PRE-109',1,1,NULL,NULL,NULL,NULL,'240','0','0','240',1,'2015-12-18 11:05:43','0000-00-00 00:00:00'),(231,'PRE-110',2,25,NULL,NULL,NULL,NULL,'160','0','0','160',1,'2015-12-18 11:06:57','0000-00-00 00:00:00'),(232,'PRE-111',2,25,NULL,NULL,NULL,NULL,'160','0','0','160',1,'2015-12-18 11:09:58','0000-00-00 00:00:00'),(233,'PRE-112',2,25,NULL,NULL,NULL,NULL,'80','0','0','80',1,'2015-12-18 11:15:29','0000-00-00 00:00:00'),(235,'PRE-113',2,25,NULL,NULL,NULL,NULL,'600','0','0','600',1,'2015-12-18 11:16:56','0000-00-00 00:00:00'),(236,'PRE-114',2,25,NULL,NULL,NULL,NULL,'80','0','0','80',1,'2015-12-18 11:45:09','0000-00-00 00:00:00'),(237,'PRE-115',2,25,NULL,NULL,NULL,NULL,'80','0','0','80',1,'2015-12-18 11:49:56','0000-00-00 00:00:00'),(238,'PRE-116',2,25,NULL,NULL,NULL,NULL,'80','0','0','80',1,'2015-12-18 11:52:36','0000-00-00 00:00:00'),(239,'PRE-117',2,25,NULL,NULL,NULL,NULL,'160','0','0','160',1,'2015-12-18 11:56:34','0000-00-00 00:00:00'),(240,'PRE-118',2,25,NULL,NULL,NULL,NULL,'80','0','0','80',1,'2015-12-18 11:57:33','0000-00-00 00:00:00'),(241,'PRE-119',2,NULL,'w',44,1,'444','160','60','0','100',1,'2015-12-18 12:22:48','0000-00-00 00:00:00'),(242,'PRE-120',2,NULL,'b',44,1,'444','80','0','0','80',1,'2015-12-18 13:06:46','0000-00-00 00:00:00'),(243,'PRE-121',2,NULL,'qqq',44,1,'444','160','78','0','82',1,'2015-12-18 15:55:18','0000-00-00 00:00:00'),(244,'PRE-122',2,NULL,'wwwww',34,1,'3333','160','70','0','90',1,'2015-12-18 16:12:59','0000-00-00 00:00:00'),(245,'PRE-123',1,196,NULL,NULL,NULL,NULL,'3550','0','0','3195',1,'2015-12-22 15:12:01','0000-00-00 00:00:00'),(246,'PRE-124',2,NULL,'Sadiq',30,1,'03309365421','950','0','0','950',1,'2015-12-21 11:41:12','0000-00-00 00:00:00'),(249,'PRE-125',2,NULL,'iftik',20,1,'','600','0','0','600',1,'2015-12-21 12:03:54','0000-00-00 00:00:00'),(250,'PRE-126',1,17,NULL,NULL,NULL,NULL,'325','0','0','325',1,'2015-12-21 12:06:38','0000-00-00 00:00:00'),(253,'PRE-127',1,210,NULL,NULL,NULL,NULL,'4050','0','0','4050',1,'2015-12-21 12:19:53','0000-00-00 00:00:00'),(254,'PRE-128',1,210,NULL,NULL,NULL,NULL,'3600','0','0','3600',1,'2015-12-21 12:34:18','0000-00-00 00:00:00'),(255,'PRE-129',2,NULL,'Shafi',30,1,'','350','25','0','325',1,'2015-12-21 14:54:09','0000-00-00 00:00:00'),(256,'PRE-130',1,210,NULL,NULL,NULL,NULL,'300','0','0','300',1,'2015-12-21 15:56:51','0000-00-00 00:00:00'),(257,'PRE-131',1,211,NULL,NULL,NULL,NULL,'3000','0','0','3000',16,'2015-12-22 14:59:55','0000-00-00 00:00:00'),(258,'PRE-132',2,NULL,'walayatkhan',23,1,'','600','0','0','600',1,'2015-12-22 16:08:57','0000-00-00 00:00:00'),(259,'PRE-132',2,NULL,'walayatkhan',23,1,'','600','0','0','600',1,'2015-12-22 16:08:57','0000-00-00 00:00:00'),(260,'PRE-133',1,212,NULL,NULL,NULL,NULL,'2358','0','0','2358',1,'2015-12-25 10:37:30','0000-00-00 00:00:00'),(261,'PRE-134',1,212,NULL,NULL,NULL,NULL,'125','0','0','125',1,'2015-12-25 10:52:55','0000-00-00 00:00:00'),(262,'PRE-135',1,213,NULL,NULL,NULL,NULL,'820','0','0','820',1,'2015-12-25 12:17:30','0000-00-00 00:00:00'),(263,'PRE-136',1,219,NULL,NULL,NULL,NULL,'828','0','0','828',1,'2015-12-26 11:32:28','0000-00-00 00:00:00'),(264,'PRE-136',1,220,NULL,NULL,NULL,NULL,'1025','0','0','1025',1,'2015-12-26 11:33:26','0000-00-00 00:00:00'),(265,'PRE-136',1,219,NULL,NULL,NULL,NULL,'320','0','0','320',1,'2015-12-26 11:34:09','0000-00-00 00:00:00'),(266,'PRE-136',1,220,NULL,NULL,NULL,NULL,'356','0','0','356',1,'2015-12-26 11:49:06','0000-00-00 00:00:00'),(267,'PRE-137',1,236,NULL,NULL,NULL,NULL,'2075','0','0','2075',1,'2015-12-29 15:45:53','0000-00-00 00:00:00'),(268,'PRE-138',1,236,NULL,NULL,NULL,NULL,'405','0','0','405',1,'2015-12-29 15:53:21','0000-00-00 00:00:00'),(269,'PRE-137',1,236,NULL,NULL,NULL,NULL,'175','0','0','175',1,'2015-12-29 15:53:36','0000-00-00 00:00:00'),(270,'PRE-138',1,236,NULL,NULL,NULL,NULL,'405','0','0','405',1,'2015-12-29 15:58:49','0000-00-00 00:00:00'),(271,'PRE-139',1,249,NULL,NULL,NULL,NULL,'445','0','0','445',16,'2015-12-30 14:34:24','0000-00-00 00:00:00'),(272,'PRE-140',1,248,NULL,NULL,NULL,NULL,'600','0','0','600',16,'2015-12-30 15:05:39','0000-00-00 00:00:00'),(273,'PRE-141',1,249,NULL,NULL,NULL,NULL,'2160','0','0','2160',16,'2015-12-30 15:06:35','0000-00-00 00:00:00'),(274,'PRE-142',1,249,NULL,NULL,NULL,NULL,'2470','0','0','2470',16,'2015-12-30 15:11:27','0000-00-00 00:00:00'),(275,'PRE-143',2,240,NULL,NULL,NULL,NULL,'4050','0','0','4050',16,'2015-12-30 15:13:24','0000-00-00 00:00:00'),(276,'PRE-144',1,1,NULL,NULL,NULL,NULL,'500','0','0','500',16,'2015-12-30 15:55:12','0000-00-00 00:00:00'),(277,'PRE-145',1,249,NULL,NULL,NULL,NULL,'1050','0','0','1050',16,'2015-12-30 15:55:54','0000-00-00 00:00:00'),(278,'PRE-146',1,249,NULL,NULL,NULL,NULL,'3800','0','0','3800',1,'2015-12-30 15:58:40','0000-00-00 00:00:00'),(279,'PRE-147',1,8,NULL,NULL,NULL,NULL,'3250','0','0','3250',16,'2015-12-30 16:03:07','0000-00-00 00:00:00'),(280,'PRE-148',1,18,NULL,NULL,NULL,NULL,'3800','0','0','3800',16,'2015-12-30 16:05:45','0000-00-00 00:00:00'),(281,'PRE-149',1,245,NULL,NULL,NULL,NULL,'800','0','0','800',1,'2015-12-30 16:32:22','0000-00-00 00:00:00'),(282,'PRE-150',1,249,NULL,NULL,NULL,NULL,'3800','0','0','3800',16,'2015-12-30 16:46:34','0000-00-00 00:00:00');

/*Table structure for table `patientrx_lines` */

DROP TABLE IF EXISTS `patientrx_lines`;

CREATE TABLE `patientrx_lines` (
  `PatientRx_Line_ID` int(10) unsigned NOT NULL AUTO_INCREMENT COMMENT 'primary key',
  `patientRx_ID` int(11) NOT NULL,
  `Product_ID` int(11) NOT NULL,
  `PurchasePrice` decimal(10,0) NOT NULL DEFAULT '0',
  `Quantity_Sold` varchar(20) COLLATE utf8_unicode_ci NOT NULL,
  `Sale_Price` decimal(10,0) NOT NULL DEFAULT '0',
  `PatRx_Line_Total` decimal(10,0) NOT NULL DEFAULT '0',
  `Sale_Date` datetime NOT NULL,
  `Quantity_Returned` int(11) NOT NULL DEFAULT '0',
  `Returned_Date` datetime DEFAULT NULL,
  `Line_total_price` decimal(10,0) NOT NULL DEFAULT '0',
  `DateUpdated` timestamp NOT NULL DEFAULT '0000-00-00 00:00:00',
  PRIMARY KEY (`PatientRx_Line_ID`)
) ENGINE=InnoDB AUTO_INCREMENT=525 DEFAULT CHARSET=utf8 COLLATE=utf8_unicode_ci;

/*Data for the table `patientrx_lines` */

insert  into `patientrx_lines`(`PatientRx_Line_ID`,`patientRx_ID`,`Product_ID`,`PurchasePrice`,`Quantity_Sold`,`Sale_Price`,`PatRx_Line_Total`,`Sale_Date`,`Quantity_Returned`,`Returned_Date`,`Line_total_price`,`DateUpdated`) values (198,99,11,'20','20','20','400','2015-11-12 10:14:09',0,NULL,'0','0000-00-00 00:00:00'),(199,99,12,'20','20','30','600','2015-11-12 10:14:09',0,NULL,'0','0000-00-00 00:00:00'),(200,99,13,'10','20','25','500','2015-11-12 10:14:09',0,NULL,'0','0000-00-00 00:00:00'),(211,105,11,'20','20','20','400','2015-11-12 10:25:11',0,NULL,'0','0000-00-00 00:00:00'),(212,105,12,'20','5','30','150','2015-11-12 10:25:11',0,NULL,'0','0000-00-00 00:00:00'),(221,110,11,'20','20','20','400','2015-11-12 10:34:54',0,'2015-12-14 09:46:37','440','0000-00-00 00:00:00'),(222,110,12,'20','2','30','60','2015-11-12 10:34:54',0,'2015-12-14 09:46:37','60','0000-00-00 00:00:00'),(223,111,12,'20','1','30','30','2015-11-13 08:14:08',1,'2015-12-14 10:16:53','0','0000-00-00 00:00:00'),(224,111,13,'10','10','25','250','2015-11-13 08:14:08',8,'2015-12-14 10:16:53','50','0000-00-00 00:00:00'),(225,111,24,'560','60','650','39000','2015-11-13 08:14:08',10,'2015-12-14 10:16:53','32500','0000-00-00 00:00:00'),(226,111,11,'20','20','20','400','2015-11-13 08:14:08',10,'2015-12-14 10:16:53','220','0000-00-00 00:00:00'),(227,112,11,'20','1','20','20','2015-11-13 08:21:40',0,NULL,'0','0000-00-00 00:00:00'),(228,113,12,'20','1','30','30','2015-11-13 08:24:01',0,NULL,'0','0000-00-00 00:00:00'),(229,114,12,'20','1','30','30','2015-11-13 08:37:56',0,NULL,'0','0000-00-00 00:00:00'),(230,115,13,'10','10','25','250','2015-11-13 08:59:09',0,NULL,'0','0000-00-00 00:00:00'),(231,115,14,'50','10','80','800','2015-11-13 08:59:09',0,NULL,'0','0000-00-00 00:00:00'),(232,115,21,'30','10','30','300','2015-11-13 08:59:09',0,NULL,'0','0000-00-00 00:00:00'),(233,116,11,'20','5','20','100','2015-11-14 07:18:04',0,NULL,'0','0000-00-00 00:00:00'),(234,116,13,'10','2','25','50','2015-11-14 07:18:04',0,NULL,'0','0000-00-00 00:00:00'),(235,116,15,'200','4','30','120','2015-11-14 07:18:04',0,NULL,'0','0000-00-00 00:00:00'),(236,117,11,'20','50','20','1000','2015-11-17 08:06:18',0,NULL,'0','0000-00-00 00:00:00'),(237,117,13,'10','10','25','250','2015-11-17 08:06:18',0,NULL,'0','0000-00-00 00:00:00'),(238,117,14,'50','10','80','800','2015-11-17 08:06:18',0,NULL,'0','0000-00-00 00:00:00'),(239,117,15,'200','90','30','2700','2015-11-17 08:06:18',0,NULL,'0','0000-00-00 00:00:00'),(240,117,21,'30','50','30','1500','2015-11-17 08:06:18',0,NULL,'0','0000-00-00 00:00:00'),(241,118,11,'20','10','20','200','2015-11-17 08:17:31',0,NULL,'0','0000-00-00 00:00:00'),(242,119,11,'20','5','20','100','2015-11-20 06:33:30',0,NULL,'0','0000-00-00 00:00:00'),(243,120,11,'20','10','20','200','2015-11-20 06:44:00',0,NULL,'0','0000-00-00 00:00:00'),(244,120,15,'200','5','30','150','2015-11-20 06:44:00',0,NULL,'0','0000-00-00 00:00:00'),(245,120,21,'30','5','30','150','2015-11-20 06:44:00',0,NULL,'0','0000-00-00 00:00:00'),(246,121,21,'30','2','30','60','2015-11-20 05:44:23',0,NULL,'0','0000-00-00 00:00:00'),(249,123,13,'10','2','25','50','2015-11-23 12:48:48',0,NULL,'0','0000-00-00 00:00:00'),(250,123,21,'30','30','30','900','2015-11-23 12:48:48',0,NULL,'0','0000-00-00 00:00:00'),(251,123,24,'560','1','650','650','2015-11-23 12:48:48',0,NULL,'0','0000-00-00 00:00:00'),(252,124,11,'20','1','20','20','2015-11-25 12:53:09',0,NULL,'0','0000-00-00 00:00:00'),(253,124,13,'10','1','25','25','2015-11-25 12:53:09',0,NULL,'0','0000-00-00 00:00:00'),(254,124,15,'200','1','30','30','2015-11-25 12:53:09',0,NULL,'0','0000-00-00 00:00:00'),(255,124,24,'560','5','650','3250','2015-11-25 12:53:09',0,NULL,'0','0000-00-00 00:00:00'),(256,125,11,'20','10','22','220','2015-12-02 12:00:36',5,'2015-12-02 16:52:22','110','0000-00-00 00:00:00'),(257,125,14,'50','10','80','800','2015-12-02 12:00:36',5,'2015-12-02 16:52:22','400','0000-00-00 00:00:00'),(258,125,22,'1000','1','1000','1000','2015-12-02 12:00:36',1,'2015-12-02 16:52:22','0','0000-00-00 00:00:00'),(259,125,24,'560','1','650','650','2015-12-02 12:00:36',1,'2015-12-02 16:52:22','0','0000-00-00 00:00:00'),(260,126,12,'20','10','30','300','2015-12-02 12:37:48',10,'2015-12-02 16:58:16','0','0000-00-00 00:00:00'),(261,126,11,'20','10','22','220','2015-12-02 12:37:48',10,'2015-12-02 16:58:16','0','0000-00-00 00:00:00'),(262,127,22,'1000','19','1000','19000','2015-12-02 14:37:00',10,'2015-12-02 16:58:51','9000','0000-00-00 00:00:00'),(263,128,15,'20','10','30','300','2015-12-02 15:03:55',0,NULL,'0','0000-00-00 00:00:00'),(264,129,11,'20','10','22','220','2015-12-03 10:27:51',0,NULL,'0','0000-00-00 00:00:00'),(265,129,12,'20','10','30','300','2015-12-03 10:27:51',0,NULL,'0','0000-00-00 00:00:00'),(266,130,12,'20','20','30','600','2015-12-03 10:40:34',10,'2015-12-03 10:44:09','300','0000-00-00 00:00:00'),(267,130,13,'10','20','25','500','2015-12-03 10:40:34',10,'2015-12-03 10:44:09','250','0000-00-00 00:00:00'),(268,131,11,'20','10','22','220','2015-12-04 11:19:40',0,NULL,'0','0000-00-00 00:00:00'),(269,131,12,'20','10','30','300','2015-12-04 11:19:40',0,NULL,'0','0000-00-00 00:00:00'),(270,132,12,'20','20','30','600','2015-12-04 12:00:47',10,'2015-12-04 12:20:03','300','0000-00-00 00:00:00'),(271,132,13,'10','20','25','500','2015-12-04 12:00:47',10,'2015-12-04 12:20:03','250','0000-00-00 00:00:00'),(272,132,14,'50','20','80','1600','2015-12-04 12:00:47',10,'2015-12-04 12:20:03','800','0000-00-00 00:00:00'),(273,133,12,'20','10','30','300','2015-12-04 14:47:48',0,NULL,'0','0000-00-00 00:00:00'),(274,133,13,'10','10','25','250','2015-12-04 14:47:48',0,NULL,'0','0000-00-00 00:00:00'),(275,133,14,'50','10','80','800','2015-12-04 14:47:48',0,NULL,'0','0000-00-00 00:00:00'),(276,134,12,'20','20','30','600','2015-12-04 14:49:46',0,NULL,'0','0000-00-00 00:00:00'),(277,134,13,'10','20','25','500','2015-12-04 14:49:46',0,NULL,'0','0000-00-00 00:00:00'),(278,134,15,'200','20','30','600','2015-12-04 14:49:46',0,NULL,'0','0000-00-00 00:00:00'),(279,134,14,'50','20','80','1600','2015-12-04 14:49:46',0,NULL,'0','0000-00-00 00:00:00'),(280,134,21,'30','20','30','600','2015-12-04 14:49:46',0,NULL,'0','0000-00-00 00:00:00'),(281,135,11,'20','1','22','22','2015-12-05 10:53:35',1,'2015-12-14 15:41:11','0','0000-00-00 00:00:00'),(282,135,12,'20','1','30','30','2015-12-05 10:53:35',1,'2015-12-14 15:41:11','0','0000-00-00 00:00:00'),(283,136,11,'20','5','22','110','2015-12-05 11:18:09',0,NULL,'0','0000-00-00 00:00:00'),(284,137,13,'10','20','25','500','2015-12-07 10:16:20',0,NULL,'0','0000-00-00 00:00:00'),(285,137,12,'20','20','30','600','2015-12-07 10:16:20',0,NULL,'0','0000-00-00 00:00:00'),(286,137,14,'50','40','80','3200','2015-12-07 10:16:20',0,NULL,'0','0000-00-00 00:00:00'),(293,141,15,'200','10','30','300','2015-12-08 12:17:01',0,NULL,'0','0000-00-00 00:00:00'),(294,141,14,'50','10','80','800','2015-12-08 12:17:01',0,NULL,'0','0000-00-00 00:00:00'),(295,142,11,'20','10','22','220','2015-12-08 12:29:29',0,NULL,'0','0000-00-00 00:00:00'),(296,142,14,'50','5','80','400','2015-12-08 12:29:29',0,NULL,'0','0000-00-00 00:00:00'),(297,143,14,'50','2','80','160','2015-12-08 12:54:08',0,NULL,'0','0000-00-00 00:00:00'),(298,144,13,'10','2','25','50','2015-12-08 13:02:59',0,NULL,'0','0000-00-00 00:00:00'),(301,147,12,'20','2','30','60','2015-12-09 14:31:20',1,'2015-12-09 14:39:16','30','0000-00-00 00:00:00'),(307,152,15,'200','1','300','300','2015-12-09 15:16:14',1,'2015-12-09 15:21:26','300','0000-00-00 00:00:00'),(308,153,15,'200','2','300','600','2015-12-12 12:08:29',0,NULL,'0','0000-00-00 00:00:00'),(309,154,12,'20','43','30','1290','2015-12-12 16:00:16',0,NULL,'0','0000-00-00 00:00:00'),(310,154,13,'10','43','25','1075','2015-12-12 16:00:16',0,NULL,'0','0000-00-00 00:00:00'),(311,155,12,'20','12','30','360','2015-12-12 16:00:44',10,'2015-12-14 15:41:50','60','0000-00-00 00:00:00'),(312,155,14,'50','12','80','960','2015-12-12 16:00:44',10,'2015-12-14 15:41:50','160','0000-00-00 00:00:00'),(313,155,21,'30','12','35','420','2015-12-12 16:00:44',10,'2015-12-14 15:41:50','70','0000-00-00 00:00:00'),(314,156,12,'20','545','30','16350','2015-12-12 16:03:14',0,NULL,'0','0000-00-00 00:00:00'),(315,156,14,'50','545','80','43600','2015-12-12 16:03:14',0,NULL,'0','0000-00-00 00:00:00'),(316,157,15,'200','2','300','600','2015-12-14 14:41:00',0,NULL,'0','0000-00-00 00:00:00'),(317,157,21,'30','2','35','70','2015-12-14 14:41:00',0,NULL,'0','0000-00-00 00:00:00'),(320,159,11,'204','10','22','220','2015-12-14 14:59:47',0,NULL,'0','0000-00-00 00:00:00'),(321,159,13,'10','10','25','250','2015-12-14 14:59:47',0,NULL,'0','0000-00-00 00:00:00'),(322,159,21,'30','10','35','350','2015-12-14 14:59:47',0,NULL,'0','0000-00-00 00:00:00'),(323,160,15,'200','10','300','3000','2015-12-14 15:00:36',0,NULL,'0','0000-00-00 00:00:00'),(324,160,13,'10','10','25','250','2015-12-14 15:00:36',0,NULL,'0','0000-00-00 00:00:00'),(325,161,14,'50','20','80','1600','2015-12-14 15:01:05',0,NULL,'0','0000-00-00 00:00:00'),(326,161,13,'10','20','25','500','2015-12-14 15:01:05',0,NULL,'0','0000-00-00 00:00:00'),(327,161,21,'30','20','35','700','2015-12-14 15:01:05',0,NULL,'0','0000-00-00 00:00:00'),(328,162,14,'50','44','80','3520','2015-12-14 15:01:35',0,NULL,'0','0000-00-00 00:00:00'),(329,163,12,'20','40','30','1200','2015-12-14 15:04:30',0,NULL,'0','0000-00-00 00:00:00'),(330,163,14,'50','40','80','3200','2015-12-14 15:04:30',0,NULL,'0','0000-00-00 00:00:00'),(331,163,15,'200','40','300','12000','2015-12-14 15:04:30',0,NULL,'0','0000-00-00 00:00:00'),(332,164,11,'204','20','22','440','2015-12-14 15:22:17',0,NULL,'0','0000-00-00 00:00:00'),(333,164,14,'50','20','80','1600','2015-12-14 15:22:17',0,NULL,'0','0000-00-00 00:00:00'),(334,165,12,'20','2','30','60','2015-12-15 11:26:33',0,NULL,'0','0000-00-00 00:00:00'),(335,165,15,'200','2','300','600','2015-12-15 11:26:33',0,NULL,'0','0000-00-00 00:00:00'),(336,166,12,'20','2','30','60','2015-12-15 11:28:17',0,NULL,'0','0000-00-00 00:00:00'),(337,166,13,'10','2','25','50','2015-12-15 11:28:17',0,NULL,'0','0000-00-00 00:00:00'),(338,166,21,'30','2','35','70','2015-12-15 11:28:17',0,NULL,'0','0000-00-00 00:00:00'),(339,167,12,'20','20','30','600','2015-12-15 11:31:45',0,NULL,'0','0000-00-00 00:00:00'),(340,167,14,'50','20','80','1600','2015-12-15 11:31:45',0,NULL,'0','0000-00-00 00:00:00'),(341,167,15,'200','20','300','6000','2015-12-15 11:31:45',0,NULL,'0','0000-00-00 00:00:00'),(342,168,11,'204','45','22','990','2015-12-15 12:00:57',0,NULL,'0','0000-00-00 00:00:00'),(343,168,13,'10','45','25','1125','2015-12-15 12:00:57',0,NULL,'0','0000-00-00 00:00:00'),(344,168,15,'200','45','300','13500','2015-12-15 12:00:57',0,NULL,'0','0000-00-00 00:00:00'),(345,169,12,'20','20','30','600','2015-12-15 12:31:02',0,NULL,'0','0000-00-00 00:00:00'),(346,169,13,'10','20','25','500','2015-12-15 12:31:02',0,NULL,'0','0000-00-00 00:00:00'),(347,169,11,'204','20','22','440','2015-12-15 12:31:02',0,NULL,'0','0000-00-00 00:00:00'),(348,170,11,'204','2','22','44','2015-12-15 12:31:47',0,NULL,'0','0000-00-00 00:00:00'),(349,170,14,'50','1','80','80','2015-12-15 12:31:47',0,NULL,'0','0000-00-00 00:00:00'),(350,171,11,'204','1','22','22','2015-12-15 12:33:47',0,NULL,'0','0000-00-00 00:00:00'),(351,171,13,'10','1','25','25','2015-12-15 12:33:47',0,NULL,'0','0000-00-00 00:00:00'),(352,172,15,'200','3','300','900','2015-12-15 14:44:05',0,NULL,'0','0000-00-00 00:00:00'),(353,172,13,'10','2','25','50','2015-12-15 14:44:05',0,NULL,'0','0000-00-00 00:00:00'),(354,172,12,'20','2','30','60','2015-12-15 14:44:05',0,NULL,'0','0000-00-00 00:00:00'),(355,172,21,'30','3','35','105','2015-12-15 14:44:05',0,NULL,'0','0000-00-00 00:00:00'),(356,173,11,'204','1','222','222','2015-12-15 15:16:08',0,'2015-12-15 15:17:10','222','0000-00-00 00:00:00'),(357,173,12,'20','4','30','120','2015-12-15 15:16:08',3,'2015-12-15 15:17:10','30','0000-00-00 00:00:00'),(358,174,13,'10','40','25','1000','2015-12-15 15:18:53',0,NULL,'0','0000-00-00 00:00:00'),(359,174,14,'50','10','80','800','2015-12-15 15:18:53',0,NULL,'0','0000-00-00 00:00:00'),(360,174,11,'204','10','222','2220','2015-12-15 15:18:53',0,NULL,'0','0000-00-00 00:00:00'),(361,175,13,'10','20','25','500','2015-12-15 15:20:47',10,'2015-12-15 15:39:11','250','0000-00-00 00:00:00'),(362,175,12,'20','20','30','600','2015-12-15 15:20:47',10,'2015-12-15 15:39:11','300','0000-00-00 00:00:00'),(363,175,14,'50','20','80','1600','2015-12-15 15:20:47',10,'2015-12-15 15:39:11','800','0000-00-00 00:00:00'),(364,175,22,'1000','10','1200','12000','2015-12-15 15:20:47',10,'2015-12-15 15:39:11','0','0000-00-00 00:00:00'),(365,176,11,'204','2','222','444','2015-12-16 15:50:01',1,'2015-12-16 15:52:37','222','0000-00-00 00:00:00'),(366,176,13,'10','1','25','25','2015-12-16 15:50:01',0,'2015-12-16 15:52:37','25','0000-00-00 00:00:00'),(367,176,21,'30','1','35','35','2015-12-16 15:50:01',0,'2015-12-16 15:52:37','35','0000-00-00 00:00:00'),(368,177,12,'20','3','30','90','2015-12-16 16:52:24',2,'2015-12-16 16:54:09','30','0000-00-00 00:00:00'),(369,177,14,'50','1','80','80','2015-12-16 16:52:24',0,'2015-12-16 16:54:09','80','0000-00-00 00:00:00'),(370,178,12,'20','20','30','600','2015-12-17 12:46:00',0,NULL,'0','0000-00-00 00:00:00'),(371,178,13,'10','20','25','500','2015-12-17 12:46:00',0,NULL,'0','0000-00-00 00:00:00'),(372,178,14,'50','20','80','1600','2015-12-17 12:46:00',0,NULL,'0','0000-00-00 00:00:00'),(373,179,12,'20','110','30','3300','2015-12-17 12:48:02',0,NULL,'0','0000-00-00 00:00:00'),(374,179,11,'204','1600','222','355200','2015-12-17 12:48:02',0,NULL,'0','0000-00-00 00:00:00'),(375,180,11,'204','1','222','222','2015-12-17 12:48:42',0,NULL,'0','0000-00-00 00:00:00'),(376,180,12,'20','2','30','60','2015-12-17 12:48:42',0,NULL,'0','0000-00-00 00:00:00'),(377,181,31,'90','10','30','300','2015-12-17 12:58:57',0,NULL,'0','0000-00-00 00:00:00'),(378,181,32,'60','10','50','500','2015-12-17 12:58:57',0,NULL,'0','0000-00-00 00:00:00'),(379,182,31,'90','12','30','360','2015-12-17 13:00:32',0,NULL,'0','0000-00-00 00:00:00'),(380,182,32,'60','20','50','1000','2015-12-17 13:00:32',0,NULL,'0','0000-00-00 00:00:00'),(381,183,31,'90','10','30','300','2015-12-17 13:02:33',0,NULL,'0','0000-00-00 00:00:00'),(382,183,33,'600','10','89','890','2015-12-17 13:02:33',0,NULL,'0','0000-00-00 00:00:00'),(383,184,13,'10','10','25','250','2015-12-17 13:05:56',0,NULL,'0','0000-00-00 00:00:00'),(384,184,14,'50','10','80','800','2015-12-17 13:05:56',0,NULL,'0','0000-00-00 00:00:00'),(385,185,13,'10','1','25','25','2015-12-17 13:12:29',0,NULL,'0','0000-00-00 00:00:00'),(386,185,14,'50','2','80','160','2015-12-17 13:12:29',0,NULL,'0','0000-00-00 00:00:00'),(387,186,13,'10','1','25','25','2015-12-17 13:13:34',0,NULL,'0','0000-00-00 00:00:00'),(388,187,13,'10','1','25','25','2015-12-17 13:15:13',0,NULL,'0','0000-00-00 00:00:00'),(389,188,13,'10','1','25','25','2015-12-17 13:18:47',0,NULL,'0','0000-00-00 00:00:00'),(390,189,13,'10','1','25','25','2015-12-17 13:20:24',0,NULL,'0','0000-00-00 00:00:00'),(391,190,13,'10','1','25','25','2015-12-17 13:34:34',0,NULL,'0','0000-00-00 00:00:00'),(392,190,14,'50','2','80','160','2015-12-17 13:34:34',0,NULL,'0','0000-00-00 00:00:00'),(393,190,15,'200','1','300','300','2015-12-17 13:34:34',0,NULL,'0','0000-00-00 00:00:00'),(394,191,13,'10','1','25','25','2015-12-17 13:35:20',0,NULL,'0','0000-00-00 00:00:00'),(395,191,14,'50','2','80','160','2015-12-17 13:35:20',0,NULL,'0','0000-00-00 00:00:00'),(396,191,15,'200','1','300','300','2015-12-17 13:35:20',0,NULL,'0','0000-00-00 00:00:00'),(397,192,14,'50','1','80','80','2015-12-17 13:35:47',0,NULL,'0','0000-00-00 00:00:00'),(398,193,13,'10','2','25','50','2015-12-17 13:36:11',0,NULL,'0','0000-00-00 00:00:00'),(399,194,13,'10','1','25','25','2015-12-17 13:36:54',0,NULL,'0','0000-00-00 00:00:00'),(400,195,13,'10','1','25','25','2015-12-17 13:37:17',0,NULL,'0','0000-00-00 00:00:00'),(401,196,13,'10','1','25','25','2015-12-17 13:39:33',0,NULL,'0','0000-00-00 00:00:00'),(402,197,13,'10','1','25','25','2015-12-17 13:39:46',0,NULL,'0','0000-00-00 00:00:00'),(403,198,13,'10','1','25','25','2015-12-17 13:40:10',0,NULL,'0','0000-00-00 00:00:00'),(404,199,13,'10','1','25','25','2015-12-17 14:32:27',0,NULL,'0','0000-00-00 00:00:00'),(405,200,13,'10','1','25','25','2015-12-17 14:32:47',0,NULL,'0','0000-00-00 00:00:00'),(406,201,14,'50','1','80','80','2015-12-17 14:44:59',0,NULL,'0','0000-00-00 00:00:00'),(407,202,14,'50','1','80','80','2015-12-17 14:45:23',0,NULL,'0','0000-00-00 00:00:00'),(408,203,13,'10','1','25','25','2015-12-17 14:45:42',0,NULL,'0','0000-00-00 00:00:00'),(409,204,13,'10','1','25','25','2015-12-17 14:46:45',0,NULL,'0','0000-00-00 00:00:00'),(410,205,13,'10','1','25','25','2015-12-17 14:46:59',0,NULL,'0','0000-00-00 00:00:00'),(411,206,13,'10','1','25','25','2015-12-17 15:01:22',0,NULL,'0','0000-00-00 00:00:00'),(412,207,13,'10','1','25','25','2015-12-17 15:40:20',0,NULL,'0','0000-00-00 00:00:00'),(413,207,14,'50','2','80','160','2015-12-17 15:40:20',0,NULL,'0','0000-00-00 00:00:00'),(414,208,13,'10','1','25','25','2015-12-17 15:41:11',0,NULL,'0','0000-00-00 00:00:00'),(415,208,14,'50','2','80','160','2015-12-17 15:41:11',0,NULL,'0','0000-00-00 00:00:00'),(416,210,13,'10','1','25','25','2015-12-18 10:25:17',0,NULL,'0','0000-00-00 00:00:00'),(417,211,13,'10','1','25','25','2015-12-18 10:26:27',0,NULL,'0','0000-00-00 00:00:00'),(418,212,13,'10','2','25','50','2015-12-18 10:27:20',0,NULL,'0','0000-00-00 00:00:00'),(419,213,15,'200','1','300','300','2015-12-18 10:28:13',0,NULL,'0','0000-00-00 00:00:00'),(420,214,14,'50','1','80','80','2015-12-18 10:28:32',0,NULL,'0','0000-00-00 00:00:00'),(421,215,14,'50','1','80','80','2015-12-18 10:38:54',0,NULL,'0','0000-00-00 00:00:00'),(422,216,14,'50','1','80','80','2015-12-18 10:41:04',0,NULL,'0','0000-00-00 00:00:00'),(423,217,14,'50','1','80','80','2015-12-18 10:41:35',0,NULL,'0','0000-00-00 00:00:00'),(424,218,21,'30','2','35','70','2015-12-18 10:42:21',0,NULL,'0','0000-00-00 00:00:00'),(425,219,14,'50','1','80','80','2015-12-18 10:43:01',0,NULL,'0','0000-00-00 00:00:00'),(426,220,14,'50','1','80','80','2015-12-18 10:43:48',0,NULL,'0','0000-00-00 00:00:00'),(427,221,14,'50','1','80','80','2015-12-18 10:48:10',0,NULL,'0','0000-00-00 00:00:00'),(428,222,14,'50','1','80','80','2015-12-18 10:48:54',0,NULL,'0','0000-00-00 00:00:00'),(429,223,14,'50','2','80','160','2015-12-18 10:49:46',0,NULL,'0','0000-00-00 00:00:00'),(430,224,14,'50','1','80','80','2015-12-18 10:50:47',0,NULL,'0','0000-00-00 00:00:00'),(431,225,14,'50','1','80','80','2015-12-18 10:53:58',0,NULL,'0','0000-00-00 00:00:00'),(432,226,14,'50','1','80','80','2015-12-18 10:56:54',0,NULL,'0','0000-00-00 00:00:00'),(433,227,14,'50','1','80','80','2015-12-18 10:57:57',0,NULL,'0','0000-00-00 00:00:00'),(434,228,14,'50','1','80','80','2015-12-18 11:04:34',0,NULL,'0','0000-00-00 00:00:00'),(435,229,14,'50','2','80','160','2015-12-18 11:05:23',0,NULL,'0','0000-00-00 00:00:00'),(436,230,14,'50','3','80','240','2015-12-18 11:05:46',0,NULL,'0','0000-00-00 00:00:00'),(437,231,14,'50','2','80','160','2015-12-18 11:07:00',0,NULL,'0','0000-00-00 00:00:00'),(438,232,14,'50','2','80','160','2015-12-18 11:10:01',0,NULL,'0','0000-00-00 00:00:00'),(439,233,14,'50','1','80','80','2015-12-18 11:15:33',0,NULL,'0','0000-00-00 00:00:00'),(440,234,14,'50','1','80','80','2015-12-18 11:16:18',0,NULL,'0','0000-00-00 00:00:00'),(441,235,15,'200','2','300','600','2015-12-18 11:16:59',0,NULL,'0','0000-00-00 00:00:00'),(442,236,14,'50','1','80','80','2015-12-18 11:45:12',0,NULL,'0','0000-00-00 00:00:00'),(443,237,14,'50','1','80','80','2015-12-18 11:49:59',0,NULL,'0','0000-00-00 00:00:00'),(444,238,14,'50','1','80','80','2015-12-18 11:52:40',0,NULL,'0','0000-00-00 00:00:00'),(445,239,14,'50','2','80','160','2015-12-18 11:56:37',0,NULL,'0','0000-00-00 00:00:00'),(446,240,14,'50','1','80','80','2015-12-18 11:57:36',0,NULL,'0','0000-00-00 00:00:00'),(447,241,14,'50','2','80','160','2015-12-18 12:22:51',0,NULL,'0','0000-00-00 00:00:00'),(448,242,14,'50','1','80','80','2015-12-18 13:06:49',0,NULL,'0','0000-00-00 00:00:00'),(449,243,14,'50','2','80','160','2015-12-18 15:55:22',0,NULL,'0','0000-00-00 00:00:00'),(450,244,14,'50','2','80','160','2015-12-18 16:13:03',0,NULL,'0','0000-00-00 00:00:00'),(451,245,13,'10','10','25','250','2015-12-21 11:18:17',1,'2015-12-22 15:12:03','225','0000-00-00 00:00:00'),(452,245,15,'200','10','300','3000','2015-12-21 11:18:17',1,'2015-12-22 15:12:03','2700','0000-00-00 00:00:00'),(453,245,31,'90','10','30','300','2015-12-21 11:18:17',1,'2015-12-22 15:12:03','270','0000-00-00 00:00:00'),(454,246,21,'30','10','35','350','2015-12-21 11:41:09',0,NULL,'0','0000-00-00 00:00:00'),(455,246,15,'200','2','300','600','2015-12-21 11:41:09',0,NULL,'0','0000-00-00 00:00:00'),(456,247,15,'200','1','300','300','2015-12-21 12:02:53',0,NULL,'0','0000-00-00 00:00:00'),(457,247,13,'10','1','25','25','2015-12-21 12:02:53',0,NULL,'0','0000-00-00 00:00:00'),(458,248,15,'200','1','300','300','2015-12-21 12:02:53',0,NULL,'0','0000-00-00 00:00:00'),(459,248,13,'10','1','25','25','2015-12-21 12:02:53',0,NULL,'0','0000-00-00 00:00:00'),(460,249,15,'200','2','300','600','2015-12-21 12:03:51',0,NULL,'0','0000-00-00 00:00:00'),(461,250,13,'10','1','25','25','2015-12-21 12:06:36',0,NULL,'0','0000-00-00 00:00:00'),(462,250,15,'200','1','300','300','2015-12-21 12:06:36',0,NULL,'0','0000-00-00 00:00:00'),(463,251,15,'200','2','300','600','2015-12-21 12:07:33',0,NULL,'0','0000-00-00 00:00:00'),(464,252,15,'200','2','300','600','2015-12-21 12:18:43',0,NULL,'0','0000-00-00 00:00:00'),(465,253,13,'10','10','25','250','2015-12-21 12:19:57',5,'2015-12-21 12:31:13','125','0000-00-00 00:00:00'),(466,253,14,'50','10','80','800','2015-12-21 12:19:57',5,'2015-12-21 12:31:13','400','0000-00-00 00:00:00'),(467,253,15,'200','10','300','3000','2015-12-21 12:19:57',5,'2015-12-21 12:31:13','1500','0000-00-00 00:00:00'),(468,254,13,'10','10','25','250','2015-12-21 12:34:21',5,'2015-12-21 12:36:41','125','0000-00-00 00:00:00'),(469,254,15,'200','10','300','3000','2015-12-21 12:34:21',5,'2015-12-21 12:36:41','1500','0000-00-00 00:00:00'),(470,254,21,'30','10','35','350','2015-12-21 12:34:21',5,'2015-12-21 12:36:41','175','0000-00-00 00:00:00'),(471,255,13,'10','2','25','50','2015-12-21 14:54:06',0,NULL,'0','0000-00-00 00:00:00'),(472,255,15,'200','1','300','300','2015-12-21 14:54:06',0,NULL,'0','0000-00-00 00:00:00'),(473,256,15,'200','1','300','300','2015-12-21 15:56:48',0,NULL,'0','0000-00-00 00:00:00'),(474,257,15,'200','10','300','3000','2015-12-22 15:00:00',0,'2015-12-22 15:02:28','3000','0000-00-00 00:00:00'),(475,258,15,'200','2','300','600','2015-12-22 16:08:59',0,NULL,'0','0000-00-00 00:00:00'),(476,259,15,'200','2','300','600','2015-12-22 16:08:59',0,NULL,'0','0000-00-00 00:00:00'),(477,260,14,'50','2','80','160','2015-12-25 10:37:30',0,NULL,'0','0000-00-00 00:00:00'),(478,260,15,'200','6','300','1800','2015-12-25 10:37:30',0,NULL,'0','0000-00-00 00:00:00'),(479,260,29,'100','2','110','220','2015-12-25 10:37:30',0,NULL,'0','0000-00-00 00:00:00'),(480,260,33,'600','2','89','178','2015-12-25 10:37:30',0,NULL,'0','0000-00-00 00:00:00'),(481,261,13,'10','5','25','125','2015-12-25 10:52:55',0,NULL,'0','0000-00-00 00:00:00'),(482,262,15,'200','2','300','600','2015-12-25 12:17:30',0,NULL,'0','0000-00-00 00:00:00'),(483,262,29,'100','2','110','220','2015-12-25 12:17:30',0,NULL,'0','0000-00-00 00:00:00'),(484,263,13,'10','2','25','50','2015-12-26 11:32:29',0,NULL,'0','0000-00-00 00:00:00'),(485,263,15,'200','2','300','600','2015-12-26 11:32:29',0,NULL,'0','0000-00-00 00:00:00'),(486,263,33,'600','2','89','178','2015-12-26 11:32:29',0,NULL,'0','0000-00-00 00:00:00'),(487,264,13,'10','5','25','125','2015-12-26 11:33:27',0,NULL,'0','0000-00-00 00:00:00'),(488,264,15,'200','3','300','900','2015-12-26 11:33:27',0,NULL,'0','0000-00-00 00:00:00'),(489,265,29,'100','2','110','220','2015-12-26 11:34:10',0,NULL,'0','0000-00-00 00:00:00'),(490,265,32,'60','2','50','100','2015-12-26 11:34:10',0,NULL,'0','0000-00-00 00:00:00'),(491,266,33,'600','4','89','356','2015-12-26 11:49:07',0,NULL,'0','0000-00-00 00:00:00'),(492,267,14,'50','5','80','400','2015-12-29 15:45:57',0,NULL,'0','0000-00-00 00:00:00'),(493,267,15,'200','5','300','1500','2015-12-29 15:45:57',0,NULL,'0','0000-00-00 00:00:00'),(494,267,21,'30','5','35','175','2015-12-29 15:45:57',0,NULL,'0','0000-00-00 00:00:00'),(495,268,13,'10','1','25','25','2015-12-29 15:53:17',0,NULL,'0','0000-00-00 00:00:00'),(496,268,14,'50','1','80','80','2015-12-29 15:53:17',0,NULL,'0','0000-00-00 00:00:00'),(497,268,15,'200','1','300','300','2015-12-29 15:53:17',0,NULL,'0','0000-00-00 00:00:00'),(498,269,21,'30','5','35','175','2015-12-29 15:53:40',0,NULL,'0','0000-00-00 00:00:00'),(499,270,13,'10','1','25','25','2015-12-29 15:58:44',0,NULL,'0','0000-00-00 00:00:00'),(500,270,14,'50','1','80','80','2015-12-29 15:58:44',0,NULL,'0','0000-00-00 00:00:00'),(501,270,15,'200','1','300','300','2015-12-29 15:58:44',0,NULL,'0','0000-00-00 00:00:00'),(502,271,33,'600','5','89','445','2015-12-30 14:34:28',0,NULL,'0','0000-00-00 00:00:00'),(503,272,21,'30','10','35','350','2015-12-30 15:05:43',10,'2015-12-30 15:08:41','0','0000-00-00 00:00:00'),(504,272,13,'10','10','25','250','2015-12-30 15:05:43',10,'2015-12-30 15:08:41','0','0000-00-00 00:00:00'),(505,273,11,'204','5','222','1110','2015-12-30 15:06:39',0,NULL,'0','0000-00-00 00:00:00'),(506,273,13,'10','10','25','250','2015-12-30 15:06:39',0,NULL,'0','0000-00-00 00:00:00'),(507,273,14,'50','10','80','800','2015-12-30 15:06:39',0,NULL,'0','0000-00-00 00:00:00'),(508,274,11,'204','10','222','2220','2015-12-30 15:11:30',0,NULL,'0','0000-00-00 00:00:00'),(509,274,13,'10','10','25','250','2015-12-30 15:11:30',0,NULL,'0','0000-00-00 00:00:00'),(510,275,13,'10','10','25','250','2015-12-30 15:13:28',0,NULL,'0','0000-00-00 00:00:00'),(511,275,14,'50','10','80','800','2015-12-30 15:13:28',0,NULL,'0','0000-00-00 00:00:00'),(512,275,15,'200','10','300','3000','2015-12-30 15:13:28',0,NULL,'0','0000-00-00 00:00:00'),(513,276,13,'10','20','25','500','2015-12-30 15:55:16',0,NULL,'0','0000-00-00 00:00:00'),(514,277,13,'10','10','25','250','2015-12-30 15:55:58',0,NULL,'0','0000-00-00 00:00:00'),(515,277,14,'50','10','80','800','2015-12-30 15:55:58',0,NULL,'0','0000-00-00 00:00:00'),(516,278,14,'50','10','80','800','2015-12-30 15:58:44',0,NULL,'0','0000-00-00 00:00:00'),(517,278,15,'200','10','300','3000','2015-12-30 15:58:44',0,NULL,'0','0000-00-00 00:00:00'),(518,279,13,'10','10','25','250','2015-12-30 16:03:11',0,NULL,'0','0000-00-00 00:00:00'),(519,279,15,'200','10','300','3000','2015-12-30 16:03:11',0,NULL,'0','0000-00-00 00:00:00'),(520,280,14,'50','10','80','800','2015-12-30 16:05:49',0,NULL,'0','0000-00-00 00:00:00'),(521,280,15,'200','10','300','3000','2015-12-30 16:05:49',0,NULL,'0','0000-00-00 00:00:00'),(522,281,14,'50','10','80','800','2015-12-30 16:32:26',0,NULL,'0','0000-00-00 00:00:00'),(523,282,15,'200','10','300','3000','2015-12-30 16:46:37',0,NULL,'0','0000-00-00 00:00:00'),(524,282,14,'50','10','80','800','2015-12-30 16:46:37',0,NULL,'0','0000-00-00 00:00:00');

/*Table structure for table `product_re_order_status` */

DROP TABLE IF EXISTS `product_re_order_status`;

CREATE TABLE `product_re_order_status` (
  `ReorderID` int(10) unsigned NOT NULL AUTO_INCREMENT,
  `Product_ID` int(11) NOT NULL,
  `Ordered_Quantity` int(11) NOT NULL,
  `Date_Ordered` datetime DEFAULT NULL,
  `Supplier_ID` int(11) NOT NULL,
  PRIMARY KEY (`ReorderID`)
) ENGINE=InnoDB DEFAULT CHARSET=utf8 COLLATE=utf8_unicode_ci;

/*Data for the table `product_re_order_status` */

/*Table structure for table `sys_menus` */

DROP TABLE IF EXISTS `sys_menus`;

CREATE TABLE `sys_menus` (
  `MenuID` int(5) unsigned NOT NULL AUTO_INCREMENT,
  `ParentID` int(5) unsigned NOT NULL DEFAULT '0',
  `Title` varchar(30) COLLATE utf8_bin NOT NULL COMMENT 'Tile That will be Displayed in Menu',
  `Icon` varchar(100) COLLATE utf8_bin NOT NULL,
  `CI_Path` varchar(80) COLLATE utf8_bin DEFAULT NULL,
  PRIMARY KEY (`MenuID`)
) ENGINE=InnoDB AUTO_INCREMENT=2 DEFAULT CHARSET=utf8 COLLATE=utf8_bin;

/*Data for the table `sys_menus` */

insert  into `sys_menus`(`MenuID`,`ParentID`,`Title`,`Icon`,`CI_Path`) values (1,0,'Dashboard','fa-dashboard','admin/dashboard');

/*Table structure for table `sys_settings` */

DROP TABLE IF EXISTS `sys_settings`;

CREATE TABLE `sys_settings` (
  `ID` int(3) NOT NULL AUTO_INCREMENT,
  `Type` varchar(80) COLLATE utf8_bin NOT NULL,
  `Value` text COLLATE utf8_bin,
  PRIMARY KEY (`ID`)
) ENGINE=InnoDB AUTO_INCREMENT=10 DEFAULT CHARSET=utf8 COLLATE=utf8_bin;

/*Data for the table `sys_settings` */

insert  into `sys_settings`(`ID`,`Type`,`Value`) values (1,'SiteName','Savvys'),(2,'RefNoStart',NULL),(3,'RefNoDigits',NULL),(4,'DefaultCurrencyID','2'),(5,'HospitalFullName','Hospital'),(6,'HospitalAddress','Deanz Plaza, Peshawar, Pakistan'),(7,'HospitalPhone1','(091) 22160xx-xx'),(8,'HospitalSupportEmail','support@mhs.com.pk'),(9,'VatTax','25');

/*Table structure for table `um_groups_menus` */

DROP TABLE IF EXISTS `um_groups_menus`;

CREATE TABLE `um_groups_menus` (
  `ID` int(10) unsigned NOT NULL AUTO_INCREMENT,
  `GroupID` int(8) DEFAULT NULL,
  `MenuID` int(5) DEFAULT NULL,
  PRIMARY KEY (`ID`)
) ENGINE=InnoDB DEFAULT CHARSET=utf8 COLLATE=utf8_bin COMMENT='um = user management\r\ndisplay menus according to groups';

/*Data for the table `um_groups_menus` */

/*Table structure for table `um_users` */

DROP TABLE IF EXISTS `um_users`;

CREATE TABLE `um_users` (
  `UserID` int(8) unsigned NOT NULL AUTO_INCREMENT,
  `GroupID` int(3) unsigned NOT NULL,
  `Username` varchar(20) NOT NULL,
  `Email` varchar(60) NOT NULL,
  `Password` varchar(100) NOT NULL,
  `IsActive` tinyint(1) NOT NULL DEFAULT '1',
  `DateCreated` timestamp NOT NULL DEFAULT CURRENT_TIMESTAMP ON UPDATE CURRENT_TIMESTAMP,
  `DateUpdated` timestamp NOT NULL DEFAULT '0000-00-00 00:00:00',
  `CreatedBy` int(8) NOT NULL,
  `UpdatedBy` int(8) DEFAULT NULL,
  PRIMARY KEY (`UserID`),
  UNIQUE KEY `UNIQUE_Email` (`Email`),
  UNIQUE KEY `UNIQUE_Username` (`Username`)
) ENGINE=InnoDB AUTO_INCREMENT=17 DEFAULT CHARSET=utf8;

/*Data for the table `um_users` */

insert  into `um_users`(`UserID`,`GroupID`,`Username`,`Email`,`Password`,`IsActive`,`DateCreated`,`DateUpdated`,`CreatedBy`,`UpdatedBy`) values (1,1,'admin','admin@gmail.com','admin',1,'2015-09-23 16:39:22','2015-09-23 13:39:27',1,1),(3,2,'habib','malikhabibahmad101@gmail.com','ahmad',0,'2015-11-03 16:23:29','0000-00-00 00:00:00',1,NULL),(4,1,'haider','haider@gmail.com','admin',1,'2015-11-06 15:07:49','0000-00-00 00:00:00',1,NULL),(5,1,'ali admin','nicethathal@yahoo.com','admin',0,'2015-12-02 16:31:50','0000-00-00 00:00:00',1,NULL),(6,1,'walayat','walayat@gmail.com','khan',1,'2015-11-13 16:37:11','0000-00-00 00:00:00',1,NULL),(7,2,'test','pakistanihaider@gmail.com','admin',1,'2015-12-11 11:46:28','0000-00-00 00:00:00',1,NULL),(14,3,'new','lab@gmail.com','admin',1,'2015-12-14 12:45:19','2015-12-14 12:45:20',1,14),(15,4,'parmacy','pharmacy@gmail.com','admin',0,'2015-12-12 14:17:27','0000-00-00 00:00:00',1,NULL),(16,4,'pharmacist','pharmacist@gmail.com','admin',1,'2015-12-12 14:18:08','0000-00-00 00:00:00',1,NULL);

/*Table structure for table `um_users_groups` */

DROP TABLE IF EXISTS `um_users_groups`;

CREATE TABLE `um_users_groups` (
  `GroupID` int(3) unsigned NOT NULL AUTO_INCREMENT,
  `Name` varchar(40) COLLATE utf8_bin NOT NULL,
  `Description` text COLLATE utf8_bin,
  `IsActive` tinyint(1) unsigned NOT NULL DEFAULT '1',
  `DateCreated` datetime NOT NULL,
  `DateUpdated` datetime DEFAULT NULL,
  `CreatedBy` int(8) NOT NULL,
  `UpdatedBy` int(8) DEFAULT NULL,
  PRIMARY KEY (`GroupID`)
) ENGINE=InnoDB AUTO_INCREMENT=7 DEFAULT CHARSET=utf8 COLLATE=utf8_bin;

/*Data for the table `um_users_groups` */

insert  into `um_users_groups`(`GroupID`,`Name`,`Description`,`IsActive`,`DateCreated`,`DateUpdated`,`CreatedBy`,`UpdatedBy`) values (1,'Administrator','Top Owner',1,'2015-09-18 14:32:47',NULL,1,NULL),(2,'Accountant','Accountant',1,'2015-09-18 17:08:54',NULL,1,NULL),(3,'Lab Technician','Laboratory Guy',1,'2015-12-11 14:20:52',NULL,1,NULL),(4,'Pharmacy','this is pharmacy',1,'2015-12-11 23:33:01',NULL,1,NULL),(5,'Doctor',NULL,1,'2016-01-27 10:29:08',NULL,1,NULL),(6,'Nurse',NULL,1,'2016-01-27 10:29:20',NULL,1,NULL);

/*!40101 SET SQL_MODE=@OLD_SQL_MODE */;
/*!40014 SET FOREIGN_KEY_CHECKS=@OLD_FOREIGN_KEY_CHECKS */;
/*!40014 SET UNIQUE_CHECKS=@OLD_UNIQUE_CHECKS */;
/*!40111 SET SQL_NOTES=@OLD_SQL_NOTES */;

SET FOREIGN_KEY_CHECKS=1;